date,close,compression_score,current_5d_range_pct,baseline_5d_range_pct,compression_ratio,compression_valid,compression_quality_flag,activity_score,relative_turnover,relative_volume,relative_transaction_count,participation_score,relative_avg_trade_value,relative_top5_net_buy_share,flow_support_score,foreign_net_to_turnover,core_metrics_above_1_20x,compression_gate_pass,activity_gate_pass,core_activity_gate_pass,spot_hit,symbol,state,investigation_active,persistence_hits,persistence_window,persistence_score,diagnostic_evidence_score,evidence_confidence,peer_group,market_eligible_count,market_activity_median,market_activity_p75,market_activity_gate_count,market_activity_breadth,market_spot_hit_count,market_spot_hit_breadth,market_activity_percentile,peer_count,peer_activity_median,peer_activity_breadth,peer_activity_percentile,peer_context_quality,market_distinctiveness,peer_distinctiveness,context_specificity_score_raw,context_applicable,context_specificity_score,context_scope,supporting_session_v2,lifecycle_state_v2,investigation_active_v2,investigation_id,investigation_opened_at,investigation_age_sessions,hard_hits_total_in_episode,support_sessions_total_in_episode,support_sessions_in_last_5,hard_hits_in_last_5,unsupported_streak,persistence_score_v2,diagnostic_evidence_score_v3,evidence_confidence_v3,close_reason
2026-06-12,2280.0,24.67,10.2222,10.2222,1.0,True,,0.0,0.5844,0.5832,0.8645,0.0,0.6027,0.6969,44.97,-0.0201,0,False,False,False,False,ADRO,NO_INVESTIGATION,False,0,5,0.0,10.66,,energy,27,7.79,25.415,4,0.14814814814814814,0,0.0,0.4074074074074074,2,39.095,0.5,0.5,GOOD,0.34705075445816186,0.25,30.82304526748971,False,,NO_ACTIVITY_CONTEXT,False,NO_INVESTIGATION,False,,,0,0,0,0,0,0,0.0,10.66,,
2026-06-15,2320.0,34.47,9.6491,10.2222,0.9439,True,,0.82,0.6494,0.6382,1.0254,0.0,0.5723,0.4347,23.24,-0.114,0,False,False,False,False,ADRO,NO_INVESTIGATION,False,0,5,0.0,11.19,,energy,27,42.94,64.585,13,0.48148148148148145,0,0.0,0.18518518518518517,2,41.905,0.5,0.0,GOOD,0.09602194787379974,0.0,5.761316872427984,False,,NO_ACTIVITY_CONTEXT,False,NO_INVESTIGATION,False,,,0,0,0,0,0,0,0.0,11.19,,
2026-06-17,2330.0,81.7,6.5217,10.2222,0.638,True,,0.0,0.4112,0.3966,0.5907,0.0,0.6529,0.8601,72.25,0.115,0,True,False,False,False,ADRO,NO_INVESTIGATION,False,0,5,0.0,27.65,,energy,27,0.0,18.119999999999997,4,0.14814814814814814,0,0.0,0.5185185185185185,2,2.35,0.0,0.5,GOOD,0.44170096021947874,0.5,46.50205761316872,False,,NO_ACTIVITY_CONTEXT,False,NO_INVESTIGATION,False,,,0,0,0,0,0,0,0.0,27.65,,
2026-06-18,2260.0,100.0,4.386,10.2222,0.4291,True,,0.0,0.3928,0.3867,0.644,0.0,0.6389,0.4279,3.44,-0.2725,0,True,False,False,False,ADRO,NO_INVESTIGATION,False,0,5,0.0,25.34,,energy,27,0.0,2.745,1,0.037037037037037035,0,0.0,0.7037037037037037,2,0.0,0.0,1.0,GOOD,0.6776406035665296,1.0,80.65843621399178,False,,NO_ACTIVITY_CONTEXT,False,NO_INVESTIGATION,False,,,0,0,0,0,0,0,0.0,25.34,,
2026-06-19,2220.0,90.48,5.7018,10.2222,0.5578,True,,69.42,2.7758,2.7991,0.6365,90.8,4.5673,1.8437,38.86,-0.0446,2,True,True,True,True,ADRO,EMERGING,True,1,5,20.0,64.95,64.95,energy,27,66.7,70.0,17,0.6296296296296297,6,0.2222222222222222,0.5555555555555556,2,0.985,0.0,1.0,GOOD,0.205761316872428,1.0,52.345679012345684,True,52.345679012345684,MIXED_CONTEXT,True,EMERGING,True,ADRO-20260619-01,2026-06-19,1,1,1,1,1,0,20.0,64.95,64.95,
2026-06-22,2290.0,85.88,5.6769,10.2222,0.5553,True,,0.0,0.5165,0.5094,0.7022,2.05,0.808,1.05,86.35,0.209,0,True,False,False,False,ADRO,WEAKENING,True,1,5,20.0,34.41,34.41,energy,27,0.0,14.54,1,0.037037037037037035,0,0.0,0.6296296296296297,2,18.385,0.0,0.5,GOOD,0.6063100137174212,0.5,56.37860082304527,False,,NO_ACTIVITY_CONTEXT,False,WEAKENING,True,ADRO-20260619-01,2026-06-19,2,1,1,1,1,1,20.0,34.41,34.41,
2026-06-23,2290.0,84.58,5.6769,10.2222,0.5553,True,,0.0,0.3596,0.3566,0.5681,0.0,0.7181,0.6319,11.51,-0.2079,0,True,False,False,False,ADRO,WEAKENING,True,1,5,20.0,26.3,26.3,energy,27,0.0,0.0,1,0.037037037037037035,0,0.0,0.8148148148148148,2,0.0,0.0,1.0,GOOD,0.7846364883401921,1.0,87.07818930041152,False,,NO_ACTIVITY_CONTEXT,False,CLOSED,False,ADRO-20260619-01,2026-06-19,3,1,1,1,1,2,20.0,26.3,,TWO_UNSUPPORTED_SESSIONS
2026-06-24,2250.0,92.82,4.8673,9.9357,0.4899,True,,0.0,0.4521,0.4485,0.5126,19.9,1.0435,1.4157,0.0,-0.3458,0,True,False,False,False,ADRO,WEAKENING,True,1,5,20.0,30.19,30.19,energy,27,0.0,10.780000000000001,1,0.037037037037037035,0,0.0,0.6296296296296297,2,0.0,0.0,1.0,GOOD,0.6063100137174212,1.0,76.37860082304528,False,,NO_ACTIVITY_CONTEXT,False,NO_INVESTIGATION,False,,,0,0,0,0,0,0,0.0,26.19,,
2026-06-25,2290.0,91.14,4.8035,9.3898,0.5116,True,,7.01,0.6591,0.6398,1.2177,0.0,0.6019,0.9623,22.4,-0.1208,1,True,False,False,False,ADRO,WEAKENING,True,1,5,20.0,31.13,31.13,energy,27,0.0,12.219999999999999,5,0.18518518518518517,1,0.037037037037037035,0.7407407407407407,2,1.145,0.0,1.0,GOOD,0.6035665294924555,1.0,76.21399176954733,True,76.21399176954733,STOCK_SPECIFIC_ACTIVITY,True,NO_INVESTIGATION,False,,,0,0,0,0,0,0,0.0,27.13,,
2026-06-26,2250.0,85.28,4.8035,8.8063,0.5455,True,,0.0,0.5353,0.5285,0.6409,12.94,0.8892,1.3114,0.0,-0.7415,0,True,False,False,False,ADRO,NO_INVESTIGATION,False,0,5,0.0,23.26,,energy,27,0.0,0.0,1,0.037037037037037035,0,0.0,0.8148148148148148,2,0.0,0.0,1.0,GOOD,0.7846364883401921,1.0,87.07818930041152,False,,NO_ACTIVITY_CONTEXT,False,NO_INVESTIGATION,False,,,0,0,0,0,0,0,0.0,23.26,,
2026-06-29,2280.0,86.6,3.9474,7.7193,0.5114,True,,0.0,0.2597,0.2616,0.3767,8.65,0.7973,1.2051,42.73,-0.0291,0,True,False,False,False,ADRO,NO_INVESTIGATION,False,0,5,0.0,27.22,,energy,27,0.0,0.0,1,0.037037037037037035,0,0.0,0.9629629629629629,2,35.305,0.5,0.5,GOOD,0.9272976680384087,0.25,65.63786008230453,False,,NO_ACTIVITY_CONTEXT,False,NO_INVESTIGATION,False,,,0,0,0,0,0,0,0.0,27.22,,
2026-06-30,2260.0,77.69,3.9823,6.7391,0.5909,True,,0.0,0.8122,0.8323,0.6289,48.3,1.4036,1.3476,4.12,-0.2671,0,True,False,False,False,ADRO,NO_INVESTIGATION,False,0,5,0.0,27.08,,energy,27,0.0,25.9,2,0.07407407407407407,0,0.0,0.5925925925925926,2,31.77,0.5,0.5,GOOD,0.5486968449931413,0.25,42.921810699588484,False,,NO_ACTIVITY_CONTEXT,False,NO_INVESTIGATION,False,,,0,0,0,0,0,0,0.0,27.08,,
2026-07-01,2260.0,76.25,3.9823,6.7391,0.5909,True,,0.0,0.3891,0.3946,0.5447,0.0,0.7929,0.8683,47.21,-0.0111,0,True,False,False,False,ADRO,NO_INVESTIGATION,False,0,5,0.0,23.78,,energy,27,0.0,0.0,1,0.037037037037037035,0,0.0,0.8518518518518519,2,0.0,0.0,1.0,GOOD,0.8203017832647462,1.0,89.21810699588477,False,,NO_ACTIVITY_CONTEXT,False,NO_INVESTIGATION,False,,,0,0,0,0,0,0,0.0,23.78,,
2026-07-02,2280.0,78.19,3.5398,6.1117,0.5792,True,,0.0,0.5618,0.5582,0.8539,3.64,0.7369,1.0873,37.47,-0.0501,0,True,False,False,False,ADRO,NO_INVESTIGATION,False,0,5,0.0,23.84,,energy,27,0.0,0.0,1,0.037037037037037035,0,0.0,0.8888888888888888,2,0.0,0.0,1.0,GOOD,0.8559670781893004,1.0,91.35802469135803,False,,NO_ACTIVITY_CONTEXT,False,NO_INVESTIGATION,False,,,0,0,0,0,0,0,0.0,23.84,,
2026-07-03,2300.0,75.13,3.5088,5.6893,0.6167,True,,0.0,0.4218,0.4169,0.6141,8.29,0.8038,1.1896,70.25,0.1017,0,True,False,False,False,ADRO,NO_INVESTIGATION,False,0,5,0.0,27.05,,energy,27,0.0,0.0,1,0.037037037037037035,0,0.0,0.7777777777777778,2,0.0,0.0,1.0,GOOD,0.7489711934156379,1.0,84.93827160493828,False,,NO_ACTIVITY_CONTEXT,False,NO_INVESTIGATION,False,,,0,0,0,0,0,0,0.0,27.05,,
2026-07-06,2300.0,65.94,3.9474,5.6769,0.6953,True,,0.0,0.6016,0.5944,0.7701,0.0,0.9148,0.6248,70.68,0.1045,0,True,False,False,False,ADRO,NO_INVESTIGATION,False,0,5,0.0,23.55,,energy,27,0.0,0.0,0,0.0,0,0.0,0.8148148148148148,2,0.0,0.0,1.0,GOOD,0.8148148148148148,1.0,88.88888888888889,False,,NO_ACTIVITY_CONTEXT,False,NO_INVESTIGATION,False,,,0,0,0,0,0,0,0.0,23.55,,
2026-07-07,2350.0,38.53,4.7826,5.2721,0.9072,True,,35.58,1.4919,1.468,1.0281,67.43,1.6134,1.3826,100.0,0.4317,2,False,False,True,False,ADRO,NO_INVESTIGATION,False,0,5,0.0,40.42,,energy,27,0.0,6.77,1,0.037037037037037035,1,0.037037037037037035,0.9629629629629629,2,0.0,0.0,1.0,GOOD,0.9272976680384087,1.0,95.63786008230453,True,95.63786008230453,STOCK_SPECIFIC_ACTIVITY,False,NO_INVESTIGATION,False,,,0,0,0,0,0,0,0.0,40.42,,
2026-07-08,2300.0,55.43,3.913,4.8354,0.8093,True,,0.0,0.7499,0.7398,0.9647,0.0,0.8643,0.9701,16.82,-0.1654,0,True,False,False,False,ADRO,NO_INVESTIGATION,False,0,5,0.0,15.54,,energy,27,0.0,0.02,0,0.0,0,0.0,0.7407407407407407,2,0.02,0.0,0.5,GOOD,0.7407407407407407,0.5,64.44444444444444,False,,NO_ACTIVITY_CONTEXT,False,NO_INVESTIGATION,False,,,0,0,0,0,0,0,0.0,15.54,,
2026-07-09,2290.0,66.82,3.4783,4.8035,0.7241,True,,0.0,0.8574,0.854,0.7518,33.25,1.2326,1.2543,0.0,-0.3825,0,True,False,False,False,ADRO,NO_INVESTIGATION,False,0,5,0.0,21.69,,energy,27,0.0,0.0,0,0.0,0,0.0,0.8148148148148148,2,19.47,0.0,0.5,GOOD,0.8148148148148148,0.5,68.88888888888889,False,,NO_ACTIVITY_CONTEXT,False,NO_INVESTIGATION,False,,,0,0,0,0,0,0,0.0,21.69,,
2026-07-10,2390.0,11.74,5.2174,4.7931,1.0885,True,,31.22,1.2829,1.2469,1.2827,23.03,1.0974,1.3523,100.0,0.5739,3,False,False,True,False,ADRO,NO_INVESTIGATION,False,0,5,0.0,25.76,,energy,27,0.0,0.0,0,0.0,0,0.0,0.9629629629629629,2,23.615,0.0,0.5,GOOD,0.9629629629629629,0.5,77.77777777777777,True,77.77777777777777,STOCK_SPECIFIC_ACTIVITY,False,NO_INVESTIGATION,False,,,0,0,0,0,0,0,0.0,25.76,,
2026-07-13,2450.0,0.0,7.6596,4.7931,1.5981,True,,94.86,2.1475,2.0504,2.014,10.96,1.1363,0.6862,24.83,-0.1014,3,False,True,True,False,ADRO,NO_INVESTIGATION,False,0,5,0.0,32.58,,energy,27,0.0,0.0,2,0.07407407407407407,0,0.0,1.0,2,31.075,0.5,1.0,GOOD,0.9259259259259259,0.5,75.55555555555556,True,75.55555555555556,STOCK_SPECIFIC_ACTIVITY,False,NO_INVESTIGATION,False,,,0,0,0,0,0,0,0.0,32.58,,
2026-07-14,2480.0,0.0,8.7866,4.7931,1.8332,True,,82.13,1.9694,1.828,1.633,27.31,1.2852,1.0764,69.13,0.0957,3,False,True,True,False,ADRO,NO_INVESTIGATION,False,0,5,0.0,35.65,,energy,27,4.74,24.61,6,0.2222222222222222,0,0.0,0.9259259259259259,2,32.07,0.5,1.0,GOOD,0.720164609053498,0.5,63.20987654320989,True,63.20987654320989,MIXED_CONTEXT,False,NO_INVESTIGATION,False,,,0,0,0,0,0,0,0.0,35.65,,
2026-07-15,2480.0,0.0,9.7959,4.7931,2.0438,True,,25.85,1.2174,1.119,1.3182,0.0,0.9379,0.7944,45.34,-0.0187,2,False,False,True,False,ADRO,NO_INVESTIGATION,False,0,5,0.0,12.29,,energy,27,3.06,20.625,3,0.1111111111111111,2,0.07407407407407407,0.8148148148148148,2,0.725,0.0,1.0,GOOD,0.7242798353909464,1.0,83.4567901234568,True,83.4567901234568,STOCK_SPECIFIC_ACTIVITY,False,NO_INVESTIGATION,False,,,0,0,0,0,0,0,0.0,12.29,,
2026-07-16,2510.0,0.0,8.871,4.7931,1.8508,True,,41.4,1.5035,1.3659,1.2329,37.31,1.2679,1.3234,100.0,0.3912,3,False,False,True,False,ADRO,NO_INVESTIGATION,False,0,5,0.0,28.02,,energy,27,2.62,37.715,5,0.18518518518518517,2,0.07407407407407407,0.7777777777777778,2,7.125,0.0,1.0,GOOD,0.6337448559670783,1.0,78.0246913580247,True,78.0246913580247,STOCK_SPECIFIC_ACTIVITY,False,NO_INVESTIGATION,False,,,0,0,0,0,0,0,0.0,28.02,,
2026-07-17,2490.0,0.0,7.6613,4.8035,1.5949,True,,1.64,0.7919,0.7502,1.0491,0.0,0.8289,0.3265,16.04,-0.1717,0,False,False,False,False,ADRO,NO_INVESTIGATION,False,0,5,0.0,2.1,,energy,27,10.93,54.2,8,0.2962962962962963,2,0.07407407407407407,0.4074074074074074,2,45.9,0.0,0.0,GOOD,0.28669410150891633,0.0,17.20164609053498,False,,NO_ACTIVITY_CONTEXT,False,NO_INVESTIGATION,False,,,0,0,0,0,0,0,0.0,2.1,,
2026-07-20,2570.0,4.65,5.6225,4.8035,1.1705,True,,57.83,1.6085,1.427,1.5589,10.9,1.0727,1.1162,100.0,0.4009,3,False,True,True,False,ADRO,NO_INVESTIGATION,False,0,5,0.0,30.15,,energy,27,31.73,51.675,7,0.25925925925925924,2,0.07407407407407407,0.8888888888888888,2,42.379999999999995,0.0,1.0,GOOD,0.6584362139917694,1.0,79.50617283950616,True,79.50617283950616,STOCK_SPECIFIC_ACTIVITY,False,NO_INVESTIGATION,False,,,0,0,0,0,0,0,0.0,30.15,,
2026-07-21,2540.0,5.31,5.5777,4.8035,1.1612,True,,20.31,1.1372,1.0067,1.4141,0.0,0.8361,0.5168,20.81,-0.1335,1,False,False,False,False,ADRO,NO_INVESTIGATION,False,0,5,0.0,9.5,,energy,27,21.74,66.245,9,0.3333333333333333,5,0.18518518518518517,0.4444444444444444,2,48.480000000000004,0.5,0.0,GOOD,0.29629629629629634,0.0,17.77777777777778,True,17.77777777777778,PEER_CLUSTERED_ACTIVITY,False,NO_INVESTIGATION,False,,,0,0,0,0,0,0,0.0,9.5,,
2026-07-22,2580.0,0.96,5.9055,4.8035,1.2294,True,,14.54,1.2025,1.1248,1.0644,19.72,1.2257,1.0523,100.0,0.3111,1,False,False,False,False,ADRO,NO_INVESTIGATION,False,0,5,0.0,17.56,,energy,27,44.55,85.55000000000001,13,0.48148148148148145,3,0.1111111111111111,0.25925925925925924,2,32.66,0.5,0.5,GOOD,0.13443072702331962,0.25,18.06584362139918,True,18.06584362139918,PEER_CLUSTERED_ACTIVITY,False,NO_INVESTIGATION,False,,,0,0,0,0,0,0,0.0,17.56,,
2026-07-23,2540.0,53.74,3.937,4.8035,0.8196,True,,85.12,1.9561,1.927,1.8285,17.92,1.2335,0.514,52.05,0.0103,3,False,True,True,False,ADRO,NO_INVESTIGATION,False,0,5,0.0,46.86,,energy,27,50.68,81.85,14,0.5185185185185185,2,0.07407407407407407,0.8148148148148148,2,43.42,0.5,1.0,GOOD,0.39231824417009603,0.5,43.53909465020576,True,43.53909465020576,PEER_CLUSTERED_ACTIVITY,True,NO_INVESTIGATION,False,,,0,0,0,0,0,0,0.0,46.86,,
2026-07-24,2540.0,64.88,3.5433,4.7931,0.7393,True,,14.63,1.2071,1.1998,0.9759,28.13,1.3594,0.9371,86.05,0.207,1,True,False,False,False,ADRO,NO_INVESTIGATION,False,0,5,0.0,33.43,,energy,27,11.43,44.915,6,0.2222222222222222,1,0.037037037037037035,0.5555555555555556,2,19.5,0.0,0.5,GOOD,0.4320987654320988,0.5,45.925925925925924,True,45.925925925925924,MIXED_CONTEXT,True,NO_INVESTIGATION,False,,,0,0,0,0,0,0,0.0,33.43,,
2026-07-27,2520.0,40.73,3.937,4.3825,0.8984,True,,8.67,1.0414,1.0478,1.1653,6.83,1.0358,1.0913,18.38,-0.1529,0,False,False,False,False,ADRO,NO_INVESTIGATION,False,0,5,0.0,15.65,,energy,27,0.0,14.01,1,0.037037037037037035,0,0.0,0.6296296296296297,2,18.765,0.0,0.0,GOOD,0.6063100137174212,0.0,36.37860082304527,False,,NO_ACTIVITY_CONTEXT,False,NO_INVESTIGATION,False,,,0,0,0,0,0,0,0.0,15.65,,
2026-07-28,2460.0,5.21,5.1181,4.3825,1.1679,True,,3.44,0.8194,0.8336,1.0995,0.0,0.8479,0.5995,12.57,-0.1994,0,False,False,False,False,ADRO,NO_INVESTIGATION,False,0,5,0.0,3.59,,energy,27,0.0,4.82,1,0.037037037037037035,1,0.037037037037037035,0.7037037037037037,2,12.28,0.0,0.0,GOOD,0.6776406035665296,0.0,40.65843621399177,False,,NO_ACTIVITY_CONTEXT,False,NO_INVESTIGATION,False,,,0,0,0,0,0,0,0.0,3.59,,
2026-07-29,2450.0,0.0,7.9365,4.9504,1.6032,True,,32.76,1.1776,1.2222,1.4365,0.0,0.8821,0.9281,68.93,0.0946,2,False,False,True,False,ADRO,NO_INVESTIGATION,False,0,5,0.0,16.72,,energy,27,2.68,28.005,3,0.1111111111111111,1,0.037037037037037035,0.8148148148148148,2,6.245,0.0,1.0,GOOD,0.7242798353909464,1.0,83.4567901234568,True,83.4567901234568,STOCK_SPECIFIC_ACTIVITY,False,NO_INVESTIGATION,False,,,0,0,0,0,0,0,0.0,16.72,,
2026-07-30,2510.0,0.0,7.1713,5.1678,1.3877,True,,20.12,1.2172,1.2442,1.0708,18.32,1.1872,1.0915,0.0,-0.314,2,False,False,True,False,ADRO,NO_INVESTIGATION,False,0,5,0.0,8.78,,energy,27,0.45,16.86,2,0.07407407407407407,0,0.0,0.8518518518518519,2,0.0,0.0,1.0,GOOD,0.7887517146776406,1.0,87.32510288065843,True,87.32510288065843,STOCK_SPECIFIC_ACTIVITY,False,NO_INVESTIGATION,False,,,0,0,0,0,0,0,0.0,8.78,,
2026-07-31,2460.0,0.99,6.9106,5.3975,1.2803,True,,47.9,1.5649,1.5406,1.0663,48.97,1.4782,1.2107,18.14,-0.1549,2,False,False,True,False,ADRO,NO_INVESTIGATION,False,0,5,0.0,23.78,,energy,27,9.39,62.57,8,0.2962962962962963,3,0.1111111111111111,0.7037037037037037,2,43.015,0.5,0.5,GOOD,0.49519890260631005,0.25,39.711934156378604,True,39.711934156378604,PEER_CLUSTERED_ACTIVITY,False,NO_INVESTIGATION,False,,,0,0,0,0,0,0,0.0,23.78,,
2026-08-03,2470.0,32.78,5.2846,5.6001,0.9437,True,,0.0,0.5858,0.5831,0.7588,5.89,0.7875,1.1275,0.0,-0.3623,0,False,False,False,False,ADRO,NO_INVESTIGATION,False,0,5,0.0,9.08,,energy,27,13.11,61.47,9,0.3333333333333333,1,0.037037037037037035,0.37037037037037035,2,33.205,0.5,0.5,GOOD,0.2469135802469136,0.25,24.814814814814813,False,,NO_ACTIVITY_CONTEXT,False,NO_INVESTIGATION,False,,,0,0,0,0,0,0,0.0,9.08,,
2026-08-04,2520.0,13.28,6.0729,5.6001,1.0844,True,,10.55,1.1367,1.1148,0.9613,16.72,1.2062,0.7963,34.08,-0.0637,0,False,False,False,False,ADRO,NO_INVESTIGATION,False,0,5,0.0,12.4,,energy,27,10.55,26.145000000000003,5,0.18518518518518517,0,0.0,0.5185185185185185,2,0.0,0.0,1.0,GOOD,0.4224965706447188,1.0,65.34979423868312,False,,NO_ACTIVITY_CONTEXT,False,NO_INVESTIGATION,False,,,0,0,0,0,0,0,0.0,12.4,,
2026-08-05,2550.0,39.09,5.1793,5.764,0.8986,True,,0.0,0.8933,0.8677,0.8204,8.61,1.1107,0.9195,30.76,-0.077,0,False,False,False,False,ADRO,NO_INVESTIGATION,False,0,5,0.0,14.14,,energy,27,40.75,82.745,12,0.4444444444444444,1,0.037037037037037035,0.2222222222222222,2,17.545,0.0,0.5,GOOD,0.12345679012345678,0.5,27.40740740740741,False,,NO_ACTIVITY_CONTEXT,False,NO_INVESTIGATION,False,,,0,0,0,0,0,0,0.0,14.14,,
2026-08-06,2500.0,49.0,4.8,5.764,0.8328,True,,0.0,0.608,0.5954,0.7517,0.0,0.7984,0.7194,0.11,-0.2991,0,False,False,False,False,ADRO,NO_INVESTIGATION,False,0,5,0.0,12.26,,energy,27,18.02,56.93,10,0.37037037037037035,0,0.0,0.3333333333333333,2,0.0,0.0,1.0,GOOD,0.20987654320987653,1.0,52.59259259259259,False,,NO_ACTIVITY_CONTEXT,False,NO_INVESTIGATION,False,,,0,0,0,0,0,0,0.0,12.26,,
2026-08-07,2540.0,60.85,4.3651,5.764,0.7573,True,,0.0,0.485,0.4717,0.6021,0.0,0.8218,0.9769,72.24,0.1149,0,True,False,False,False,ADRO,NO_INVESTIGATION,False,0,5,0.0,22.44,,energy,27,0.0,28.735,4,0.14814814814814814,0,0.0,0.5185185185185185,2,0.0,0.0,1.0,GOOD,0.44170096021947874,1.0,66.50205761316872,False,,NO_ACTIVITY_CONTEXT,False,NO_INVESTIGATION,False,,,0,0,0,0,0,0,0.0,22.44,,
2026-08-10,2530.0,77.17,3.5573,5.764,0.6172,True,,0.0,0.6152,0.6123,0.7215,0.0,0.8873,0.8276,80.12,0.1674,0,True,False,False,False,ADRO,NO_INVESTIGATION,False,0,5,0.0,27.3,,energy,27,12.47,68.595,8,0.2962962962962963,3,0.1111111111111111,0.2962962962962963,2,1.08,0.0,0.5,GOOD,0.2085048010973937,0.5,32.510288065843625,False,,NO_ACTIVITY_CONTEXT,False,NO_INVESTIGATION,False,,,0,0,0,0,0,0,0.0,27.3,,
2026-08-11,2530.0,92.59,2.3715,5.6001,0.4235,True,,0.0,0.8043,0.8091,0.8591,6.4,0.953,1.1342,74.05,0.127,0,True,False,False,False,ADRO,NO_INVESTIGATION,False,0,5,0.0,31.51,,energy,27,2.88,13.344999999999999,2,0.07407407407407407,0,0.0,0.37037037037037035,2,1.385,0.0,0.5,GOOD,0.34293552812071326,0.5,40.5761316872428,False,,NO_ACTIVITY_CONTEXT,False,NO_INVESTIGATION,False,,,0,0,0,0,0,0,0.0,31.51,,
2026-08-12,2520.0,91.38,2.3715,5.4311,0.4367,True,,0.0,0.6373,0.6404,0.7052,0.0,0.9313,0.7944,0.0,-0.321,0,True,False,False,False,ADRO,NO_INVESTIGATION,False,0,5,0.0,22.84,,energy,27,0.0,9.42,1,0.037037037037037035,0,0.0,0.5185185185185185,2,2.4650000000000003,0.0,0.0,GOOD,0.4993141289437586,0.0,29.958847736625515,False,,NO_ACTIVITY_CONTEXT,False,NO_INVESTIGATION,False,,,0,0,0,0,0,0,0.0,22.84,,
2026-08-13,2470.0,69.43,3.5573,5.2319,0.6799,True,,1.31,0.7605,0.7846,1.0335,0.0,0.7966,0.9811,0.0,-0.332,0,True,False,False,False,ADRO,NO_INVESTIGATION,False,0,5,0.0,17.75,,energy,27,0.0,3.51,1,0.037037037037037035,0,0.0,0.6296296296296297,2,1.575,0.0,0.5,GOOD,0.6063100137174212,0.5,56.37860082304527,False,,NO_ACTIVITY_CONTEXT,False,NO_INVESTIGATION,False,,,0,0,0,0,0,0,0.0,17.75,,
2026-08-14,2530.0,68.54,3.5573,5.1487,0.6909,True,,0.0,0.6952,0.7053,0.638,30.05,1.1637,1.3426,63.29,0.0664,0,True,False,False,False,ADRO,NO_INVESTIGATION,False,0,5,0.0,27.97,,energy,27,0.0,1.06,2,0.07407407407407407,0,0.0,0.7037037037037037,2,0.15,0.0,0.5,GOOD,0.6515775034293553,0.5,59.094650205761326,False,,NO_ACTIVITY_CONTEXT,False,NO_INVESTIGATION,False,,,0,0,0,0,0,0,0.0,27.97,,
2026-08-18,2570.0,43.68,4.3478,4.9591,0.8767,True,,42.01,1.4681,1.4624,1.1906,44.59,1.2589,1.4627,74.87,0.1325,2,False,False,True,False,ADRO,NO_INVESTIGATION,False,0,5,0.0,37.7,,energy,27,2.79,22.799999999999997,4,0.14814814814814814,1,0.037037037037037035,0.8148148148148148,2,8.145,0.0,1.0,GOOD,0.6941015089163237,1.0,81.64609053497942,True,81.64609053497942,STOCK_SPECIFIC_ACTIVITY,True,NO_INVESTIGATION,False,,,0,0,0,0,0,0,0.0,37.7,,
2026-08-19,2560.0,19.73,4.7431,4.5825,1.035,True,,10.21,1.1428,1.1349,0.8589,32.92,1.3448,1.0891,65.04,0.0752,0,False,False,False,False,ADRO,NO_INVESTIGATION,False,0,5,0.0,19.44,,energy,27,0.0,27.994999999999997,6,0.2222222222222222,0,0.0,0.7037037037037037,2,0.0,0.0,1.0,GOOD,0.5473251028806585,1.0,72.83950617283952,False,,NO_ACTIVITY_CONTEXT,False,NO_INVESTIGATION,False,,,0,0,0,0,0,0,0.0,19.44,,
2026-08-20,2560.0,20.53,4.6875,4.5541,1.0293,True,,0.0,0.7234,0.7221,0.8103,0.45,0.9579,1.0088,0.0,-0.3245,0,False,False,False,False,ADRO,NO_INVESTIGATION,False,0,5,0.0,5.2,,energy,27,10.87,68.375,9,0.3333333333333333,1,0.037037037037037035,0.37037037037037035,2,2.83,0.0,0.5,GOOD,0.2469135802469136,0.5,34.81481481481482,False,,NO_ACTIVITY_CONTEXT,False,NO_INVESTIGATION,False,,,0,0,0,0,0,0,0.0,5.2,,
2026-08-21,2550.0,19.5,4.6875,4.5263,1.0356,True,,0.0,0.6482,0.6337,0.6864,0.0,0.9804,0.9584,50.0,0.0,0,False,False,False,False,ADRO,NO_INVESTIGATION,False,0,5,0.0,9.88,,energy,27,0.0,22.455,3,0.1111111111111111,1,0.037037037037037035,0.5185185185185185,2,0.0,0.0,1.0,GOOD,0.46090534979423864,1.0,67.65432098765432,False,,NO_ACTIVITY_CONTEXT,False,NO_INVESTIGATION,False,,,0,0,0,0,0,0,0.0,9.88,,
2026-08-24,2630.0,12.7,5.0781,4.6875,1.0833,True,,91.77,2.3592,2.2689,1.6217,41.78,1.4227,1.125,89.94,0.2329,3,False,True,True,False,ADRO,NO_INVESTIGATION,False,0,5,0.0,45.97,,energy,27,6.91,39.585,6,0.2222222222222222,0,0.0,0.9259259259259259,2,74.67,1.0,0.5,GOOD,0.720164609053498,0.0,43.20987654320988,True,43.20987654320988,PEER_CLUSTERED_ACTIVITY,False,NO_INVESTIGATION,False,,,0,0,0,0,0,0,0.0,45.97,,
2026-08-26,2610.0,25.69,4.6875,4.7153,0.9941,True,,88.9,2.2715,2.1653,1.5686,39.06,1.4068,1.1005,75.42,0.1361,3,False,True,True,False,ADRO,NO_INVESTIGATION,False,0,5,0.0,46.49,,energy,27,50.01,74.195,14,0.5185185185185185,1,0.037037037037037035,0.8888888888888888,2,88.17500000000001,1.0,0.5,GOOD,0.4279835390946502,0.0,25.67901234567901,True,25.67901234567901,MARKET_WIDE_ACTIVITY,False,NO_INVESTIGATION,False,,,0,0,0,0,0,0,0.0,46.49,,
2026-08-27,2700.0,0.0,7.6628,4.7153,1.6251,True,,99.11,3.0233,2.8271,1.9672,39.48,1.4931,0.6964,57.03,0.0352,3,False,True,True,False,ADRO,NO_INVESTIGATION,False,0,5,0.0,41.36,,energy,27,0.0,54.835,8,0.2962962962962963,2,0.07407407407407407,1.0,2,53.34,0.5,1.0,GOOD,0.7037037037037037,0.5,62.22222222222222,True,62.22222222222222,MIXED_CONTEXT,False,NO_INVESTIGATION,False,,,0,0,0,0,0,0,0.0,41.36,,
2026-08-28,2670.0,0.0,7.6046,4.7153,1.6127,True,,46.85,1.4128,1.3423,1.5484,0.0,0.9117,0.6462,13.37,-0.1931,3,False,False,True,False,ADRO,NO_INVESTIGATION,False,0,5,0.0,15.39,,energy,27,0.0,48.61,7,0.25925925925925924,2,0.07407407407407407,0.7407407407407407,2,98.74000000000001,1.0,0.0,GOOD,0.5486968449931412,0.0,32.92181069958847,True,32.92181069958847,PEER_CLUSTERED_ACTIVITY,False,NO_INVESTIGATION,False,,,0,0,0,0,0,0,0.0,15.39,,
2026-08-31,2840.0,0.0,10.8614,4.7153,2.3034,True,,100.0,4.5683,4.1402,3.099,36.42,1.4729,0.933,100.0,0.3363,3,False,True,True,False,ADRO,NO_INVESTIGATION,False,0,5,0.0,45.46,,energy,27,69.98,80.765,17,0.6296296296296297,4,0.14814814814814814,1.0,2,59.165,0.5,1.0,GOOD,0.37037037037037035,0.5,42.22222222222222,True,42.22222222222222,PEER_CLUSTERED_ACTIVITY,False,NO_INVESTIGATION,False,,,0,0,0,0,0,0,0.0,45.46,,
2026-09-01,2780.0,0.0,10.3704,4.7153,2.1993,True,,97.54,2.7091,2.4443,2.3111,12.19,1.1712,0.786,50.43,0.0022,3,False,True,True,False,ADRO,NO_INVESTIGATION,False,0,5,0.0,36.13,,energy,27,54.42,84.5,14,0.5185185185185185,2,0.07407407407407407,0.8518518518518519,2,88.82,1.0,0.5,GOOD,0.4101508916323731,0.0,24.609053497942384,True,24.609053497942384,MARKET_WIDE_ACTIVITY,False,NO_INVESTIGATION,False,,,0,0,0,0,0,0,0.0,36.13,,
2026-09-02,2650.0,0.0,10.3704,4.7153,2.1993,True,,100.0,5.3611,5.0805,4.5666,12.54,1.173,0.0,50.0,0.0,3,False,True,True,False,ADRO,NO_INVESTIGATION,False,0,5,0.0,36.88,,energy,27,17.97,62.275000000000006,8,0.2962962962962963,0,0.0,1.0,2,53.59,0.5,1.0,GOOD,0.7037037037037037,0.5,62.22222222222222,True,62.22222222222222,MIXED_CONTEXT,False,NO_INVESTIGATION,False,,,0,0,0,0,0,0,0.0,36.88,,
2026-09-03,2740.0,0.0,8.7591,4.7153,1.8576,True,,88.07,2.9576,2.7757,1.6406,61.19,1.7964,1.1678,100.0,0.4544,3,False,True,True,False,ADRO,NO_INVESTIGATION,False,0,5,0.0,45.6,,energy,27,32.28,69.175,9,0.3333333333333333,1,0.037037037037037035,0.8888888888888888,2,96.31,1.0,0.0,GOOD,0.5925925925925927,0.0,35.55555555555556,True,35.55555555555556,PEER_CLUSTERED_ACTIVITY,False,NO_INVESTIGATION,False,,,0,0,0,0,0,0,0.0,45.6,,
2026-09-04,2720.0,0.0,8.7591,4.7153,1.8576,True,,45.1,1.558,1.4605,1.3242,12.35,1.1724,0.8051,22.85,-0.1172,3,False,False,True,False,ADRO,NO_INVESTIGATION,False,0,5,0.0,17.67,,energy,27,0.0,24.19,5,0.18518518518518517,1,0.037037037037037035,0.8148148148148148,2,45.135,0.5,0.5,GOOD,0.663923182441701,0.25,49.83539094650206,True,49.83539094650206,PEER_CLUSTERED_ACTIVITY,False,NO_INVESTIGATION,False,,,0,0,0,0,0,0,0.0,17.67,,
2026-09-07,2700.0,0.0,8.8235,4.7153,1.8713,True,,10.04,1.0696,1.031,1.2102,0.0,0.8545,0.8349,7.45,-0.2404,1,False,False,False,False,ADRO,NO_INVESTIGATION,False,0,5,0.0,3.76,,energy,27,0.77,43.894999999999996,6,0.2222222222222222,2,0.07407407407407407,0.6296296296296297,2,51.515,0.5,0.5,GOOD,0.48971193415637865,0.25,39.382716049382715,True,39.382716049382715,PEER_CLUSTERED_ACTIVITY,False,NO_INVESTIGATION,False,,,0,0,0,0,0,0,0.0,3.76,,
2026-09-08,2690.0,6.76,5.5556,4.7153,1.1782,True,,12.31,1.0428,1.0472,1.3079,3.79,0.7439,1.0768,7.5,-0.24,1,False,False,False,False,ADRO,NO_INVESTIGATION,False,0,5,0.0,6.7,,energy,27,21.11,72.91999999999999,10,0.37037037037037035,1,0.037037037037037035,0.4444444444444444,2,52.489999999999995,0.5,0.5,GOOD,0.27983539094650206,0.25,26.790123456790127,True,26.790123456790127,PEER_CLUSTERED_ACTIVITY,False,NO_INVESTIGATION,False,,,0,0,0,0,0,0,0.0,6.7,,
2026-09-09,2690.0,57.29,3.7037,4.9106,0.7542,True,,56.23,2.0671,2.0536,0.9814,66.8,1.8941,1.2195,9.99,-0.2201,2,True,True,True,True,ADRO,EMERGING,True,1,5,20.0,46.21,46.21,energy,27,51.62,75.14,14,0.5185185185185185,4,0.14814814814814814,0.5925925925925926,2,49.185,0.5,0.5,GOOD,0.28532235939643347,0.25,27.11934156378601,True,27.11934156378601,MARKET_WIDE_ACTIVITY,True,EMERGING,True,ADRO-20260909-02,2026-09-09,1,1,1,1,1,0,20.0,46.21,46.21,
2026-09-10,2670.0,56.97,3.7175,4.9106,0.757,True,,0.0,0.6455,0.6252,0.673,0.0,0.8457,0.0,50.0,0.0,0,True,False,False,False,ADRO,WEAKENING,True,1,5,20.0,23.24,23.24,energy,27,23.38,67.435,12,0.4444444444444444,2,0.07407407407407407,0.2962962962962963,2,74.345,1.0,0.0,GOOD,0.1646090534979424,0.0,9.876543209876543,False,,NO_ACTIVITY_CONTEXT,False,WEAKENING,True,ADRO-20260909-02,2026-09-09,2,1,1,1,1,1,20.0,23.24,23.24,
2026-09-11,2640.0,38.04,4.461,4.9106,0.9084,True,,0.0,0.8107,0.7992,0.9175,9.32,0.7791,1.1935,0.0,-0.4782,0,False,False,False,False,ADRO,WEAKENING,True,1,5,20.0,14.91,14.91,energy,27,18.62,50.334999999999994,7,0.25925925925925924,0,0.0,0.2962962962962963,2,32.675,0.5,0.5,GOOD,0.21947873799725648,0.25,23.16872427983539,False,,NO_ACTIVITY_CONTEXT,False,CLOSED,False,ADRO-20260909-02,2026-09-09,3,1,1,1,1,2,20.0,14.91,,TWO_UNSUPPORTED_SESSIONS
2026-09-14,2620.0,7.96,5.618,4.9106,1.1441,True,,15.73,1.1319,1.1356,1.1996,0.0,0.8319,0.6698,0.0,-0.346,0,False,False,False,False,ADRO,WEAKENING,True,1,5,20.0,10.71,10.71,energy,27,26.07,74.15,11,0.4074074074074074,0,0.0,0.4074074074074074,2,45.135000000000005,0.0,0.0,GOOD,0.24142661179698213,0.0,14.485596707818926,False,,NO_ACTIVITY_CONTEXT,False,NO_INVESTIGATION,False,,,0,0,0,0,0,0,0.0,6.71,,
2026-09-15,2590.0,15.43,5.6818,5.3168,1.0686,True,,0.0,0.693,0.6856,0.783,0.44,0.8047,1.0094,10.69,-0.2145,0,False,False,False,False,ADRO,WEAKENING,True,1,5,20.0,8.99,8.99,energy,27,0.0,11.379999999999999,4,0.14814814814814814,0,0.0,0.5185185185185185,2,0.0,0.0,1.0,GOOD,0.44170096021947874,1.0,66.50205761316872,False,,NO_ACTIVITY_CONTEXT,False,NO_INVESTIGATION,False,,,0,0,0,0,0,0,0.0,4.99,,
2026-09-16,2600.0,21.3,5.7252,5.5868,1.0248,True,,27.06,1.3953,1.3664,0.9113,40.15,1.392,1.2116,1.39,-0.2889,2,False,False,True,False,ADRO,NO_INVESTIGATION,False,0,5,0.0,19.6,,energy,27,0.0,19.835,2,0.07407407407407407,0,0.0,0.8148148148148148,2,23.0,0.0,0.5,GOOD,0.7544581618655692,0.5,65.26748971193415,True,65.26748971193415,STOCK_SPECIFIC_ACTIVITY,False,NO_INVESTIGATION,False,,,0,0,0,0,0,0,0.0,19.6,,
2026-09-17,2670.0,52.3,4.5802,5.6499,0.8107,True,,4.92,1.0694,1.0687,0.7925,37.1,1.3168,1.2713,40.38,-0.0385,0,False,False,False,False,ADRO,NO_INVESTIGATION,False,0,5,0.0,24.15,,energy,27,0.0,8.625,3,0.1111111111111111,0,0.0,0.7407407407407407,2,63.94500000000001,0.5,0.0,GOOD,0.6584362139917694,0.0,39.50617283950616,False,,NO_ACTIVITY_CONTEXT,False,NO_INVESTIGATION,False,,,0,0,0,0,0,0,0.0,24.15,,
2026-09-18,2640.0,32.58,5.3435,5.6499,0.9458,True,,48.52,1.7552,1.7647,0.943,54.6,1.8987,0.7138,0.0,-0.3701,2,False,False,True,False,ADRO,NO_INVESTIGATION,False,0,5,0.0,30.89,,energy,27,48.09,72.95,12,0.4444444444444444,1,0.037037037037037035,0.5555555555555556,2,41.8,0.5,0.5,GOOD,0.308641975308642,0.25,28.51851851851852,True,28.51851851851852,PEER_CLUSTERED_ACTIVITY,False,NO_INVESTIGATION,False,,,0,0,0,0,0,0,0.0,30.89,,
2026-09-21,2620.0,32.58,5.3435,5.6499,0.9458,True,,0.0,0.6066,0.6109,0.5743,32.16,1.1434,1.4566,0.24,-0.2981,0,False,False,False,False,ADRO,NO_INVESTIGATION,False,0,5,0.0,12.99,,energy,27,0.0,3.005,2,0.07407407407407407,0,0.0,0.7037037037037037,2,0.0,0.0,1.0,GOOD,0.6515775034293553,1.0,79.09465020576133,False,,NO_ACTIVITY_CONTEXT,False,NO_INVESTIGATION,False,,,0,0,0,0,0,0,0.0,12.99,,
2026-09-22,2610.0,32.58,5.3435,5.6499,0.9458,True,,0.0,0.6838,0.6924,0.834,0.0,0.8295,0.9096,22.91,-0.1167,0,False,False,False,False,ADRO,NO_INVESTIGATION,False,0,5,0.0,10.44,,energy,27,2.89,15.330000000000002,4,0.14814814814814814,0,0.0,0.4074074074074074,2,8.255,0.0,0.5,GOOD,0.34705075445816186,0.5,40.82304526748971,False,,NO_ACTIVITY_CONTEXT,False,NO_INVESTIGATION,False,,,0,0,0,0,0,0,0.0,10.44,,
2026-09-23,2600.0,3.37,6.8702,5.6499,1.216,True,,30.95,1.2609,1.3107,1.285,0.82,1.0121,0.9814,0.0,-0.3219,3,False,False,True,False,ADRO,NO_INVESTIGATION,False,0,5,0.0,10.25,,energy,27,0.0,4.3549999999999995,2,0.07407407407407407,0,0.0,0.8888888888888888,2,0.8,0.0,1.0,GOOD,0.8230452674897119,1.0,89.38271604938271,True,89.38271604938271,STOCK_SPECIFIC_ACTIVITY,False,NO_INVESTIGATION,False,,,0,0,0,0,0,0,0.0,10.25,,
2026-09-24,2560.0,3.81,6.8966,5.7035,1.2092,True,,0.0,0.449,0.4687,0.6265,5.52,0.7457,1.1241,17.91,-0.1567,0,False,False,False,False,ADRO,NO_INVESTIGATION,False,0,5,0.0,3.57,,energy,27,0.0,0.0,2,0.07407407407407407,0,0.0,0.8148148148148148,2,0.0,0.0,1.0,GOOD,0.7544581618655692,1.0,85.26748971193415,False,,NO_ACTIVITY_CONTEXT,False,NO_INVESTIGATION,False,,,0,0,0,0,0,0,0.0,3.57,,
2026-09-25,2600.0,54.16,4.6154,5.7035,0.8092,True,,0.0,0.5046,0.5204,0.6138,21.8,0.8526,1.4699,75.79,0.1386,0,False,False,False,False,ADRO,NO_INVESTIGATION,False,0,5,0.0,24.39,,energy,27,0.0,0.0,1,0.037037037037037035,0,0.0,0.7777777777777778,2,0.0,0.0,1.0,GOOD,0.7489711934156379,1.0,84.93827160493828,False,,NO_ACTIVITY_CONTEXT,False,NO_INVESTIGATION,False,,,0,0,0,0,0,0,0.0,24.39,,
2026-09-28,2590.0,70.73,3.8462,5.6499,0.6807,True,,0.0,0.6253,0.6418,0.7757,0.0,0.8379,0.8525,61.75,0.0587,0,True,False,False,False,ADRO,NO_INVESTIGATION,False,0,5,0.0,23.86,,energy,27,0.0,4.0649999999999995,1,0.037037037037037035,0,0.0,0.5555555555555556,2,25.355,0.5,0.5,GOOD,0.5349794238683128,0.25,42.09876543209876,False,,NO_ACTIVITY_CONTEXT,False,NO_INVESTIGATION,False,,,0,0,0,0,0,0,0.0,23.86,,
2026-09-29,2470.0,0.0,8.1081,5.5868,1.4513,True,,95.05,2.3285,2.4801,2.5402,0.0,0.9216,0.6227,17.47,-0.1603,3,False,True,True,False,ADRO,NO_INVESTIGATION,False,0,5,0.0,30.26,,energy,27,13.22,41.695,3,0.1111111111111111,0,0.0,1.0,2,5.56,0.0,1.0,GOOD,0.8888888888888888,1.0,93.33333333333333,True,93.33333333333333,STOCK_SPECIFIC_ACTIVITY,False,NO_INVESTIGATION,False,,,0,0,0,0,0,0,0.0,30.26,,
2026-06-12,3450.0,92.73,16.6163,31.6339,0.5253,True,,10.47,1.0598,1.0375,1.1633,12.75,0.8798,1.2941,80.16,0.1677,0,True,False,False,False,AMMN,NO_INVESTIGATION,False,0,5,0.0,36.25,,basic_materials,27,7.79,25.415,4,0.14814814814814814,0,0.0,0.5925925925925926,6,0.0,0.16666666666666666,0.8333333333333334,GOOD,0.50480109739369,0.6944444444444445,58.06584362139918,False,,NO_ACTIVITY_CONTEXT,False,NO_INVESTIGATION,False,,,0,0,0,0,0,0,0.0,36.25,,
2026-06-15,3780.0,29.01,30.7918,31.6339,0.9734,True,,54.42,1.4783,1.2658,1.6631,0.0,0.8764,0.7685,29.2,-0.0832,3,False,True,True,False,AMMN,NO_INVESTIGATION,False,0,5,0.0,26.5,,basic_materials,27,42.94,64.585,13,0.48148148148148145,0,0.0,0.5925925925925926,6,38.629999999999995,0.3333333333333333,0.6666666666666666,GOOD,0.30727023319615915,0.4444444444444445,36.21399176954733,True,36.21399176954733,MIXED_CONTEXT,False,NO_INVESTIGATION,False,,,0,0,0,0,0,0,0.0,26.5,,
2026-06-17,3720.0,30.86,30.4348,31.6339,0.9621,True,,0.0,0.6334,0.5428,0.757,0.0,0.8052,0.9382,59.42,0.0471,0,False,False,False,False,AMMN,NO_INVESTIGATION,False,0,5,0.0,13.66,,basic_materials,27,0.0,18.119999999999997,4,0.14814814814814814,0,0.0,0.5185185185185185,6,0.0,0.3333333333333333,0.6666666666666666,GOOD,0.44170096021947874,0.4444444444444445,44.2798353909465,False,,NO_ACTIVITY_CONTEXT,False,NO_INVESTIGATION,False,,,0,0,0,0,0,0,0.0,13.66,,
2026-06-18,4000.0,40.0,28.2258,31.1688,0.9056,True,,0.0,0.6449,0.5385,0.498,55.42,1.2463,2.1435,100.0,0.4071,0,False,False,False,False,AMMN,NO_INVESTIGATION,False,0,5,0.0,28.31,,basic_materials,27,0.0,2.745,1,0.037037037037037035,0,0.0,0.7037037037037037,6,0.0,0.0,0.6666666666666666,GOOD,0.6776406035665296,0.6666666666666666,67.32510288065843,False,,NO_ACTIVITY_CONTEXT,False,NO_INVESTIGATION,False,,,0,0,0,0,0,0,0.0,28.31,,
2026-06-19,3820.0,55.93,24.8677,30.6133,0.8123,True,,64.8,2.2782,1.9308,0.9693,86.77,2.2224,1.6282,0.0,-0.556,2,True,True,True,True,AMMN,EMERGING,True,1,5,20.0,50.44,50.44,basic_materials,27,66.7,70.0,17,0.6296296296296297,6,0.2222222222222222,0.48148148148148145,6,14.885,0.3333333333333333,0.8333333333333334,GOOD,0.1783264746227709,0.5555555555555557,32.921810699588484,True,32.921810699588484,MARKET_WIDE_ACTIVITY,True,EMERGING,True,AMMN-20260619-01,2026-06-19,1,1,1,1,1,0,20.0,50.44,50.44,
2026-06-22,3760.0,100.0,11.3757,30.1721,0.377,True,,0.0,0.5507,0.4667,0.6296,0.0,0.846,0.9098,11.25,-0.21,0,True,False,False,False,AMMN,WEAKENING,True,1,5,20.0,30.12,30.12,basic_materials,27,0.0,14.54,1,0.037037037037037035,0,0.0,0.6296296296296297,6,0.0,0.0,0.6666666666666666,GOOD,0.6063100137174212,0.6666666666666666,63.04526748971193,False,,NO_ACTIVITY_CONTEXT,False,WEAKENING,True,AMMN-20260619-01,2026-06-19,2,1,1,1,1,1,20.0,30.12,30.12,
2026-06-23,3770.0,100.0,10.8753,29.4284,0.3696,True,,0.0,0.379,0.3411,0.6269,0.0,0.5948,0.5472,27.03,-0.0919,0,True,False,False,False,AMMN,WEAKENING,True,1,5,20.0,31.7,31.7,basic_materials,27,0.0,0.0,1,0.037037037037037035,0,0.0,0.8148148148148148,6,0.0,0.0,1.0,GOOD,0.7846364883401921,1.0,87.07818930041152,False,,NO_ACTIVITY_CONTEXT,False,CLOSED,False,AMMN-20260619-01,2026-06-19,3,1,1,1,1,2,20.0,31.7,,TWO_UNSUPPORTED_SESSIONS
2026-06-24,3460.0,98.17,14.8541,28.5866,0.5196,True,,0.0,0.5815,0.5438,0.8525,0.0,0.6711,0.8817,0.0,-0.3339,0,True,False,False,False,AMMN,WEAKENING,True,1,5,20.0,28.54,28.54,basic_materials,27,0.0,10.780000000000001,1,0.037037037037037035,0,0.0,0.6296296296296297,6,0.0,0.0,0.6666666666666666,GOOD,0.6063100137174212,0.6666666666666666,63.04526748971193,False,,NO_ACTIVITY_CONTEXT,False,NO_INVESTIGATION,False,,,0,0,0,0,0,0,0.0,24.54,,
2026-06-25,3430.0,76.14,17.8191,27.1354,0.6567,True,,0.0,0.565,0.5473,0.8439,0.0,0.7026,0.657,22.08,-0.1233,0,True,False,False,False,AMMN,WEAKENING,True,1,5,20.0,25.24,25.24,basic_materials,27,0.0,12.219999999999999,5,0.18518518518518517,1,0.037037037037037035,0.5185185185185185,6,0.0,0.0,0.6666666666666666,GOOD,0.4224965706447188,0.6666666666666666,52.016460905349795,False,,NO_ACTIVITY_CONTEXT,False,NO_INVESTIGATION,False,,,0,0,0,0,0,0,0.0,21.24,,
2026-06-26,3340.0,45.15,22.2543,25.687,0.8664,True,,0.0,0.5056,0.513,0.4946,17.58,1.1418,1.1704,75.16,0.1344,0,False,False,False,False,AMMN,NO_INVESTIGATION,False,0,5,0.0,21.44,,basic_materials,27,0.0,0.0,1,0.037037037037037035,0,0.0,0.8148148148148148,6,0.0,0.16666666666666666,0.8333333333333334,GOOD,0.7846364883401921,0.6944444444444445,74.85596707818931,False,,NO_ACTIVITY_CONTEXT,False,NO_INVESTIGATION,False,,,0,0,0,0,0,0,0.0,21.44,,
2026-06-29,3300.0,67.53,18.0758,25.687,0.7037,True,,0.0,0.2171,0.2209,0.3057,17.65,0.7607,1.3243,57.49,0.0375,0,True,False,False,False,AMMN,NO_INVESTIGATION,False,0,5,0.0,25.28,,basic_materials,27,0.0,0.0,1,0.037037037037037035,0,0.0,0.9629629629629629,6,0.0,0.0,1.0,GOOD,0.9272976680384087,1.0,95.63786008230453,False,,NO_ACTIVITY_CONTEXT,False,NO_INVESTIGATION,False,,,0,0,0,0,0,0,0.0,25.28,,
2026-06-30,3100.0,45.71,21.8563,25.4564,0.8586,True,,0.0,0.6907,0.7323,0.8525,7.52,0.8642,1.1636,76.56,0.1437,0,False,False,False,False,AMMN,NO_INVESTIGATION,False,0,5,0.0,20.21,,basic_materials,27,0.0,25.9,2,0.07407407407407407,0,0.0,0.5925925925925926,6,0.0,0.0,0.8333333333333334,GOOD,0.5486968449931413,0.8333333333333334,66.2551440329218,False,,NO_ACTIVITY_CONTEXT,False,NO_INVESTIGATION,False,,,0,0,0,0,0,0,0.0,20.21,,
2026-07-01,3210.0,75.34,14.8485,23.9142,0.6209,True,,0.0,0.3691,0.367,0.4703,34.87,0.7772,1.795,72.72,0.1181,0,True,False,False,False,AMMN,NO_INVESTIGATION,False,0,5,0.0,31.34,,basic_materials,27,0.0,0.0,1,0.037037037037037035,0,0.0,0.8518518518518519,6,0.0,0.16666666666666666,0.6666666666666666,GOOD,0.8203017832647462,0.5555555555555556,71.440329218107,False,,NO_ACTIVITY_CONTEXT,False,NO_INVESTIGATION,False,,,0,0,0,0,0,0,0.0,31.34,,
2026-07-02,3240.0,85.5,11.7284,22.6075,0.5188,True,,0.0,0.4382,0.4257,0.494,0.0,0.8091,0.8354,27.85,-0.0886,0,True,False,False,False,AMMN,NO_INVESTIGATION,False,0,5,0.0,24.16,,basic_materials,27,0.0,0.0,1,0.037037037037037035,0,0.0,0.8888888888888888,6,0.0,0.0,0.6666666666666666,GOOD,0.8559670781893004,0.6666666666666666,78.02469135802468,False,,NO_ACTIVITY_CONTEXT,False,NO_INVESTIGATION,False,,,0,0,0,0,0,0,0.0,24.16,,
2026-07-03,3500.0,69.76,14.5062,22.0553,0.6577,True,,0.0,0.6197,0.6329,0.5109,21.85,1.142,1.2416,54.02,0.0201,0,True,False,False,False,AMMN,NO_INVESTIGATION,False,0,5,0.0,26.12,,basic_materials,27,0.0,0.0,1,0.037037037037037035,0,0.0,0.7777777777777778,6,0.0,0.0,0.8333333333333334,GOOD,0.7489711934156379,0.8333333333333334,78.27160493827161,False,,NO_ACTIVITY_CONTEXT,False,NO_INVESTIGATION,False,,,0,0,0,0,0,0,0.0,26.12,,
2026-07-06,3450.0,58.08,16.0494,21.1105,0.7603,True,,0.0,0.5894,0.6289,0.7646,0.0,0.688,0.8112,0.0,-0.3709,0,True,False,False,False,AMMN,NO_INVESTIGATION,False,0,5,0.0,14.52,,basic_materials,27,0.0,0.0,0,0.0,0,0.0,0.8148148148148148,6,0.0,0.0,1.0,GOOD,0.8148148148148148,1.0,88.88888888888889,False,,NO_ACTIVITY_CONTEXT,False,NO_INVESTIGATION,False,,,0,0,0,0,0,0,0.0,14.52,,
2026-07-07,3560.0,48.13,16.2319,19.2203,0.8445,True,,0.0,0.5661,0.5731,0.5255,9.05,0.9795,1.196,76.65,0.1443,0,False,False,False,False,AMMN,NO_INVESTIGATION,False,0,5,0.0,21.05,,basic_materials,27,0.0,6.77,1,0.037037037037037035,1,0.037037037037037035,0.7037037037037037,6,0.0,0.0,1.0,GOOD,0.6776406035665296,1.0,80.65843621399178,False,,NO_ACTIVITY_CONTEXT,False,NO_INVESTIGATION,False,,,0,0,0,0,0,0,0.0,21.05,,
2026-07-08,3350.0,74.3,11.5942,17.9475,0.646,True,,0.0,0.7533,0.7721,0.7729,2.22,0.9837,1.0472,7.5,-0.24,0,True,False,False,False,AMMN,NO_INVESTIGATION,False,0,5,0.0,19.66,,basic_materials,27,0.0,0.02,0,0.0,0,0.0,0.7407407407407407,6,0.0,0.0,0.6666666666666666,GOOD,0.7407407407407407,0.6666666666666666,71.1111111111111,False,,NO_ACTIVITY_CONTEXT,False,NO_INVESTIGATION,False,,,0,0,0,0,0,0,0.0,19.66,,
2026-07-09,3450.0,90.19,8.1159,17.2177,0.4714,True,,0.0,0.5804,0.5925,0.7596,31.08,0.8613,1.7067,70.53,0.1035,0,True,False,False,False,AMMN,NO_INVESTIGATION,False,0,5,0.0,34.26,,basic_materials,27,0.0,0.0,0,0.0,0,0.0,0.8148148148148148,6,0.0,0.0,1.0,GOOD,0.8148148148148148,1.0,88.88888888888889,False,,NO_ACTIVITY_CONTEXT,False,NO_INVESTIGATION,False,,,0,0,0,0,0,0,0.0,34.26,,
2026-07-10,3510.0,89.27,8.1159,16.4241,0.4941,True,,0.0,0.5268,0.533,0.7605,0.0,0.767,0.8433,27.53,-0.0899,0,True,False,False,False,AMMN,NO_INVESTIGATION,False,0,5,0.0,25.07,,basic_materials,27,0.0,0.0,0,0.0,0,0.0,0.7777777777777778,6,0.0,0.0,0.8333333333333334,GOOD,0.7777777777777778,0.8333333333333334,80.0,False,,NO_ACTIVITY_CONTEXT,False,NO_INVESTIGATION,False,,,0,0,0,0,0,0,0.0,25.07,,
2026-07-13,3780.0,58.59,12.2507,16.1406,0.759,True,,0.0,0.7602,0.7307,0.6893,14.29,1.1533,1.0275,75.42,0.1361,0,True,False,False,False,AMMN,NO_INVESTIGATION,False,0,5,0.0,24.33,,basic_materials,27,0.0,0.0,2,0.07407407407407407,0,0.0,0.7777777777777778,6,0.0,0.0,0.8333333333333334,GOOD,0.720164609053498,0.8333333333333334,76.54320987654322,False,,NO_ACTIVITY_CONTEXT,False,NO_INVESTIGATION,False,,,0,0,0,0,0,0,0.0,24.33,,
2026-07-14,3660.0,44.44,13.3903,15.4517,0.8666,True,,25.56,1.3013,1.2025,1.1923,7.69,1.0931,0.729,12.17,-0.2027,2,False,False,True,False,AMMN,NO_INVESTIGATION,False,0,5,0.0,21.15,,basic_materials,27,4.74,24.61,6,0.2222222222222222,0,0.0,0.7777777777777778,6,41.129999999999995,0.5,0.5,GOOD,0.6049382716049383,0.25,46.296296296296305,True,46.296296296296305,PEER_CLUSTERED_ACTIVITY,True,NO_INVESTIGATION,False,,,0,0,0,0,0,0,0.0,21.15,,
2026-07-15,3760.0,25.67,14.7541,14.8513,0.9935,True,,18.81,1.2243,1.1183,1.1616,4.66,1.0554,0.9566,55.58,0.0279,1,False,False,False,False,AMMN,NO_INVESTIGATION,False,0,5,0.0,18.32,,basic_materials,27,3.06,20.625,3,0.1111111111111111,2,0.07407407407407407,0.7407407407407407,6,2.995,0.16666666666666666,0.6666666666666666,GOOD,0.6584362139917694,0.5555555555555556,61.72839506172839,True,61.72839506172839,MIXED_CONTEXT,False,NO_INVESTIGATION,False,,,0,0,0,0,0,0,0.0,18.32,,
2026-07-16,3920.0,34.83,13.8298,14.8013,0.9344,True,,65.48,1.6796,1.4798,1.6348,13.89,1.0289,1.2252,72.23,0.1149,3,False,True,True,False,AMMN,NO_INVESTIGATION,False,0,5,0.0,37.66,,basic_materials,27,2.62,37.715,5,0.18518518518518517,2,0.07407407407407407,0.9629629629629629,6,10.5,0.16666666666666666,1.0,GOOD,0.7846364883401921,0.8333333333333334,80.41152263374485,True,80.41152263374485,STOCK_SPECIFIC_ACTIVITY,False,NO_INVESTIGATION,False,,,0,0,0,0,0,0,0.0,37.66,,
2026-07-17,3940.0,48.17,12.4339,14.6301,0.8499,True,,0.0,0.9951,0.879,0.8611,13.82,1.0672,1.163,19.33,-0.1454,0,False,False,False,False,AMMN,NO_INVESTIGATION,False,0,5,0.0,16.05,,basic_materials,27,10.93,54.2,8,0.2962962962962963,2,0.07407407407407407,0.3333333333333333,6,0.0,0.0,0.6666666666666666,GOOD,0.2345679012345679,0.6666666666666666,40.74074074074074,False,,NO_ACTIVITY_CONTEXT,False,NO_INVESTIGATION,False,,,0,0,0,0,0,0,0.0,16.05,,
2026-07-20,4010.0,63.93,10.7143,14.168,0.7562,True,,31.73,1.3837,1.2769,1.1423,20.11,1.209,0.7984,41.1,-0.0356,2,True,False,True,False,AMMN,NO_INVESTIGATION,False,0,5,0.0,32.63,,basic_materials,27,31.73,51.675,7,0.25925925925925924,2,0.07407407407407407,0.5185185185185185,6,21.259999999999998,0.16666666666666666,0.6666666666666666,GOOD,0.38408779149519884,0.5555555555555556,45.26748971193415,True,45.26748971193415,MIXED_CONTEXT,True,NO_INVESTIGATION,False,,,0,0,0,0,0,0,0.0,32.63,,
2026-07-21,4290.0,0.0,18.5279,14.168,1.3077,True,,100.0,2.5698,2.239,2.639,0.0,0.972,0.8627,29.73,-0.0811,3,False,True,True,False,AMMN,NO_INVESTIGATION,False,0,5,0.0,32.97,,basic_materials,27,21.74,66.245,9,0.3333333333333333,5,0.18518518518518517,1.0,6,67.56,0.6666666666666666,1.0,GOOD,0.6666666666666667,0.33333333333333337,53.33333333333334,True,53.33333333333334,PEER_CLUSTERED_ACTIVITY,False,NO_INVESTIGATION,False,,,0,0,0,0,0,0,0.0,32.97,,
2026-07-22,4150.0,11.34,15.9601,14.6301,1.0909,True,,85.06,1.9948,1.6565,1.9374,6.65,1.0732,0.7288,2.98,-0.2762,3,False,True,True,False,AMMN,NO_INVESTIGATION,False,0,5,0.0,29.65,,basic_materials,27,44.55,85.55000000000001,13,0.48148148148148145,3,0.1111111111111111,0.7407407407407407,6,82.215,0.8333333333333334,0.5,GOOD,0.38408779149519895,0.08333333333333331,26.378600823045268,True,26.378600823045268,PEER_CLUSTERED_ACTIVITY,False,NO_INVESTIGATION,False,,,0,0,0,0,0,0,0.0,29.65,,
2026-07-23,4220.0,31.89,13.9759,14.6301,0.9553,True,,70.31,1.8861,1.5476,1.5095,29.68,1.2716,1.0929,80.64,0.171,3,False,True,True,False,AMMN,NO_INVESTIGATION,False,0,5,0.0,41.58,,basic_materials,27,50.68,81.85,14,0.5185185185185185,2,0.07407407407407407,0.6666666666666666,6,89.39500000000001,0.8333333333333334,0.3333333333333333,GOOD,0.32098765432098764,0.05555555555555554,21.48148148148148,True,21.48148148148148,MARKET_WIDE_ACTIVITY,False,NO_INVESTIGATION,False,,,0,0,0,0,0,0,0.0,41.58,,
2026-07-24,4040.0,45.64,12.5301,14.241,0.8799,True,,76.43,1.7427,1.5087,2.3758,0.0,0.7393,0.5536,22.23,-0.1221,3,False,True,True,False,AMMN,NO_INVESTIGATION,False,0,5,0.0,36.56,,basic_materials,27,11.43,44.915,6,0.2222222222222222,1,0.037037037037037035,0.8888888888888888,6,31.475,0.5,0.6666666666666666,GOOD,0.691358024691358,0.3333333333333333,54.81481481481482,True,54.81481481481482,PEER_CLUSTERED_ACTIVITY,True,NO_INVESTIGATION,False,,,0,0,0,0,0,0,0.0,36.56,,
2026-07-27,4030.0,58.8,11.0843,13.9028,0.7973,True,,35.2,1.3988,1.2065,1.3563,0.0,0.959,0.8343,50.13,0.0007,3,True,False,True,False,AMMN,NO_INVESTIGATION,False,0,5,0.0,30.27,,basic_materials,27,0.0,14.01,1,0.037037037037037035,0,0.0,0.9629629629629629,6,0.0,0.0,1.0,GOOD,0.9272976680384087,1.0,95.63786008230453,True,95.63786008230453,STOCK_SPECIFIC_ACTIVITY,True,NO_INVESTIGATION,False,,,0,0,0,0,0,0,0.0,30.27,,
2026-07-28,4010.0,52.93,11.3861,13.6101,0.8366,True,,0.0,0.9096,0.8099,0.6732,54.2,1.3138,1.419,40.41,-0.0384,0,False,False,False,False,AMMN,NO_INVESTIGATION,False,0,5,0.0,25.4,,basic_materials,27,0.0,4.82,1,0.037037037037037035,1,0.037037037037037035,0.6296296296296297,6,0.0,0.0,0.8333333333333334,GOOD,0.6063100137174212,0.8333333333333334,69.7119341563786,False,,NO_ACTIVITY_CONTEXT,False,NO_INVESTIGATION,False,,,0,0,0,0,0,0,0.0,25.4,,
2026-07-29,3940.0,16.28,13.6476,12.9602,1.053,True,,48.38,1.5832,1.4387,1.2492,16.62,1.1879,1.0051,26.8,-0.0928,3,False,False,True,False,AMMN,NO_INVESTIGATION,False,0,5,0.0,23.76,,basic_materials,27,2.68,28.005,3,0.1111111111111111,1,0.037037037037037035,0.8888888888888888,6,4.38,0.16666666666666666,0.8333333333333334,GOOD,0.7901234567901234,0.6944444444444445,75.18518518518519,True,75.18518518518519,STOCK_SPECIFIC_ACTIVITY,False,NO_INVESTIGATION,False,,,0,0,0,0,0,0,0.0,23.76,,
2026-07-30,3980.0,76.18,8.9776,12.9602,0.6927,True,,2.05,1.0479,0.9497,0.8184,34.03,1.2175,1.2784,6.82,-0.2455,0,True,False,False,False,AMMN,NO_INVESTIGATION,False,0,5,0.0,25.45,,basic_materials,27,0.45,16.86,2,0.07407407407407407,0,0.0,0.5555555555555556,6,21.0,0.16666666666666666,0.3333333333333333,GOOD,0.51440329218107,0.2777777777777778,41.9753086419753,False,,NO_ACTIVITY_CONTEXT,False,NO_INVESTIGATION,False,,,0,0,0,0,0,0,0.0,25.45,,
2026-07-31,4100.0,75.23,8.9776,12.9602,0.6927,True,,25.03,1.3243,1.2356,1.1001,41.79,1.2017,1.4346,13.69,-0.1905,2,True,False,True,False,AMMN,NO_INVESTIGATION,False,0,5,0.0,33.95,,basic_materials,27,9.39,62.57,8,0.2962962962962963,3,0.1111111111111111,0.6296296296296297,6,45.815,0.5,0.5,GOOD,0.4430727023319616,0.25,36.584362139917694,True,36.584362139917694,PEER_CLUSTERED_ACTIVITY,True,NO_INVESTIGATION,False,,,0,0,0,0,0,0,0.0,33.95,,
2026-08-03,4280.0,3.32,14.7132,12.482,1.1788,True,,63.79,1.8972,1.6849,1.2913,80.23,1.5056,1.8627,17.51,-0.1599,3,False,True,True,False,AMMN,NO_INVESTIGATION,False,0,5,0.0,33.75,,basic_materials,27,13.11,61.47,9,0.3333333333333333,1,0.037037037037037035,0.7777777777777778,6,12.945,0.3333333333333333,0.6666666666666666,GOOD,0.5185185185185186,0.4444444444444445,48.8888888888889,True,48.8888888888889,MIXED_CONTEXT,False,NO_INVESTIGATION,False,,,0,0,0,0,0,0,0.0,33.75,,
2026-08-04,4280.0,4.53,14.3902,12.482,1.1529,True,,0.0,0.9462,0.8534,0.8799,17.68,1.1336,1.1237,2.5,-0.28,0,False,False,False,False,AMMN,NO_INVESTIGATION,False,0,5,0.0,4.03,,basic_materials,27,10.55,26.145000000000003,5,0.18518518518518517,0,0.0,0.4074074074074074,6,39.295,0.5,0.3333333333333333,GOOD,0.3319615912208505,0.16666666666666666,26.584362139917694,False,,NO_ACTIVITY_CONTEXT,False,NO_INVESTIGATION,False,,,0,0,0,0,0,0,0.0,4.03,,
2026-08-05,4420.0,26.08,12.3832,12.482,0.9921,True,,40.75,1.4861,1.3101,1.2542,37.17,1.2341,1.3112,57.29,0.0364,3,False,False,True,False,AMMN,NO_INVESTIGATION,False,0,5,0.0,30.05,,basic_materials,27,40.75,82.745,12,0.4444444444444444,1,0.037037037037037035,0.5185185185185185,6,70.85,0.6666666666666666,0.16666666666666666,GOOD,0.2880658436213992,0.05555555555555556,19.506172839506174,True,19.506172839506174,PEER_CLUSTERED_ACTIVITY,False,NO_INVESTIGATION,False,,,0,0,0,0,0,0,0.0,30.05,,
2026-08-06,4320.0,39.45,11.4486,12.482,0.9172,True,,15.44,1.1756,1.0648,1.1756,0.95,1.0117,0.7416,15.56,-0.1755,0,False,False,False,False,AMMN,NO_INVESTIGATION,False,0,5,0.0,16.19,,basic_materials,27,18.02,56.93,10,0.37037037037037035,0,0.0,0.4444444444444444,6,52.785,0.8333333333333334,0.16666666666666666,GOOD,0.27983539094650206,0.02777777777777777,17.901234567901234,False,,NO_ACTIVITY_CONTEXT,False,NO_INVESTIGATION,False,,,0,0,0,0,0,0,0.0,16.19,,
2026-08-07,4400.0,82.66,8.1019,12.482,0.6491,True,,0.0,0.6785,0.6476,0.666,3.44,1.039,0.957,74.79,0.132,0,True,False,False,False,AMMN,NO_INVESTIGATION,False,0,5,0.0,28.66,,basic_materials,27,0.0,28.735,4,0.14814814814814814,0,0.0,0.5185185185185185,6,6.805,0.0,0.3333333333333333,GOOD,0.44170096021947874,0.3333333333333333,39.83539094650206,False,,NO_ACTIVITY_CONTEXT,False,NO_INVESTIGATION,False,,,0,0,0,0,0,0,0.0,28.66,,
2026-08-10,4370.0,86.19,7.7803,12.482,0.6233,True,,4.43,1.0494,0.9909,1.0595,0.0,0.9871,0.7819,44.19,-0.0232,0,True,False,False,False,AMMN,NO_INVESTIGATION,False,0,5,0.0,27.3,,basic_materials,27,12.47,68.595,8,0.2962962962962963,3,0.1111111111111111,0.37037037037037035,6,9.885,0.16666666666666666,0.3333333333333333,GOOD,0.2606310013717421,0.2777777777777778,26.74897119341564,False,,NO_ACTIVITY_CONTEXT,False,NO_INVESTIGATION,False,,,0,0,0,0,0,0,0.0,27.3,,
2026-08-11,4250.0,81.9,8.0092,12.482,0.6417,True,,0.0,0.8788,0.8894,0.9317,15.66,0.9452,1.3209,85.71,0.2047,0,True,False,False,False,AMMN,NO_INVESTIGATION,False,0,5,0.0,31.4,,basic_materials,27,2.88,13.344999999999999,2,0.07407407407407407,0,0.0,0.37037037037037035,6,10.71,0.0,0.16666666666666666,GOOD,0.34293552812071326,0.16666666666666666,27.242798353909464,False,,NO_ACTIVITY_CONTEXT,False,NO_INVESTIGATION,False,,,0,0,0,0,0,0,0.0,31.4,,
2026-08-12,4370.0,79.78,8.0092,12.4085,0.6455,True,,0.0,0.6712,0.6787,0.7396,0.0,0.9093,0.7903,50.14,0.0007,0,True,False,False,False,AMMN,NO_INVESTIGATION,False,0,5,0.0,24.96,,basic_materials,27,0.0,9.42,1,0.037037037037037035,0,0.0,0.5185185185185185,6,0.14,0.0,0.5,GOOD,0.4993141289437586,0.5,49.958847736625515,False,,NO_ACTIVITY_CONTEXT,False,NO_INVESTIGATION,False,,,0,0,0,0,0,0,0.0,24.96,,
2026-08-13,4220.0,73.06,8.0092,11.9159,0.6721,True,,0.0,0.5379,0.5478,0.6441,0.0,0.8369,0.8609,9.59,-0.2233,0,True,False,False,False,AMMN,NO_INVESTIGATION,False,0,5,0.0,19.22,,basic_materials,27,0.0,3.51,1,0.037037037037037035,0,0.0,0.5925925925925926,6,3.51,0.0,0.3333333333333333,GOOD,0.5706447187928669,0.3333333333333333,47.57201646090535,False,,NO_ACTIVITY_CONTEXT,False,NO_INVESTIGATION,False,,,0,0,0,0,0,0,0.0,19.22,,
2026-08-14,4270.0,55.4,9.1335,11.4174,0.8,True,,0.0,0.5588,0.5602,0.5172,6.55,1.0678,0.7307,19.47,-0.1442,0,True,False,False,False,AMMN,NO_INVESTIGATION,False,0,5,0.0,16.78,,basic_materials,27,0.0,1.06,2,0.07407407407407407,0,0.0,0.7037037037037037,6,9.55,0.16666666666666666,0.5,GOOD,0.6515775034293553,0.4166666666666667,55.76131687242798,False,,NO_ACTIVITY_CONTEXT,False,NO_INVESTIGATION,False,,,0,0,0,0,0,0,0.0,16.78,,
2026-08-18,4250.0,79.03,6.8235,11.2352,0.6073,True,,0.0,0.5183,0.5168,0.5427,3.61,0.923,1.0774,33.26,-0.067,0,True,False,False,False,AMMN,NO_INVESTIGATION,False,0,5,0.0,23.62,,basic_materials,27,2.79,22.799999999999997,4,0.14814814814814814,1,0.037037037037037035,0.3333333333333333,6,0.0,0.16666666666666666,0.6666666666666666,GOOD,0.2839506172839506,0.5555555555555556,39.25925925925926,False,,NO_ACTIVITY_CONTEXT,False,NO_INVESTIGATION,False,,,0,0,0,0,0,0,0.0,23.62,,
2026-08-19,4140.0,80.11,6.5882,11.2352,0.5864,True,,0.0,0.4737,0.4824,0.8091,4.23,0.5785,1.0894,13.18,-0.1946,0,True,False,False,False,AMMN,NO_INVESTIGATION,False,0,5,0.0,21.98,,basic_materials,27,0.0,27.994999999999997,6,0.2222222222222222,0,0.0,0.5925925925925926,6,0.0,0.16666666666666666,0.6666666666666666,GOOD,0.46090534979423864,0.5555555555555556,49.876543209876544,False,,NO_ACTIVITY_CONTEXT,False,NO_INVESTIGATION,False,,,0,0,0,0,0,0,0.0,21.98,,
2026-08-20,4470.0,46.05,8.7059,10.1089,0.8612,True,,85.76,2.133,2.014,1.5741,72.07,1.2979,2.4568,100.0,0.5695,3,False,True,True,False,AMMN,NO_INVESTIGATION,False,0,5,0.0,58.05,,basic_materials,27,10.87,68.375,9,0.3333333333333333,1,0.037037037037037035,0.8518518518518519,6,29.995,0.3333333333333333,0.8333333333333334,GOOD,0.5679012345679013,0.5555555555555557,56.29629629629631,True,56.29629629629631,MIXED_CONTEXT,True,NO_INVESTIGATION,False,,,0,0,0,0,0,0,0.0,58.05,,
2026-08-21,4480.0,27.27,8.8993,9.0555,0.9827,True,,0.0,0.6396,0.5989,0.6103,0.0,0.9799,0.7771,50.0,0.0,0,False,False,False,False,AMMN,NO_INVESTIGATION,False,0,5,0.0,11.82,,basic_materials,27,0.0,22.455,3,0.1111111111111111,1,0.037037037037037035,0.5185185185185185,6,0.0,0.0,0.6666666666666666,GOOD,0.46090534979423864,0.6666666666666666,54.32098765432099,False,,NO_ACTIVITY_CONTEXT,False,NO_INVESTIGATION,False,,,0,0,0,0,0,0,0.0,11.82,,
2026-08-24,4500.0,6.55,10.2908,8.9776,1.1463,True,,0.0,0.9267,0.8738,0.8899,1.4,1.0136,0.8456,22.38,-0.121,0,False,False,False,False,AMMN,NO_INVESTIGATION,False,0,5,0.0,4.09,,basic_materials,27,6.91,39.585,6,0.2222222222222222,0,0.0,0.4074074074074074,6,16.93,0.16666666666666666,0.3333333333333333,GOOD,0.3168724279835391,0.2777777777777778,30.12345679012346,False,,NO_ACTIVITY_CONTEXT,False,NO_INVESTIGATION,False,,,0,0,0,0,0,0,0.0,4.09,,
2026-08-26,4390.0,5.19,10.2908,8.9776,1.1463,True,,24.57,1.1785,1.1029,1.4182,0.0,0.8287,0.5361,18.82,-0.1495,1,False,False,False,False,AMMN,NO_INVESTIGATION,False,0,5,0.0,10.55,,basic_materials,27,50.01,74.195,14,0.5185185185185185,1,0.037037037037037035,0.3333333333333333,6,42.75,0.3333333333333333,0.3333333333333333,GOOD,0.16049382716049382,0.22222222222222224,18.51851851851852,True,18.51851851851852,MARKET_WIDE_ACTIVITY,False,NO_INVESTIGATION,False,,,0,0,0,0,0,0,0.0,10.55,,
2026-08-27,4450.0,42.63,8.0537,8.9776,0.8971,True,,0.0,0.5728,0.5424,0.6178,0.0,0.9246,0.7617,20.24,-0.1381,0,False,False,False,False,AMMN,NO_INVESTIGATION,False,0,5,0.0,12.68,,basic_materials,27,0.0,54.835,8,0.2962962962962963,2,0.07407407407407407,0.5185185185185185,6,0.0,0.0,0.8333333333333334,GOOD,0.36488340192043894,0.8333333333333334,55.22633744855967,False,,NO_ACTIVITY_CONTEXT,False,NO_INVESTIGATION,False,,,0,0,0,0,0,0,0.0,12.68,,
2026-08-28,4410.0,85.35,5.618,8.9384,0.6285,True,,0.0,0.5168,0.4905,0.5467,21.66,0.9516,1.429,0.0,-0.4053,0,True,False,False,False,AMMN,NO_INVESTIGATION,False,0,5,0.0,24.59,,basic_materials,27,0.0,48.61,7,0.25925925925925924,2,0.07407407407407407,0.5185185185185185,6,0.0,0.0,1.0,GOOD,0.38408779149519884,1.0,63.04526748971193,False,,NO_ACTIVITY_CONTEXT,False,NO_INVESTIGATION,False,,,0,0,0,0,0,0,0.0,24.59,,
2026-08-31,4330.0,58.15,7.2562,8.8026,0.8243,True,,0.0,0.8027,0.7934,0.9088,15.43,0.8888,1.3283,0.0,-0.3371,0,True,False,False,False,AMMN,NO_INVESTIGATION,False,0,5,0.0,16.85,,basic_materials,27,69.98,80.765,17,0.6296296296296297,4,0.14814814814814814,0.18518518518518517,6,18.005,0.3333333333333333,0.3333333333333333,GOOD,0.06858710562414265,0.22222222222222224,13.004115226337449,False,,NO_ACTIVITY_CONTEXT,False,NO_INVESTIGATION,False,,,0,0,0,0,0,0,0.0,16.85,,
2026-09-01,4360.0,49.65,7.2893,8.4039,0.8674,True,,0.0,0.5458,0.5523,0.5811,11.36,0.9143,1.2489,24.13,-0.1069,0,False,False,False,False,AMMN,NO_INVESTIGATION,False,0,5,0.0,16.53,,basic_materials,27,54.42,84.5,14,0.5185185185185185,2,0.07407407407407407,0.14814814814814814,6,4.415,0.0,0.3333333333333333,GOOD,0.07133058984910837,0.3333333333333333,17.613168724279834,False,,NO_ACTIVITY_CONTEXT,False,NO_INVESTIGATION,False,,,0,0,0,0,0,0,0.0,16.53,,
2026-09-02,4270.0,89.84,4.8165,8.0778,0.5963,True,,0.0,0.6907,0.6983,0.9519,0.0,0.6628,0.0,50.0,0.0,0,True,False,False,False,AMMN,NO_INVESTIGATION,False,0,5,0.0,27.46,,basic_materials,27,17.97,62.275000000000006,8,0.2962962962962963,0,0.0,0.18518518518518517,6,1.0499999999999998,0.16666666666666666,0.3333333333333333,GOOD,0.13031550068587106,0.2777777777777778,18.930041152263374,False,,NO_ACTIVITY_CONTEXT,False,NO_INVESTIGATION,False,,,0,0,0,0,0,0,0.0,27.46,,
2026-09-03,4430.0,88.46,4.8165,8.0314,0.5997,True,,0.0,0.7726,0.7703,0.6657,28.48,1.0544,1.4594,84.61,0.1974,0,True,False,False,False,AMMN,NO_INVESTIGATION,False,0,5,0.0,34.85,,basic_materials,27,32.28,69.175,9,0.3333333333333333,1,0.037037037037037035,0.2222222222222222,6,12.445,0.0,0.5,GOOD,0.14814814814814817,0.5,28.888888888888893,False,,NO_ACTIVITY_CONTEXT,False,NO_INVESTIGATION,False,,,0,0,0,0,0,0,0.0,34.85,,
2026-09-04,4390.0,91.65,4.5872,8.0092,0.5727,True,,0.0,0.6608,0.659,0.7114,7.37,0.8196,1.1616,20.67,-0.1347,0,True,False,False,False,AMMN,NO_INVESTIGATION,False,0,5,0.0,26.09,,basic_materials,27,0.0,24.19,5,0.18518518518518517,1,0.037037037037037035,0.5185185185185185,6,0.0,0.16666666666666666,0.8333333333333334,GOOD,0.4224965706447188,0.6944444444444445,53.12757201646091,False,,NO_ACTIVITY_CONTEXT,False,NO_INVESTIGATION,False,,,0,0,0,0,0,0,0.0,26.09,,
2026-09-07,4410.0,92.17,4.5558,8.0092,0.5688,True,,0.0,0.6308,0.6274,0.4917,56.45,1.127,2.0184,65.59,0.0779,0,True,False,False,False,AMMN,NO_INVESTIGATION,False,0,5,0.0,38.07,,basic_materials,27,0.77,43.894999999999996,6,0.2222222222222222,2,0.07407407407407407,0.4444444444444444,6,18.89,0.16666666666666666,0.5,GOOD,0.345679012345679,0.4166666666666667,37.40740740740741,False,,NO_ACTIVITY_CONTEXT,False,NO_INVESTIGATION,False,,,0,0,0,0,0,0,0.0,38.07,,
2026-09-08,4670.0,0.7,9.7506,7.8947,1.2351,True,,98.42,2.7734,2.5742,1.9986,45.64,1.2261,1.3886,86.87,0.2124,3,False,True,True,False,AMMN,NO_INVESTIGATION,False,0,5,0.0,45.23,,basic_materials,27,21.11,72.91999999999999,10,0.37037037037037035,1,0.037037037037037035,0.9629629629629629,6,14.175,0.16666666666666666,0.8333333333333334,GOOD,0.6063100137174211,0.6944444444444445,64.15637860082305,True,64.15637860082305,MIXED_CONTEXT,False,NO_INVESTIGATION,False,,,0,0,0,0,0,0,0.0,45.23,,
2026-09-09,4910.0,0.0,13.9955,7.8947,1.7728,True,,98.25,2.9196,2.5919,2.1467,18.45,1.1529,0.9319,53.13,0.0156,3,False,True,True,False,AMMN,NO_INVESTIGATION,False,0,5,0.0,37.56,,basic_materials,27,51.62,75.14,14,0.5185185185185185,4,0.14814814814814814,0.9259259259259259,6,63.14,0.6666666666666666,0.8333333333333334,GOOD,0.44581618655692734,0.27777777777777785,37.860082304526756,True,37.860082304526756,MARKET_WIDE_ACTIVITY,False,NO_INVESTIGATION,False,,,0,0,0,0,0,0,0.0,37.56,,
2026-09-10,4810.0,0.0,12.848,8.0092,1.6042,True,,67.17,1.862,1.628,1.4181,10.76,1.113,0.7261,23.37,-0.1131,3,False,True,True,False,AMMN,NO_INVESTIGATION,False,0,5,0.0,24.1,,basic_materials,27,23.38,67.435,12,0.4444444444444444,2,0.07407407407407407,0.7407407407407407,6,80.91499999999999,0.6666666666666666,0.3333333333333333,GOOD,0.411522633744856,0.11111111111111112,29.1358024691358,True,29.1358024691358,PEER_CLUSTERED_ACTIVITY,False,NO_INVESTIGATION,False,,,0,0,0,0,0,0,0.0,24.1,,
2026-09-11,4860.0,0.0,12.2661,8.0092,1.5315,True,,85.1,2.1285,1.888,1.7184,3.67,1.0418,0.6027,43.54,-0.0258,3,False,True,True,False,AMMN,NO_INVESTIGATION,False,0,5,0.0,30.43,,basic_materials,27,18.62,50.334999999999994,7,0.25925925925925924,0,0.0,0.9629629629629629,6,40.455,0.3333333333333333,1.0,GOOD,0.7133058984910836,0.6666666666666667,69.46502057613169,True,69.46502057613169,STOCK_SPECIFIC_ACTIVITY,False,NO_INVESTIGATION,False,,,0,0,0,0,0,0,0.0,30.43,,
2026-09-14,5100.0,0.0,13.786,8.0314,1.7165,True,,98.93,4.1639,3.5674,2.3921,49.24,1.4281,1.1833,90.66,0.2377,3,False,True,True,False,AMMN,NO_INVESTIGATION,False,0,5,0.0,46.13,,basic_materials,27,26.07,74.15,11,0.4074074074074074,0,0.0,1.0,6,75.13499999999999,0.8333333333333334,1.0,GOOD,0.5925925925925926,0.16666666666666663,42.222222222222214,True,42.222222222222214,PEER_CLUSTERED_ACTIVITY,False,NO_INVESTIGATION,False,,,0,0,0,0,0,0,0.0,46.13,,
2026-09-15,5050.0,5.09,9.8778,8.3798,1.1788,True,,74.96,1.8939,1.6336,1.8353,33.32,0.8096,1.8802,84.14,0.1942,3,False,True,True,False,AMMN,NO_INVESTIGATION,False,0,5,0.0,37.17,,basic_materials,27,0.0,11.379999999999999,4,0.14814814814814814,0,0.0,0.9629629629629629,6,1.4549999999999998,0.16666666666666666,1.0,GOOD,0.8203017832647462,0.8333333333333334,82.55144032921811,True,82.55144032921811,STOCK_SPECIFIC_ACTIVITY,False,NO_INVESTIGATION,False,,,0,0,0,0,0,0,0.0,37.17,,
2026-09-16,5150.0,0.0,12.3762,8.3798,1.4769,True,,84.15,2.3649,2.0038,1.7878,15.77,1.0882,1.1741,38.11,-0.0476,3,False,True,True,False,AMMN,NO_INVESTIGATION,False,0,5,0.0,31.42,,basic_materials,27,0.0,19.835,2,0.07407407407407407,0,0.0,0.9629629629629629,6,25.494999999999997,0.16666666666666666,0.8333333333333334,GOOD,0.8916323731138546,0.6944444444444445,81.27572016460907,True,81.27572016460907,STOCK_SPECIFIC_ACTIVITY,False,NO_INVESTIGATION,False,,,0,0,0,0,0,0,0.0,31.42,,
2026-09-17,4900.0,0.0,12.3762,8.8026,1.406,True,,84.22,2.3031,2.0557,2.0161,3.15,1.0342,0.8288,6.84,-0.2453,3,False,True,True,False,AMMN,NO_INVESTIGATION,False,0,5,0.0,26.42,,basic_materials,27,0.0,8.625,3,0.1111111111111111,0,0.0,1.0,6,0.0,0.16666666666666666,1.0,GOOD,0.8888888888888888,0.8333333333333334,86.66666666666667,True,86.66666666666667,STOCK_SPECIFIC_ACTIVITY,False,NO_INVESTIGATION,False,,,0,0,0,0,0,0,0.0,26.42,,
2026-09-18,4680.0,0.0,13.1683,9.3249,1.4122,True,,93.4,3.8101,3.648,2.003,88.36,1.8857,1.7758,16.94,-0.1645,3,False,True,True,False,AMMN,NO_INVESTIGATION,False,0,5,0.0,42.97,,basic_materials,27,48.09,72.95,12,0.4444444444444444,1,0.037037037037037035,0.8888888888888888,6,15.085,0.16666666666666666,1.0,GOOD,0.49382716049382713,0.8333333333333334,62.96296296296296,True,62.96296296296296,MIXED_CONTEXT,False,NO_INVESTIGATION,False,,,0,0,0,0,0,0,0.0,42.97,,
2026-09-21,4660.0,0.0,13.5714,9.8142,1.3828,True,,34.98,1.3795,1.3162,1.4144,0.0,0.9668,0.8367,39.55,-0.0418,3,False,False,True,False,AMMN,NO_INVESTIGATION,False,0,5,0.0,14.45,,basic_materials,27,0.0,3.005,2,0.07407407407407407,0,0.0,0.8888888888888888,6,0.0,0.16666666666666666,0.8333333333333334,GOOD,0.8230452674897119,0.6944444444444445,77.1604938271605,True,77.1604938271605,STOCK_SPECIFIC_ACTIVITY,False,NO_INVESTIGATION,False,,,0,0,0,0,0,0,0.0,14.45,,
2026-09-22,4710.0,0.0,14.1189,10.0843,1.4001,True,,8.44,1.135,1.1194,0.9125,19.96,1.1717,0.611,59.68,0.0484,0,False,False,False,False,AMMN,NO_INVESTIGATION,False,0,5,0.0,11.49,,basic_materials,27,2.89,15.330000000000002,4,0.14814814814814814,0,0.0,0.7037037037037037,6,0.12,0.16666666666666666,0.8333333333333334,GOOD,0.5994513031550068,0.6944444444444445,63.744855967078195,False,,NO_ACTIVITY_CONTEXT,False,NO_INVESTIGATION,False,,,0,0,0,0,0,0,0.0,11.49,,
2026-09-23,4870.0,1.91,12.5265,10.0843,1.2422,True,,0.0,0.9693,0.9946,0.7731,35.7,1.2541,1.2174,59.42,0.0471,0,False,False,False,False,AMMN,NO_INVESTIGATION,False,0,5,0.0,11.77,,basic_materials,27,0.0,4.3549999999999995,2,0.07407407407407407,0,0.0,0.6296296296296297,6,0.0,0.16666666666666666,0.8333333333333334,GOOD,0.5829903978052127,0.6944444444444445,62.75720164609054,False,,NO_ACTIVITY_CONTEXT,False,NO_INVESTIGATION,False,,,0,0,0,0,0,0,0.0,11.77,,
2026-09-24,4730.0,70.24,7.431,11.072,0.6712,True,,0.0,0.7724,0.8049,0.823,2.14,0.9997,1.0466,24.02,-0.1078,0,True,False,False,False,AMMN,NO_INVESTIGATION,False,0,5,0.0,20.28,,basic_materials,27,0.0,0.0,2,0.07407407407407407,0,0.0,0.8148148148148148,6,0.0,0.16666666666666666,0.8333333333333334,GOOD,0.7544581618655692,0.6944444444444445,73.04526748971195,False,,NO_ACTIVITY_CONTEXT,False,NO_INVESTIGATION,False,,,0,0,0,0,0,0,0.0,20.28,,
2026-09-25,4720.0,92.33,4.8729,11.072,0.4401,True,,0.0,0.2878,0.3018,0.4125,0.0,0.7381,0.8881,73.06,0.1204,0,True,False,False,False,AMMN,NO_INVESTIGATION,False,0,5,0.0,30.39,,basic_materials,27,0.0,0.0,1,0.037037037037037035,0,0.0,0.7777777777777778,6,0.0,0.0,0.8333333333333334,GOOD,0.7489711934156379,0.8333333333333334,78.27160493827161,False,,NO_ACTIVITY_CONTEXT,False,NO_INVESTIGATION,False,,,0,0,0,0,0,0,0.0,30.39,,
2026-09-28,4530.0,70.41,7.4153,11.072,0.6697,True,,0.0,0.6577,0.7048,0.9293,0.0,0.7489,0.8063,65.41,0.0771,0,True,False,False,False,AMMN,NO_INVESTIGATION,False,0,5,0.0,24.14,,basic_materials,27,0.0,4.0649999999999995,1,0.037037037037037035,0,0.0,0.5555555555555556,6,0.39,0.0,0.5,GOOD,0.5349794238683128,0.5,52.09876543209877,False,,NO_ACTIVITY_CONTEXT,False,NO_INVESTIGATION,False,,,0,0,0,0,0,0,0.0,24.14,,
2026-09-29,4480.0,25.4,11.0169,11.072,0.995,True,,0.0,0.8026,0.894,0.9894,0.0,0.8584,0.738,63.25,0.0663,0,False,False,False,False,AMMN,NO_INVESTIGATION,False,0,5,0.0,12.68,,basic_materials,27,13.22,41.695,3,0.1111111111111111,0,0.0,0.3333333333333333,6,15.645,0.0,0.3333333333333333,GOOD,0.2962962962962963,0.3333333333333333,31.11111111111111,False,,NO_ACTIVITY_CONTEXT,False,NO_INVESTIGATION,False,,,0,0,0,0,0,0,0.0,12.68,,
2026-06-12,2850.0,36.2,16.0,17.3994,0.9196,True,,0.0,0.6856,0.6813,0.7243,1.2,1.0122,0.7951,75.09,0.1339,0,False,False,False,False,ANTM,NO_INVESTIGATION,False,0,5,0.0,16.74,,basic_materials,27,7.79,25.415,4,0.14814814814814814,0,0.0,0.4074074074074074,6,2.01,0.16666666666666666,0.5,GOOD,0.34705075445816186,0.4166666666666667,37.489711934156375,False,,NO_ACTIVITY_CONTEXT,False,NO_INVESTIGATION,False,,,0,0,0,0,0,0,0.0,16.74,,
2026-06-15,3130.0,0.0,24.5614,17.3994,1.4116,True,,66.12,1.62,1.476,1.7169,12.3,0.9953,1.1822,75.78,0.1385,3,False,True,True,False,ANTM,NO_INVESTIGATION,False,0,5,0.0,29.26,,basic_materials,27,42.94,64.585,13,0.48148148148148145,0,0.0,0.8518518518518519,6,38.629999999999995,0.3333333333333333,0.8333333333333334,GOOD,0.4417009602194788,0.5555555555555557,48.72427983539096,True,48.72427983539096,MIXED_CONTEXT,False,NO_INVESTIGATION,False,,,0,0,0,0,0,0,0.0,29.26,,
2026-06-17,3160.0,5.83,22.1053,18.9091,1.169,True,,0.0,0.7404,0.6448,0.8742,0.0,0.9183,0.9129,64.03,0.0701,0,False,False,False,False,ANTM,NO_INVESTIGATION,False,0,5,0.0,7.86,,basic_materials,27,0.0,18.119999999999997,4,0.14814814814814814,0,0.0,0.5185185185185185,6,0.0,0.3333333333333333,0.6666666666666666,GOOD,0.44170096021947874,0.4444444444444445,44.2798353909465,False,,NO_ACTIVITY_CONTEXT,False,NO_INVESTIGATION,False,,,0,0,0,0,0,0,0.0,7.86,,
2026-06-18,3170.0,24.54,20.1278,20.1093,1.0009,True,,0.0,0.4778,0.4222,0.5294,0.0,0.9787,0.6734,19.82,-0.1414,0,False,False,False,False,ANTM,NO_INVESTIGATION,False,0,5,0.0,8.12,,basic_materials,27,0.0,2.745,1,0.037037037037037035,0,0.0,0.7037037037037037,6,0.0,0.0,0.6666666666666666,GOOD,0.6776406035665296,0.6666666666666666,67.32510288065843,False,,NO_ACTIVITY_CONTEXT,False,NO_INVESTIGATION,False,,,0,0,0,0,0,0,0.0,8.12,,
2026-06-19,3080.0,57.62,16.2939,20.5369,0.7934,True,,0.0,0.6154,0.552,0.6302,45.17,1.0621,1.8827,16.62,-0.167,0,True,False,False,False,ANTM,NO_INVESTIGATION,False,0,5,0.0,22.84,,basic_materials,27,66.7,70.0,17,0.6296296296296297,6,0.2222222222222222,0.14814814814814814,6,42.045,0.5,0.3333333333333333,GOOD,0.05486968449931412,0.16666666666666666,9.958847736625515,False,,NO_ACTIVITY_CONTEXT,False,NO_INVESTIGATION,False,,,0,0,0,0,0,0,0.0,22.84,,
2026-06-22,2960.0,78.33,12.4601,19.7003,0.6325,True,,0.0,0.6466,0.6192,0.6875,41.49,1.0126,2.1818,83.96,0.193,0,True,False,False,False,ANTM,NO_INVESTIGATION,False,0,5,0.0,34.2,,basic_materials,27,0.0,14.54,1,0.037037037037037035,0,0.0,0.6296296296296297,6,0.0,0.0,0.6666666666666666,GOOD,0.6063100137174212,0.6666666666666666,63.04526748971193,False,,NO_ACTIVITY_CONTEXT,False,NO_INVESTIGATION,False,,,0,0,0,0,0,0,0.0,34.2,,
2026-06-23,2870.0,60.81,14.6104,18.9091,0.7727,True,,0.0,0.5173,0.5278,0.9228,19.4,0.5893,1.373,58.45,0.0423,0,True,False,False,False,ANTM,NO_INVESTIGATION,False,0,5,0.0,23.96,,basic_materials,27,0.0,0.0,1,0.037037037037037035,0,0.0,0.8148148148148148,6,0.0,0.0,1.0,GOOD,0.7846364883401921,1.0,87.07818930041152,False,,NO_ACTIVITY_CONTEXT,False,NO_INVESTIGATION,False,,,0,0,0,0,0,0,0.0,23.96,,
2026-06-24,2750.0,43.35,15.2027,17.4197,0.8727,True,,0.0,0.5693,0.6101,0.9696,31.36,0.603,1.6672,71.08,0.1072,0,False,False,False,False,ANTM,NO_INVESTIGATION,False,0,5,0.0,22.65,,basic_materials,27,0.0,10.780000000000001,1,0.037037037037037035,0,0.0,0.6296296296296297,6,0.0,0.0,0.6666666666666666,GOOD,0.6063100137174212,0.6666666666666666,63.04526748971193,False,,NO_ACTIVITY_CONTEXT,False,NO_INVESTIGATION,False,,,0,0,0,0,0,0,0.0,22.65,,
2026-06-25,2740.0,8.11,18.4669,16.147,1.1437,True,,0.0,0.6181,0.6852,0.7942,14.84,0.799,1.3509,73.04,0.1202,0,False,False,False,False,ANTM,NO_INVESTIGATION,False,0,5,0.0,11.56,,basic_materials,27,0.0,12.219999999999999,5,0.18518518518518517,1,0.037037037037037035,0.5185185185185185,6,0.0,0.0,0.6666666666666666,GOOD,0.4224965706447188,0.6666666666666666,52.016460905349795,False,,NO_ACTIVITY_CONTEXT,False,NO_INVESTIGATION,False,,,0,0,0,0,0,0,0.0,11.56,,
2026-06-26,2710.0,46.08,14.9091,17.3804,0.8578,True,,0.0,0.5335,0.6044,0.6647,37.72,0.7687,2.2044,70.75,0.105,0,False,False,False,False,ANTM,NO_INVESTIGATION,False,0,5,0.0,24.25,,basic_materials,27,0.0,0.0,1,0.037037037037037035,0,0.0,0.8148148148148148,6,0.0,0.16666666666666666,0.8333333333333334,GOOD,0.7846364883401921,0.6944444444444445,74.85596707818931,False,,NO_ACTIVITY_CONTEXT,False,NO_INVESTIGATION,False,,,0,0,0,0,0,0,0.0,24.25,,
2026-06-29,2720.0,65.38,12.7737,17.3804,0.7349,True,,0.0,0.3444,0.384,0.6105,36.31,0.5402,1.9731,82.46,0.1831,0,True,False,False,False,ANTM,NO_INVESTIGATION,False,0,5,0.0,30.04,,basic_materials,27,0.0,0.0,1,0.037037037037037035,0,0.0,0.9629629629629629,6,0.0,0.0,1.0,GOOD,0.9272976680384087,1.0,95.63786008230453,False,,NO_ACTIVITY_CONTEXT,False,NO_INVESTIGATION,False,,,0,0,0,0,0,0,0.0,30.04,,
2026-06-30,2590.0,70.19,12.1324,17.3804,0.698,True,,0.0,0.4615,0.5393,0.9082,36.24,0.4882,1.9706,80.22,0.1681,0,True,False,False,False,ANTM,NO_INVESTIGATION,False,0,5,0.0,31.01,,basic_materials,27,0.0,25.9,2,0.07407407407407407,0,0.0,0.5925925925925926,6,0.0,0.0,0.8333333333333334,GOOD,0.5486968449931413,0.8333333333333334,66.2551440329218,False,,NO_ACTIVITY_CONTEXT,False,NO_INVESTIGATION,False,,,0,0,0,0,0,0,0.0,31.01,,
2026-07-01,2610.0,88.83,9.5941,17.3804,0.552,True,,0.0,0.3494,0.4038,0.445,5.75,0.6921,1.134,55.95,0.0298,0,True,False,False,False,ANTM,NO_INVESTIGATION,False,0,5,0.0,28.66,,basic_materials,27,0.0,0.0,1,0.037037037037037035,0,0.0,0.8518518518518519,6,0.0,0.16666666666666666,0.6666666666666666,GOOD,0.8203017832647462,0.5555555555555556,71.440329218107,False,,NO_ACTIVITY_CONTEXT,False,NO_INVESTIGATION,False,,,0,0,0,0,0,0,0.0,28.66,,
2026-07-02,2760.0,88.83,9.5941,17.3804,0.552,True,,0.0,0.6137,0.6502,0.6007,16.01,0.8446,1.383,74.25,0.1283,0,True,False,False,False,ANTM,NO_INVESTIGATION,False,0,5,0.0,32.03,,basic_materials,27,0.0,0.0,1,0.037037037037037035,0,0.0,0.8888888888888888,6,0.0,0.0,0.6666666666666666,GOOD,0.8559670781893004,0.6666666666666666,78.02469135802468,False,,NO_ACTIVITY_CONTEXT,False,NO_INVESTIGATION,False,,,0,0,0,0,0,0,0.0,32.03,,
2026-07-03,2930.0,38.38,14.7059,16.147,0.9108,True,,0.0,0.6514,0.6744,0.7003,9.7,0.7834,1.2347,52.9,0.0145,0,False,False,False,False,ANTM,NO_INVESTIGATION,False,0,5,0.0,16.34,,basic_materials,27,0.0,0.0,1,0.037037037037037035,0,0.0,0.7777777777777778,6,0.0,0.0,0.8333333333333334,GOOD,0.7489711934156379,0.8333333333333334,78.27160493827161,False,,NO_ACTIVITY_CONTEXT,False,NO_INVESTIGATION,False,,,0,0,0,0,0,0,0.0,16.34,,
2026-07-06,2940.0,9.64,17.7536,16.0,1.1096,True,,0.0,0.488,0.4773,0.5423,0.0,0.7925,0.7559,35.35,-0.0586,0,False,False,False,False,ANTM,NO_INVESTIGATION,False,0,5,0.0,5.95,,basic_materials,27,0.0,0.0,0,0.0,0,0.0,0.8148148148148148,6,0.0,0.0,1.0,GOOD,0.8148148148148148,1.0,88.88888888888889,False,,NO_ACTIVITY_CONTEXT,False,NO_INVESTIGATION,False,,,0,0,0,0,0,0,0.0,5.95,,
2026-07-07,2930.0,18.04,16.7235,16.0,1.0452,True,,0.0,0.2957,0.2768,0.3802,13.86,0.6862,1.3158,71.99,0.1132,0,False,False,False,False,ANTM,NO_INVESTIGATION,False,0,5,0.0,13.79,,basic_materials,27,0.0,6.77,1,0.037037037037037035,1,0.037037037037037035,0.7037037037037037,6,0.0,0.0,1.0,GOOD,0.6776406035665296,1.0,80.65843621399178,False,,NO_ACTIVITY_CONTEXT,False,NO_INVESTIGATION,False,,,0,0,0,0,0,0,0.0,13.79,,
2026-07-08,2790.0,49.37,13.6519,16.0,0.8532,True,,0.0,0.594,0.5917,0.6864,2.15,0.8078,1.0503,40.48,-0.0381,0,False,False,False,False,ANTM,NO_INVESTIGATION,False,0,5,0.0,16.71,,basic_materials,27,0.0,0.02,0,0.0,0,0.0,0.7407407407407407,6,0.0,0.0,0.6666666666666666,GOOD,0.7407407407407407,0.6666666666666666,71.1111111111111,False,,NO_ACTIVITY_CONTEXT,False,NO_INVESTIGATION,False,,,0,0,0,0,0,0,0.0,16.71,,
2026-07-09,2850.0,77.44,10.2389,15.6014,0.6563,True,,0.0,0.4758,0.5053,0.6337,0.0,0.7643,0.7173,79.45,0.163,0,True,False,False,False,ANTM,NO_INVESTIGATION,False,0,5,0.0,27.3,,basic_materials,27,0.0,0.0,0,0.0,0,0.0,0.8148148148148148,6,0.0,0.0,1.0,GOOD,0.8148148148148148,1.0,88.88888888888889,False,,NO_ACTIVITY_CONTEXT,False,NO_INVESTIGATION,False,,,0,0,0,0,0,0,0.0,27.3,,
2026-07-10,2900.0,73.07,10.3448,15.0559,0.6871,True,,0.0,0.5242,0.5292,0.5507,0.0,0.9976,0.8613,36.65,-0.0534,0,True,False,False,False,ANTM,NO_INVESTIGATION,False,0,5,0.0,21.93,,basic_materials,27,0.0,0.0,0,0.0,0,0.0,0.7777777777777778,6,0.0,0.0,0.8333333333333334,GOOD,0.7777777777777778,0.8333333333333334,80.0,False,,NO_ACTIVITY_CONTEXT,False,NO_INVESTIGATION,False,,,0,0,0,0,0,0,0.0,21.93,,
2026-07-13,2920.0,91.78,7.931,14.8075,0.5356,True,,0.0,0.5314,0.511,0.5983,5.4,0.8949,1.1203,43.77,-0.0249,0,True,False,False,False,ANTM,NO_INVESTIGATION,False,0,5,0.0,28.13,,basic_materials,27,0.0,0.0,2,0.07407407407407407,0,0.0,0.7777777777777778,6,0.0,0.0,0.8333333333333334,GOOD,0.720164609053498,0.8333333333333334,76.54320987654322,False,,NO_ACTIVITY_CONTEXT,False,NO_INVESTIGATION,False,,,0,0,0,0,0,0,0.0,28.13,,
2026-07-14,2920.0,94.6,7.2414,14.6581,0.494,True,,0.09,0.9822,0.9588,1.0028,1.65,1.0234,0.7543,75.07,0.1338,0,True,False,False,False,ANTM,NO_INVESTIGATION,False,0,5,0.0,31.43,,basic_materials,27,4.74,24.61,6,0.2222222222222222,0,0.0,0.4444444444444444,6,42.985,0.5,0.16666666666666666,GOOD,0.345679012345679,0.08333333333333333,24.074074074074073,False,,NO_ACTIVITY_CONTEXT,False,NO_INVESTIGATION,False,,,0,0,0,0,0,0,0.0,31.43,,
2026-07-15,3040.0,47.96,11.9863,14.1311,0.8482,True,,55.88,1.5861,1.5047,1.4806,13.16,1.1264,1.0735,97.28,0.2819,3,False,True,True,False,ANTM,NO_INVESTIGATION,False,0,5,0.0,40.46,,basic_materials,27,3.06,20.625,3,0.1111111111111111,2,0.07407407407407407,0.9259259259259259,6,2.995,0.0,1.0,GOOD,0.8230452674897119,1.0,89.38271604938271,True,89.38271604938271,STOCK_SPECIFIC_ACTIVITY,True,NO_INVESTIGATION,False,,,0,0,0,0,0,0,0.0,40.46,,
2026-07-16,3080.0,71.22,8.9041,13.2128,0.6739,True,,0.0,0.9525,0.893,0.7921,40.1,1.2643,1.2967,86.59,0.2106,0,True,False,False,False,ANTM,NO_INVESTIGATION,False,0,5,0.0,32.48,,basic_materials,27,2.62,37.715,5,0.18518518518518517,2,0.07407407407407407,0.4444444444444444,6,17.48,0.3333333333333333,0.16666666666666666,GOOD,0.36213991769547327,0.11111111111111112,26.172839506172842,False,,NO_ACTIVITY_CONTEXT,False,NO_INVESTIGATION,False,,,0,0,0,0,0,0,0.0,32.48,,
2026-07-17,3070.0,71.94,8.5526,12.6169,0.6779,True,,0.0,0.8971,0.833,0.7317,23.33,1.2559,0.9238,58.49,0.0424,0,True,False,False,False,ANTM,NO_INVESTIGATION,False,0,5,0.0,27.33,,basic_materials,27,10.93,54.2,8,0.2962962962962963,2,0.07407407407407407,0.3333333333333333,6,0.0,0.0,0.6666666666666666,GOOD,0.2345679012345679,0.6666666666666666,40.74074074074074,False,,NO_ACTIVITY_CONTEXT,False,NO_INVESTIGATION,False,,,0,0,0,0,0,0,0.0,27.33,,
2026-07-20,3000.0,75.41,7.8947,12.2962,0.642,True,,22.77,1.2024,1.1293,1.3098,10.01,0.9275,1.1967,9.81,-0.2216,2,True,False,True,False,ANTM,NO_INVESTIGATION,False,0,5,0.0,28.17,,basic_materials,27,31.73,51.675,7,0.25925925925925924,2,0.07407407407407407,0.4074074074074074,6,25.740000000000002,0.16666666666666666,0.5,GOOD,0.3017832647462277,0.4166666666666667,34.77366255144033,True,34.77366255144033,MIXED_CONTEXT,True,NO_INVESTIGATION,False,,,0,0,0,0,0,0,0.0,28.17,,
2026-07-21,3060.0,95.03,4.5752,12.0593,0.3794,True,,39.65,1.5013,1.3981,1.1236,34.99,1.4081,0.8508,88.4,0.2227,2,True,False,True,False,ANTM,NO_INVESTIGATION,False,0,5,0.0,49.74,,basic_materials,27,21.74,66.245,9,0.3333333333333333,5,0.18518518518518517,0.6296296296296297,6,75.6,0.8333333333333334,0.16666666666666666,GOOD,0.4197530864197532,0.02777777777777777,26.2962962962963,True,26.2962962962963,PEER_CLUSTERED_ACTIVITY,True,NO_INVESTIGATION,False,,,0,0,0,0,0,0,0.0,49.74,,
2026-07-22,3120.0,80.44,6.5147,11.1656,0.5835,True,,71.64,1.8776,1.7045,1.4701,27.8,1.2902,0.6615,69.0,0.095,3,True,True,True,True,ANTM,EMERGING,True,1,5,20.0,56.67,56.67,basic_materials,27,44.55,85.55000000000001,13,0.48148148148148145,3,0.1111111111111111,0.6666666666666666,6,85.55000000000001,0.8333333333333334,0.16666666666666666,GOOD,0.34567901234567905,0.02777777777777777,21.85185185185185,True,21.85185185185185,PEER_CLUSTERED_ACTIVITY,True,EMERGING,True,ANTM-20260722-01,2026-07-22,1,1,1,1,1,0,20.0,56.67,56.67,
2026-07-23,3080.0,75.53,6.5147,10.2919,0.633,True,,38.78,1.5119,1.38,1.1026,34.99,1.3643,0.4954,38.51,-0.0459,2,True,False,True,False,ANTM,WEAKENING,True,1,5,20.0,43.62,43.62,basic_materials,27,50.68,81.85,14,0.5185185185185185,2,0.07407407407407407,0.4074074074074074,6,89.39500000000001,1.0,0.0,GOOD,0.19615912208504802,0.0,11.76954732510288,True,11.76954732510288,MARKET_WIDE_ACTIVITY,True,DEVELOPING,True,ANTM-20260722-01,2026-07-22,2,1,2,2,1,0,40.0,47.62,47.62,
2026-07-24,2990.0,59.87,7.5163,9.9165,0.758,True,,2.84,0.8267,0.7841,1.0843,0.0,0.7586,0.8517,88.82,0.2255,0,True,False,False,False,ANTM,WEAKENING,True,1,5,20.0,28.7,28.7,basic_materials,27,11.43,44.915,6,0.2222222222222222,1,0.037037037037037035,0.4074074074074074,6,68.27000000000001,0.6666666666666666,0.3333333333333333,GOOD,0.3168724279835391,0.11111111111111112,23.45679012345679,False,,NO_ACTIVITY_CONTEXT,False,WEAKENING,True,ANTM-20260722-01,2026-07-22,3,1,2,2,1,1,40.0,32.7,32.7,
2026-07-27,2970.0,46.84,8.1699,9.5941,0.8516,True,,15.73,1.1146,1.1178,1.1994,0.0,0.8991,0.8635,26.85,-0.0926,0,False,False,False,False,ANTM,WEAKENING,True,1,5,20.0,23.11,23.11,basic_materials,27,0.0,14.01,1,0.037037037037037035,0,0.0,0.7777777777777778,6,0.0,0.0,0.6666666666666666,GOOD,0.7489711934156379,0.6666666666666666,71.60493827160495,False,,NO_ACTIVITY_CONTEXT,False,CLOSED,False,ANTM-20260722-01,2026-07-22,4,1,2,2,1,2,40.0,27.11,,TWO_UNSUPPORTED_SESSIONS
2026-07-28,2890.0,6.14,10.7023,9.2491,1.1571,True,,0.0,0.9341,0.9241,0.9969,5.01,0.9245,1.1001,13.88,-0.189,0,False,False,False,False,ANTM,WEAKENING,True,1,5,20.0,7.67,7.67,basic_materials,27,0.0,4.82,1,0.037037037037037035,1,0.037037037037037035,0.6296296296296297,6,0.0,0.0,0.8333333333333334,GOOD,0.6063100137174212,0.8333333333333334,69.7119341563786,False,,NO_ACTIVITY_CONTEXT,False,NO_INVESTIGATION,False,,,0,0,0,0,0,0,0.0,3.67,,
2026-07-29,2840.0,0.0,12.1212,9.2491,1.3105,True,,0.0,0.7029,0.7424,0.9713,0.0,0.7146,0.6641,16.38,-0.169,0,False,False,False,False,ANTM,NO_INVESTIGATION,False,0,5,0.0,1.64,,basic_materials,27,2.68,28.005,3,0.1111111111111111,1,0.037037037037037035,0.48148148148148145,6,16.875,0.16666666666666666,0.3333333333333333,GOOD,0.42798353909465014,0.2777777777777778,36.79012345679012,False,,NO_ACTIVITY_CONTEXT,False,NO_INVESTIGATION,False,,,0,0,0,0,0,0,0.0,1.64,,
2026-07-30,2860.0,34.81,8.6505,9.2491,0.9353,True,,0.0,0.8087,0.85,0.854,0.0,0.935,0.9807,12.5,-0.2,0,False,False,False,False,ANTM,NO_INVESTIGATION,False,0,5,0.0,9.95,,basic_materials,27,0.45,16.86,2,0.07407407407407407,0,0.0,0.48148148148148145,6,21.0,0.16666666666666666,0.16666666666666666,GOOD,0.4458161865569273,0.1388888888888889,32.3045267489712,False,,NO_ACTIVITY_CONTEXT,False,NO_INVESTIGATION,False,,,0,0,0,0,0,0,0.0,9.95,,
2026-07-31,2880.0,26.4,8.6806,8.7773,0.989,True,,9.39,1.1025,1.1408,0.7001,45.54,1.5516,0.6982,14.56,-0.1835,0,False,False,False,False,ANTM,NO_INVESTIGATION,False,0,5,0.0,17.7,,basic_materials,27,9.39,62.57,8,0.2962962962962963,3,0.1111111111111111,0.5185185185185185,6,53.635,0.5,0.3333333333333333,GOOD,0.36488340192043894,0.16666666666666666,28.559670781893004,False,,NO_ACTIVITY_CONTEXT,False,NO_INVESTIGATION,False,,,0,0,0,0,0,0,0.0,17.7,,
2026-08-03,2870.0,76.94,5.5749,8.6655,0.6433,True,,0.0,0.5186,0.5348,0.6394,0.0,0.8505,0.8502,45.19,-0.0192,0,True,False,False,False,ANTM,NO_INVESTIGATION,False,0,5,0.0,23.75,,basic_materials,27,13.11,61.47,9,0.3333333333333333,1,0.037037037037037035,0.37037037037037035,6,44.0,0.5,0.16666666666666666,GOOD,0.2469135802469136,0.08333333333333333,18.148148148148145,False,,NO_ACTIVITY_CONTEXT,False,NO_INVESTIGATION,False,,,0,0,0,0,0,0,0.0,23.75,,
2026-08-04,2890.0,94.48,4.1812,8.6016,0.4861,True,,0.0,0.788,0.8113,0.6369,29.65,1.341,0.9958,24.81,-0.1015,0,True,False,False,False,ANTM,NO_INVESTIGATION,False,0,5,0.0,30.55,,basic_materials,27,10.55,26.145000000000003,5,0.18518518518518517,0,0.0,0.4074074074074074,6,39.295,0.5,0.3333333333333333,GOOD,0.3319615912208505,0.16666666666666666,26.584362139917694,False,,NO_ACTIVITY_CONTEXT,False,NO_INVESTIGATION,False,,,0,0,0,0,0,0,0.0,30.55,,
2026-08-05,3070.0,13.42,9.0278,8.3613,1.0797,True,,90.71,2.2041,2.1733,1.6503,45.32,1.3786,1.2832,100.0,0.3186,3,False,True,True,False,ANTM,NO_INVESTIGATION,False,0,5,0.0,47.37,,basic_materials,27,40.75,82.745,12,0.4444444444444444,1,0.037037037037037035,0.8888888888888888,6,53.879999999999995,0.5,1.0,GOOD,0.49382716049382713,0.5,49.629629629629626,True,49.629629629629626,PEER_CLUSTERED_ACTIVITY,False,NO_INVESTIGATION,False,,,0,0,0,0,0,0,0.0,47.37,,
2026-08-06,3080.0,0.0,11.0727,8.3613,1.3243,True,,77.62,1.9965,1.9156,1.4155,26.38,1.372,0.6406,16.8,-0.1656,3,False,True,True,False,ANTM,NO_INVESTIGATION,False,0,5,0.0,28.92,,basic_materials,27,18.02,56.93,10,0.37037037037037035,0,0.0,0.9259259259259259,6,51.065,0.6666666666666666,1.0,GOOD,0.5829903978052127,0.33333333333333337,48.31275720164609,True,48.31275720164609,PEER_CLUSTERED_ACTIVITY,False,NO_INVESTIGATION,False,,,0,0,0,0,0,0,0.0,28.92,,
2026-08-07,3160.0,0.16,10.4235,8.3613,1.2466,True,,13.04,1.2069,1.1412,0.9148,38.86,1.2278,1.4279,100.0,0.4325,1,False,False,False,False,ANTM,NO_INVESTIGATION,False,0,5,0.0,19.78,,basic_materials,27,0.0,28.735,4,0.14814814814814814,0,0.0,0.6296296296296297,6,0.285,0.0,0.6666666666666666,GOOD,0.5363511659807957,0.6666666666666666,58.847736625514415,True,58.847736625514415,MIXED_CONTEXT,False,NO_INVESTIGATION,False,,,0,0,0,0,0,0,0.0,19.78,,
2026-08-10,3140.0,0.0,11.039,8.3613,1.3202,True,,12.47,1.1834,1.09,1.0525,0.0,0.9668,0.598,21.35,-0.1292,0,False,False,False,False,ANTM,NO_INVESTIGATION,False,0,5,0.0,5.88,,basic_materials,27,12.47,68.595,8,0.2962962962962963,3,0.1111111111111111,0.5185185185185185,6,5.865,0.16666666666666666,0.6666666666666666,GOOD,0.36488340192043894,0.5555555555555556,44.11522633744856,False,,NO_ACTIVITY_CONTEXT,False,NO_INVESTIGATION,False,,,0,0,0,0,0,0,0.0,5.88,,
2026-08-11,3090.0,8.6,9.7087,8.6016,1.1287,True,,11.37,1.1802,1.1048,0.9338,4.89,1.0638,0.8287,87.54,0.2169,0,False,False,False,False,ANTM,NO_INVESTIGATION,False,0,5,0.0,15.05,,basic_materials,27,2.88,13.344999999999999,2,0.07407407407407407,0,0.0,0.7037037037037037,6,5.25,0.0,0.6666666666666666,GOOD,0.6515775034293553,0.6666666666666666,65.76131687242798,False,,NO_ACTIVITY_CONTEXT,False,NO_INVESTIGATION,False,,,0,0,0,0,0,0,0.0,15.05,,
2026-08-12,3090.0,80.79,5.178,8.6655,0.5975,True,,0.0,0.5699,0.5574,0.5542,0.0,0.8945,0.8053,19.97,-0.1402,0,True,False,False,False,ANTM,NO_INVESTIGATION,False,0,5,0.0,22.19,,basic_materials,27,0.0,9.42,1,0.037037037037037035,0,0.0,0.5185185185185185,6,0.14,0.0,0.5,GOOD,0.4993141289437586,0.5,49.958847736625515,False,,NO_ACTIVITY_CONTEXT,False,NO_INVESTIGATION,False,,,0,0,0,0,0,0,0.0,22.19,,
2026-08-13,3000.0,39.44,7.767,8.6016,0.903,True,,3.25,0.9068,0.8736,1.0917,0.0,0.6966,0.8738,44.79,-0.0208,0,False,False,False,False,ANTM,NO_INVESTIGATION,False,0,5,0.0,15.31,,basic_materials,27,0.0,3.51,1,0.037037037037037035,0,0.0,0.7407407407407407,6,1.885,0.0,0.5,GOOD,0.7133058984910837,0.5,62.79835390946502,False,,NO_ACTIVITY_CONTEXT,False,NO_INVESTIGATION,False,,,0,0,0,0,0,0,0.0,15.31,,
2026-08-14,3070.0,29.63,8.0906,8.3613,0.9676,True,,0.0,0.8805,0.8447,0.5856,28.09,1.2649,1.1501,91.51,0.2434,0,False,False,False,False,ANTM,NO_INVESTIGATION,False,0,5,0.0,20.77,,basic_materials,27,0.0,1.06,2,0.07407407407407407,0,0.0,0.7037037037037037,6,9.55,0.16666666666666666,0.5,GOOD,0.6515775034293553,0.4166666666666667,55.76131687242798,False,,NO_ACTIVITY_CONTEXT,False,NO_INVESTIGATION,False,,,0,0,0,0,0,0,0.0,20.77,,
2026-08-18,3100.0,31.7,7.767,8.1303,0.9553,True,,0.0,0.9775,0.9161,0.8019,18.66,1.0254,1.2996,91.75,0.245,0,False,False,False,False,ANTM,NO_INVESTIGATION,False,0,5,0.0,19.9,,basic_materials,27,2.79,22.799999999999997,4,0.14814814814814814,1,0.037037037037037035,0.3333333333333333,6,0.0,0.16666666666666666,0.6666666666666666,GOOD,0.2839506172839506,0.5555555555555556,39.25925925925926,False,,NO_ACTIVITY_CONTEXT,False,NO_INVESTIGATION,False,,,0,0,0,0,0,0,0.0,19.9,,
2026-08-19,3030.0,61.22,6.1889,8.1303,0.7612,True,,0.21,1.0047,0.9856,0.9991,0.0,0.836,0.9933,14.38,-0.1849,0,True,False,False,False,ANTM,NO_INVESTIGATION,False,0,5,0.0,16.81,,basic_materials,27,0.0,27.994999999999997,6,0.2222222222222222,0,0.0,0.6296296296296297,6,0.0,0.16666666666666666,0.8333333333333334,GOOD,0.48971193415637865,0.6944444444444445,57.16049382716051,False,,NO_ACTIVITY_CONTEXT,False,NO_INVESTIGATION,False,,,0,0,0,0,0,0,0.0,16.81,,
2026-08-20,3140.0,55.94,6.5147,8.1303,0.8013,True,,49.02,1.5749,1.5484,1.063,26.4,1.2909,1.0822,100.0,0.3118,2,True,False,True,False,ANTM,NO_INVESTIGATION,False,0,5,0.0,42.65,,basic_materials,27,10.87,68.375,9,0.3333333333333333,1,0.037037037037037035,0.6666666666666666,6,41.105,0.5,0.5,GOOD,0.4444444444444445,0.25,36.66666666666667,True,36.66666666666667,PEER_CLUSTERED_ACTIVITY,True,NO_INVESTIGATION,False,,,0,0,0,0,0,0,0.0,42.65,,
2026-08-21,3170.0,44.67,7.0968,8.1303,0.8729,True,,21.71,1.2733,1.2449,0.7475,35.85,1.4842,0.9034,50.0,0.0,2,False,False,True,False,ANTM,NO_INVESTIGATION,False,0,5,0.0,28.06,,basic_materials,27,0.0,22.455,3,0.1111111111111111,1,0.037037037037037035,0.7407407407407407,6,0.0,0.0,0.8333333333333334,GOOD,0.6584362139917694,0.8333333333333334,72.83950617283949,True,72.83950617283949,STOCK_SPECIFIC_ACTIVITY,True,NO_INVESTIGATION,False,,,0,0,0,0,0,0,0.0,28.06,,
2026-08-24,3190.0,34.12,7.6433,8.1303,0.9401,True,,25.47,1.2997,1.2479,1.0572,6.04,1.089,0.8733,66.25,0.0812,2,False,False,True,False,ANTM,NO_INVESTIGATION,False,0,5,0.0,23.7,,basic_materials,27,6.91,39.585,6,0.2222222222222222,0,0.0,0.6296296296296297,6,4.195,0.16666666666666666,0.6666666666666666,GOOD,0.48971193415637865,0.5555555555555556,51.60493827160494,True,51.60493827160494,MIXED_CONTEXT,False,NO_INVESTIGATION,False,,,0,0,0,0,0,0,0.0,23.7,,
2026-08-26,3160.0,11.72,8.8608,8.1303,1.0898,True,,43.17,1.4205,1.3102,1.2677,0.0,0.9561,0.3706,49.08,-0.0037,3,False,False,True,False,ANTM,NO_INVESTIGATION,False,0,5,0.0,20.79,,basic_materials,27,50.01,74.195,14,0.5185185185185185,1,0.037037037037037035,0.48148148148148145,6,33.45,0.3333333333333333,0.6666666666666666,GOOD,0.23182441700960219,0.4444444444444445,31.68724279835391,True,31.68724279835391,MARKET_WIDE_ACTIVITY,False,NO_INVESTIGATION,False,,,0,0,0,0,0,0,0.0,20.79,,
2026-08-27,3180.0,67.37,5.9937,8.3706,0.716,True,,0.0,0.7943,0.7447,0.5933,10.99,1.1424,0.9167,53.93,0.0197,0,True,False,False,False,ANTM,NO_INVESTIGATION,False,0,5,0.0,23.88,,basic_materials,27,0.0,54.835,8,0.2962962962962963,2,0.07407407407407407,0.5185185185185185,6,0.0,0.0,0.8333333333333334,GOOD,0.36488340192043894,0.8333333333333334,55.22633744855967,False,,NO_ACTIVITY_CONTEXT,False,NO_INVESTIGATION,False,,,0,0,0,0,0,0,0.0,23.88,,
2026-08-28,3160.0,61.89,5.9937,7.9288,0.7559,True,,0.0,0.6955,0.6529,0.5978,4.53,0.9996,1.0911,19.6,-0.1432,0,True,False,False,False,ANTM,NO_INVESTIGATION,False,0,5,0.0,18.11,,basic_materials,27,0.0,48.61,7,0.25925925925925924,2,0.07407407407407407,0.5185185185185185,6,0.0,0.0,1.0,GOOD,0.38408779149519884,1.0,63.04526748971193,False,,NO_ACTIVITY_CONTEXT,False,NO_INVESTIGATION,False,,,0,0,0,0,0,0,0.0,18.11,,
2026-08-31,3100.0,54.46,6.3291,7.767,0.8149,True,,1.72,0.9707,0.9255,1.0512,0.0,0.8408,0.9154,22.37,-0.1211,0,False,False,False,False,ANTM,NO_INVESTIGATION,False,0,5,0.0,16.37,,basic_materials,27,69.98,80.765,17,0.6296296296296297,4,0.14814814814814814,0.2222222222222222,6,17.145,0.3333333333333333,0.5,GOOD,0.08230452674897118,0.33333333333333337,18.271604938271608,False,,NO_ACTIVITY_CONTEXT,False,NO_INVESTIGATION,False,,,0,0,0,0,0,0,0.0,16.37,,
2026-09-01,3080.0,46.64,6.6456,7.7052,0.8625,True,,0.13,0.9603,0.9169,1.0038,17.42,0.8288,1.269,46.58,-0.0137,0,False,False,False,False,ANTM,NO_INVESTIGATION,False,0,5,0.0,18.97,,basic_materials,27,54.42,84.5,14,0.5185185185185185,2,0.07407407407407407,0.18518518518518517,6,4.35,0.0,0.5,GOOD,0.08916323731138547,0.5,25.349794238683128,False,,NO_ACTIVITY_CONTEXT,False,NO_INVESTIGATION,False,,,0,0,0,0,0,0,0.0,18.97,,
2026-09-02,3030.0,58.3,5.8065,7.37,0.7878,True,,17.97,1.0709,1.0875,1.3175,0.0,0.7079,0.0,50.0,0.0,1,True,False,False,False,ANTM,NO_INVESTIGATION,False,0,5,0.0,24.97,,basic_materials,27,17.97,62.275000000000006,8,0.2962962962962963,0,0.0,0.5185185185185185,6,0.485,0.16666666666666666,0.8333333333333334,GOOD,0.36488340192043894,0.6944444444444445,49.670781893004126,True,49.670781893004126,MIXED_CONTEXT,True,NO_INVESTIGATION,False,,,0,0,0,0,0,0,0.0,24.97,,
2026-09-03,3150.0,69.63,5.1613,7.37,0.7003,True,,41.21,1.4476,1.419,1.0741,40.45,1.187,1.422,93.49,0.2566,2,True,False,True,False,ANTM,NO_INVESTIGATION,False,0,5,0.0,45.19,,basic_materials,27,32.28,69.175,9,0.3333333333333333,1,0.037037037037037035,0.6296296296296297,6,0.0,0.0,1.0,GOOD,0.4197530864197532,1.0,65.18518518518519,True,65.18518518518519,STOCK_SPECIFIC_ACTIVITY,True,NO_INVESTIGATION,False,,,0,0,0,0,0,0,0.0,45.19,,
2026-09-04,3120.0,69.63,5.1613,7.37,0.7003,True,,0.0,0.816,0.8109,0.8071,0.0,0.9402,0.7121,12.2,-0.2024,0,True,False,False,False,ANTM,NO_INVESTIGATION,False,0,5,0.0,18.63,,basic_materials,27,0.0,24.19,5,0.18518518518518517,1,0.037037037037037035,0.5185185185185185,6,0.0,0.16666666666666666,0.8333333333333334,GOOD,0.4224965706447188,0.6944444444444445,53.12757201646091,False,,NO_ACTIVITY_CONTEXT,False,NO_INVESTIGATION,False,,,0,0,0,0,0,0,0.0,18.63,,
2026-09-07,3080.0,65.14,5.1948,6.8712,0.756,True,,0.0,0.7621,0.751,0.7927,19.2,0.8534,1.3824,57.35,0.0367,0,True,False,False,False,ANTM,NO_INVESTIGATION,False,0,5,0.0,24.9,,basic_materials,27,0.77,43.894999999999996,6,0.2222222222222222,2,0.07407407407407407,0.4444444444444444,6,18.89,0.16666666666666666,0.5,GOOD,0.345679012345679,0.4166666666666667,37.40740740740741,False,,NO_ACTIVITY_CONTEXT,False,NO_INVESTIGATION,False,,,0,0,0,0,0,0,0.0,24.9,,
2026-09-08,3080.0,58.36,5.1948,6.5801,0.7895,True,,4.65,1.0571,1.0578,0.7912,46.61,1.2062,1.5794,62.96,0.0648,0,True,False,False,False,ANTM,NO_INVESTIGATION,False,0,5,0.0,29.27,,basic_materials,27,21.11,72.91999999999999,10,0.37037037037037035,1,0.037037037037037035,0.3333333333333333,6,25.725,0.3333333333333333,0.16666666666666666,GOOD,0.20987654320987653,0.11111111111111112,17.037037037037038,False,,NO_ACTIVITY_CONTEXT,False,NO_INVESTIGATION,False,,,0,0,0,0,0,0,0.0,29.27,,
2026-09-09,3200.0,63.17,4.8077,6.4219,0.7486,True,,90.12,2.3022,2.2476,1.4974,66.99,1.3881,1.7254,100.0,0.5744,3,True,True,True,True,ANTM,EMERGING,True,1,5,20.0,66.88,66.88,basic_materials,27,51.62,75.14,14,0.5185185185185185,4,0.14814814814814814,0.8888888888888888,6,63.14,0.6666666666666666,0.6666666666666666,GOOD,0.4279835390946502,0.22222222222222224,34.5679012345679,True,34.5679012345679,MARKET_WIDE_ACTIVITY,True,EMERGING,True,ANTM-20260909-02,2026-09-09,1,1,1,1,1,0,20.0,66.88,66.88,
2026-09-10,3270.0,0.0,8.6538,6.259,1.3826,True,,100.0,2.9532,2.784,2.0891,29.94,1.2409,1.1999,100.0,0.3605,3,False,True,True,False,ANTM,WEAKENING,True,1,5,20.0,48.49,48.49,basic_materials,27,23.38,67.435,12,0.4444444444444444,2,0.07407407407407407,1.0,6,67.435,0.6666666666666666,1.0,GOOD,0.5555555555555556,0.33333333333333337,46.666666666666664,True,46.666666666666664,PEER_CLUSTERED_ACTIVITY,False,WEAKENING,True,ANTM-20260909-02,2026-09-09,2,1,1,1,1,1,20.0,48.49,48.49,
2026-09-11,3270.0,0.0,8.4375,6.259,1.3481,True,,47.19,1.5483,1.481,1.1173,16.63,1.2164,0.5969,44.36,-0.0226,2,False,False,True,False,ANTM,WEAKENING,True,1,5,20.0,25.09,25.09,basic_materials,27,18.62,50.334999999999994,7,0.25925925925925924,0,0.0,0.7407407407407407,6,43.599999999999994,0.5,0.5,GOOD,0.5486968449931412,0.25,42.92181069958847,True,42.92181069958847,PEER_CLUSTERED_ACTIVITY,False,CLOSED,False,ANTM-20260909-02,2026-09-09,3,1,1,1,1,2,20.0,25.09,,TWO_UNSUPPORTED_SESSIONS
2026-09-14,3190.0,0.0,8.4375,6.4219,1.3139,True,,64.53,1.6701,1.6215,1.3892,2.05,1.0281,0.9032,0.0,-0.4301,3,False,True,True,False,ANTM,WEAKENING,True,1,5,20.0,23.67,23.67,basic_materials,27,26.07,74.15,11,0.4074074074074074,0,0.0,0.6666666666666666,6,85.95,0.8333333333333334,0.16666666666666666,GOOD,0.3950617283950617,0.02777777777777777,24.814814814814813,True,24.814814814814813,PEER_CLUSTERED_ACTIVITY,False,NO_INVESTIGATION,False,,,0,0,0,0,0,0,0.0,19.67,,
2026-09-15,3270.0,0.55,7.9511,6.4219,1.2381,True,,39.61,1.4694,1.3872,1.1217,17.16,1.1334,1.1454,100.0,0.3983,2,False,False,True,False,ANTM,WEAKENING,True,1,5,20.0,28.59,28.59,basic_materials,27,0.0,11.379999999999999,4,0.14814814814814814,0,0.0,0.8148148148148148,6,1.4549999999999998,0.3333333333333333,0.6666666666666666,GOOD,0.6941015089163237,0.4444444444444445,59.42386831275721,True,59.42386831275721,MIXED_CONTEXT,False,NO_INVESTIGATION,False,,,0,0,0,0,0,0,0.0,24.59,,
2026-09-16,3220.0,6.96,7.3394,6.4219,1.1429,True,,37.09,1.4137,1.3353,1.2125,4.73,1.062,0.6065,70.97,0.1065,3,False,False,True,False,ANTM,NO_INVESTIGATION,False,0,5,0.0,20.67,,basic_materials,27,0.0,19.835,2,0.07407407407407407,0,0.0,0.8888888888888888,6,25.494999999999997,0.3333333333333333,0.6666666666666666,GOOD,0.8230452674897119,0.4444444444444445,67.1604938271605,True,67.1604938271605,STOCK_SPECIFIC_ACTIVITY,False,NO_INVESTIGATION,False,,,0,0,0,0,0,0,0.0,20.67,,
2026-09-17,3280.0,6.95,7.3394,6.4219,1.1429,True,,0.0,0.6364,0.6235,0.6487,0.0,0.9294,0.7734,69.16,0.0958,0,False,False,False,False,ANTM,NO_INVESTIGATION,False,0,5,0.0,8.65,,basic_materials,27,0.0,8.625,3,0.1111111111111111,0,0.0,0.6666666666666666,6,0.0,0.3333333333333333,0.6666666666666666,GOOD,0.5925925925925926,0.4444444444444445,53.333333333333336,False,,NO_ACTIVITY_CONTEXT,False,NO_INVESTIGATION,False,,,0,0,0,0,0,0,0.0,8.65,,
2026-09-18,3340.0,5.39,7.6453,6.5801,1.1619,True,,16.48,1.2349,1.1878,0.8271,62.59,1.4145,1.5924,100.0,0.3252,1,False,False,False,False,ANTM,NO_INVESTIGATION,False,0,5,0.0,25.68,,basic_materials,27,48.09,72.95,12,0.4444444444444444,1,0.037037037037037035,0.3333333333333333,6,26.64,0.3333333333333333,0.5,GOOD,0.18518518518518517,0.33333333333333337,24.444444444444446,True,24.444444444444446,MIXED_CONTEXT,False,NO_INVESTIGATION,False,,,0,0,0,0,0,0,0.0,25.68,,
2026-09-21,3240.0,35.68,6.422,6.8712,0.9346,True,,0.0,0.9852,0.9514,0.9895,0.0,0.9881,0.7646,0.0,-0.3907,0,False,False,False,False,ANTM,NO_INVESTIGATION,False,0,5,0.0,8.92,,basic_materials,27,0.0,3.005,2,0.07407407407407407,0,0.0,0.7037037037037037,6,0.0,0.16666666666666666,0.6666666666666666,GOOD,0.6515775034293553,0.5555555555555556,61.31687242798354,False,,NO_ACTIVITY_CONTEXT,False,NO_INVESTIGATION,False,,,0,0,0,0,0,0,0.0,8.92,,
2026-09-22,3170.0,12.09,7.0988,6.5338,1.0865,True,,0.24,0.7028,0.718,1.0071,0.0,0.6925,0.7492,41.34,-0.0346,0,False,False,False,False,ANTM,NO_INVESTIGATION,False,0,5,0.0,7.23,,basic_materials,27,2.89,15.330000000000002,4,0.14814814814814814,0,0.0,0.4444444444444444,6,2.725,0.16666666666666666,0.5,GOOD,0.3786008230452675,0.4166666666666667,39.382716049382715,False,,NO_ACTIVITY_CONTEXT,False,NO_INVESTIGATION,False,,,0,0,0,0,0,0,0.0,7.23,,
2026-09-23,3280.0,14.02,7.0122,6.5338,1.0732,True,,0.0,0.7881,0.7706,0.6253,37.72,1.1512,1.626,40.05,-0.0398,0,False,False,False,False,ANTM,NO_INVESTIGATION,False,0,5,0.0,13.17,,basic_materials,27,0.0,4.3549999999999995,2,0.07407407407407407,0,0.0,0.6296296296296297,6,0.0,0.16666666666666666,0.8333333333333334,GOOD,0.5829903978052127,0.6944444444444445,62.75720164609054,False,,NO_ACTIVITY_CONTEXT,False,NO_INVESTIGATION,False,,,0,0,0,0,0,0,0.0,13.17,,
2026-09-24,3270.0,12.93,7.0336,6.5338,1.0765,True,,0.0,0.5814,0.5466,0.4507,42.65,1.0821,2.0253,0.59,-0.2953,0,False,False,False,False,ANTM,NO_INVESTIGATION,False,0,5,0.0,9.69,,basic_materials,27,0.0,0.0,2,0.07407407407407407,0,0.0,0.8148148148148148,6,0.0,0.16666666666666666,0.8333333333333334,GOOD,0.7544581618655692,0.6944444444444445,73.04526748971195,False,,NO_ACTIVITY_CONTEXT,False,NO_INVESTIGATION,False,,,0,0,0,0,0,0,0.0,9.69,,
2026-09-25,3230.0,18.49,7.0988,6.8289,1.0395,True,,0.0,0.7335,0.6872,0.4915,37.84,1.2519,1.3555,28.84,-0.0847,0,False,False,False,False,ANTM,NO_INVESTIGATION,False,0,5,0.0,13.18,,basic_materials,27,0.0,0.0,1,0.037037037037037035,0,0.0,0.7777777777777778,6,0.0,0.0,0.8333333333333334,GOOD,0.7489711934156379,0.8333333333333334,78.27160493827161,False,,NO_ACTIVITY_CONTEXT,False,NO_INVESTIGATION,False,,,0,0,0,0,0,0,0.0,13.18,,
2026-09-28,3100.0,22.39,7.1207,7.0229,1.0139,True,,0.0,0.8093,0.7888,0.9358,0.0,0.6932,0.7224,21.09,-0.1313,0,False,False,False,False,ANTM,NO_INVESTIGATION,False,0,5,0.0,7.71,,basic_materials,27,0.0,4.0649999999999995,1,0.037037037037037035,0,0.0,0.5555555555555556,6,0.39,0.0,0.5,GOOD,0.5349794238683128,0.5,52.09876543209877,False,,NO_ACTIVITY_CONTEXT,False,NO_INVESTIGATION,False,,,0,0,0,0,0,0,0.0,7.71,,
2026-09-29,3160.0,0.0,8.9783,7.0662,1.2706,True,,0.0,0.8217,0.8087,0.7713,0.0,0.8538,0.7235,18.94,-0.1485,0,False,False,False,False,ANTM,NO_INVESTIGATION,False,0,5,0.0,1.89,,basic_materials,27,13.22,41.695,3,0.1111111111111111,0,0.0,0.3333333333333333,6,15.645,0.0,0.3333333333333333,GOOD,0.2962962962962963,0.3333333333333333,31.11111111111111,False,,NO_ACTIVITY_CONTEXT,False,NO_INVESTIGATION,False,,,0,0,0,0,0,0,0.0,1.89,,
2026-06-12,4740.0,22.75,12.766,12.5795,1.0148,True,,26.44,0.8684,0.8958,2.265,24.78,0.4131,1.5349,0.0,-0.3236,1,False,False,False,False,ASII,NO_INVESTIGATION,False,0,5,0.0,17.34,,industrials,27,7.79,25.415,4,0.14814814814814814,0,0.0,0.7777777777777778,1,7.79,0.0,1.0,THIN,0.6625514403292181,1.0,66.2551440329218,True,66.2551440329218,STOCK_SPECIFIC_ACTIVITY,False,NO_INVESTIGATION,False,,,0,0,0,0,0,0,0.0,17.34,,
2026-06-15,4890.0,20.7,13.1915,12.807,1.03,True,,27.45,1.2156,1.2078,1.3932,7.69,0.9348,1.1712,0.0,-0.327,3,False,False,True,False,ASII,NO_INVESTIGATION,False,0,5,0.0,14.56,,industrials,27,42.94,64.585,13,0.48148148148148145,0,0.0,0.4444444444444444,1,11.17,0.0,1.0,THIN,0.23045267489711938,1.0,23.045267489711936,True,23.045267489711936,MIXED_CONTEXT,False,NO_INVESTIGATION,False,,,0,0,0,0,0,0,0.0,14.56,,
2026-06-17,4800.0,61.78,9.4937,13.0197,0.7292,True,,6.6,0.9242,0.8729,1.213,0.0,0.8225,0.5489,11.28,-0.2097,1,True,False,False,False,ASII,NO_INVESTIGATION,False,0,5,0.0,18.55,,industrials,27,0.0,18.119999999999997,4,0.14814814814814814,0,0.0,0.7037037037037037,1,0.0,0.0,1.0,THIN,0.5994513031550068,1.0,59.945130315500684,True,59.945130315500684,MIXED_CONTEXT,True,NO_INVESTIGATION,False,,,0,0,0,0,0,0,0.0,18.55,,
2026-06-18,4770.0,90.3,6.2893,13.0197,0.4831,True,,0.0,0.7566,0.726,0.6994,2.77,1.0376,0.9497,52.21,0.0111,0,True,False,False,False,ASII,NO_INVESTIGATION,False,0,5,0.0,28.21,,industrials,27,0.0,2.745,1,0.037037037037037035,0,0.0,0.7037037037037037,1,36.9,0.0,0.0,THIN,0.6776406035665296,0.0,67.76406035665296,False,,NO_ACTIVITY_CONTEXT,False,NO_INVESTIGATION,False,,,0,0,0,0,0,0,0.0,28.21,,
2026-06-19,4810.0,91.57,5.625,13.0197,0.432,True,,70.0,2.8913,2.7463,0.43,88.35,6.2486,1.6566,51.53,0.0076,2,True,True,True,True,ASII,EMERGING,True,1,5,20.0,66.3,66.3,industrials,27,66.7,70.0,17,0.6296296296296297,6,0.2222222222222222,0.8518518518518519,1,70.0,1.0,1.0,THIN,0.31550068587105623,0.0,31.550068587105624,True,31.550068587105624,MARKET_WIDE_ACTIVITY,True,EMERGING,True,ASII-20260619-01,2026-06-19,1,1,1,1,1,0,20.0,66.3,66.3,
2026-06-22,4730.0,91.57,5.625,13.0197,0.432,True,,0.0,0.5605,0.5505,0.6608,12.79,0.8105,1.2826,6.39,-0.2489,0,True,False,False,False,ASII,WEAKENING,True,1,5,20.0,29.45,29.45,industrials,27,0.0,14.54,1,0.037037037037037035,0,0.0,0.6296296296296297,1,0.16,0.0,0.0,THIN,0.6063100137174212,0.0,60.63100137174212,False,,NO_ACTIVITY_CONTEXT,False,WEAKENING,True,ASII-20260619-01,2026-06-19,2,1,1,1,1,1,20.0,29.45,29.45,
2026-06-23,4680.0,91.9,5.4507,13.0197,0.4187,True,,0.0,0.6792,0.6774,0.606,27.76,1.1118,1.4421,11.81,-0.2055,0,True,False,False,False,ASII,WEAKENING,True,1,5,20.0,32.32,32.32,industrials,27,0.0,0.0,1,0.037037037037037035,0,0.0,0.8148148148148148,1,0.0,0.0,1.0,THIN,0.7846364883401921,1.0,78.46364883401921,False,,NO_ACTIVITY_CONTEXT,False,CLOSED,False,ASII-20260619-01,2026-06-19,3,1,1,1,1,2,20.0,32.32,,TWO_UNSUPPORTED_SESSIONS
2026-06-24,4640.0,92.21,5.2854,13.0197,0.406,True,,0.0,0.6378,0.6338,0.606,7.35,1.0056,1.1629,40.61,-0.0376,0,True,False,False,False,ASII,WEAKENING,True,1,5,20.0,32.22,32.22,industrials,27,0.0,10.780000000000001,1,0.037037037037037035,0,0.0,0.6296296296296297,1,0.0,0.0,1.0,THIN,0.6063100137174212,1.0,60.63100137174212,False,,NO_ACTIVITY_CONTEXT,False,NO_INVESTIGATION,False,,,0,0,0,0,0,0,0.0,28.22,,
2026-06-25,4920.0,87.57,6.7653,13.0197,0.5196,True,,6.5,1.0869,1.0447,1.0386,8.37,1.0001,1.1823,73.68,0.1245,0,True,False,False,False,ASII,WEAKENING,True,1,5,20.0,36.47,36.47,industrials,27,0.0,12.219999999999999,5,0.18518518518518517,1,0.037037037037037035,0.6666666666666666,1,17.43,0.0,0.0,THIN,0.5432098765432098,0.0,54.32098765432099,False,,NO_ACTIVITY_CONTEXT,False,NO_INVESTIGATION,False,,,0,0,0,0,0,0,0.0,32.47,,
2026-06-26,4760.0,84.59,6.7653,12.807,0.5283,True,,0.0,0.7437,0.7598,0.7305,0.0,0.969,0.4993,2.19,-0.2825,0,True,False,False,False,ASII,NO_INVESTIGATION,False,0,5,0.0,21.37,,industrials,27,0.0,0.0,1,0.037037037037037035,0,0.0,0.8148148148148148,1,2.44,0.0,0.0,THIN,0.7846364883401921,0.0,78.46364883401921,False,,NO_ACTIVITY_CONTEXT,False,NO_INVESTIGATION,False,,,0,0,0,0,0,0,0.0,21.37,,
2026-06-29,4710.0,80.83,6.7941,12.5385,0.5419,True,,0.0,0.3003,0.2979,0.4517,0.0,0.6124,0.6114,7.27,-0.2418,0,True,False,False,False,ASII,NO_INVESTIGATION,False,0,5,0.0,20.93,,industrials,27,0.0,0.0,1,0.037037037037037035,0,0.0,0.9629629629629629,1,0.0,0.0,1.0,THIN,0.9272976680384087,1.0,92.72976680384087,False,,NO_ACTIVITY_CONTEXT,False,NO_INVESTIGATION,False,,,0,0,0,0,0,0,0.0,20.93,,
2026-06-30,4520.0,39.64,10.1911,11.4471,0.8903,True,,0.0,0.9752,0.9646,0.8339,9.12,1.1186,0.6337,7.69,-0.2385,0,False,False,False,False,ASII,NO_INVESTIGATION,False,0,5,0.0,12.05,,industrials,27,0.0,25.9,2,0.07407407407407407,0,0.0,0.5925925925925926,1,2.22,0.0,0.0,THIN,0.5486968449931413,0.0,54.86968449931413,False,,NO_ACTIVITY_CONTEXT,False,NO_INVESTIGATION,False,,,0,0,0,0,0,0,0.0,12.05,,
2026-07-01,4600.0,27.31,10.1911,10.3871,0.9811,True,,0.0,0.3778,0.3725,0.6126,0.0,0.6496,0.9623,8.99,-0.2281,0,False,False,False,False,ASII,NO_INVESTIGATION,False,0,5,0.0,7.73,,industrials,27,0.0,0.0,1,0.037037037037037035,0,0.0,0.8518518518518519,1,0.0,0.0,1.0,THIN,0.8203017832647462,1.0,82.03017832647463,False,,NO_ACTIVITY_CONTEXT,False,NO_INVESTIGATION,False,,,0,0,0,0,0,0,0.0,7.73,,
2026-07-02,4580.0,27.31,10.0,10.1911,0.9812,True,,0.0,0.6663,0.6764,0.5268,38.88,1.4135,1.0895,0.0,-0.314,0,False,False,False,False,ASII,NO_INVESTIGATION,False,0,5,0.0,12.66,,industrials,27,0.0,0.0,1,0.037037037037037035,0,0.0,0.8888888888888888,1,0.0,0.0,1.0,THIN,0.8559670781893004,1.0,85.59670781893004,False,,NO_ACTIVITY_CONTEXT,False,NO_INVESTIGATION,False,,,0,0,0,0,0,0,0.0,12.66,,
2026-07-03,4810.0,55.85,7.8261,10.0955,0.7752,True,,0.0,0.3556,0.3584,0.4986,17.29,0.7209,1.2932,93.08,0.2539,0,True,False,False,False,ASII,NO_INVESTIGATION,False,0,5,0.0,25.86,,industrials,27,0.0,0.0,1,0.037037037037037035,0,0.0,0.7777777777777778,1,4.17,0.0,0.0,THIN,0.7489711934156379,0.0,74.8971193415638,False,,NO_ACTIVITY_CONTEXT,False,NO_INVESTIGATION,False,,,0,0,0,0,0,0,0.0,25.86,,
2026-07-06,4780.0,52.84,7.8261,9.7468,0.8029,True,,0.0,0.4729,0.4754,0.5674,0.0,0.8372,0.6524,22.18,-0.1226,0,False,False,False,False,ASII,NO_INVESTIGATION,False,0,5,0.0,15.43,,industrials,27,0.0,0.0,0,0.0,0,0.0,0.8148148148148148,1,0.0,0.0,1.0,THIN,0.8148148148148148,1.0,81.48148148148148,False,,NO_ACTIVITY_CONTEXT,False,NO_INVESTIGATION,False,,,0,0,0,0,0,0,0.0,15.43,,
2026-07-07,4930.0,6.75,10.0418,8.6599,1.1596,True,,0.0,0.7008,0.6802,0.6553,24.83,1.1543,1.283,19.63,-0.1429,0,False,False,False,False,ASII,NO_INVESTIGATION,False,0,5,0.0,7.37,,industrials,27,0.0,6.77,1,0.037037037037037035,1,0.037037037037037035,0.7037037037037037,1,0.0,0.0,1.0,THIN,0.6776406035665296,1.0,67.76406035665296,False,,NO_ACTIVITY_CONTEXT,False,NO_INVESTIGATION,False,,,0,0,0,0,0,0,0.0,7.37,,
2026-07-08,4890.0,30.76,8.316,8.6599,0.9603,True,,0.0,0.7365,0.7152,0.7561,28.44,1.088,1.4401,32.5,-0.07,0,False,False,False,False,ASII,NO_INVESTIGATION,False,0,5,0.0,15.21,,industrials,27,0.0,0.02,0,0.0,0,0.0,0.7407407407407407,1,0.0,0.0,1.0,THIN,0.7407407407407407,1.0,74.07407407407408,False,,NO_ACTIVITY_CONTEXT,False,NO_INVESTIGATION,False,,,0,0,0,0,0,0,0.0,15.21,,
2026-07-09,4880.0,29.9,7.7869,8.071,0.9648,True,,0.0,0.7498,0.7358,0.9906,3.8,0.8463,1.0816,6.63,-0.2469,0,False,False,False,False,ASII,NO_INVESTIGATION,False,0,5,0.0,8.71,,industrials,27,0.0,0.0,0,0.0,0,0.0,0.8148148148148148,1,0.0,0.0,1.0,THIN,0.8148148148148148,1.0,81.48148148148148,False,,NO_ACTIVITY_CONTEXT,False,NO_INVESTIGATION,False,,,0,0,0,0,0,0,0.0,8.71,,
2026-07-10,4810.0,58.76,5.9426,7.8261,0.7593,True,,0.0,0.4518,0.4422,0.7647,0.56,0.6427,1.0119,6.74,-0.2461,0,True,False,False,False,ASII,NO_INVESTIGATION,False,0,5,0.0,15.45,,industrials,27,0.0,0.0,0,0.0,0,0.0,0.7777777777777778,1,8.7,0.0,0.0,THIN,0.7777777777777778,0.0,77.77777777777779,False,,NO_ACTIVITY_CONTEXT,False,NO_INVESTIGATION,False,,,0,0,0,0,0,0,0.0,15.45,,
2026-07-13,4850.0,71.87,5.123,7.8065,0.6562,True,,0.0,0.8501,0.8265,0.8954,0.0,0.9946,0.6482,0.0,-0.4227,0,True,False,False,False,ASII,NO_INVESTIGATION,False,0,5,0.0,17.97,,industrials,27,0.0,0.0,2,0.07407407407407407,0,0.0,0.7777777777777778,1,45.18,0.0,0.0,THIN,0.720164609053498,0.0,72.0164609053498,False,,NO_ACTIVITY_CONTEXT,False,NO_INVESTIGATION,False,,,0,0,0,0,0,0,0.0,17.97,,
2026-07-14,4880.0,67.36,5.123,7.2905,0.7027,True,,10.85,1.0671,1.0276,1.2096,0.0,0.9035,0.7262,0.0,-0.3499,1,True,False,False,False,ASII,NO_INVESTIGATION,False,0,5,0.0,20.09,,industrials,27,4.74,24.61,6,0.2222222222222222,0,0.0,0.6296296296296297,1,59.81,1.0,0.0,THIN,0.48971193415637865,0.0,48.97119341563786,True,48.97119341563786,MIXED_CONTEXT,True,NO_INVESTIGATION,False,,,0,0,0,0,0,0,0.0,20.09,,
2026-07-15,4850.0,81.82,4.1237,6.7797,0.6082,True,,1.8,0.7955,0.7744,1.0512,0.0,0.7751,0.9468,0.0,-0.3894,0,True,False,False,False,ASII,NO_INVESTIGATION,False,0,5,0.0,20.99,,industrials,27,3.06,20.625,3,0.1111111111111111,2,0.07407407407407407,0.4444444444444444,1,3.84,0.0,0.0,THIN,0.3950617283950617,0.0,39.50617283950617,False,,NO_ACTIVITY_CONTEXT,False,NO_INVESTIGATION,False,,,0,0,0,0,0,0,0.0,20.99,,
2026-07-16,5100.0,0.0,8.6598,6.7653,1.28,True,,68.21,1.6446,1.5879,1.6422,0.0,0.9813,0.9329,0.0,-0.3371,3,False,True,True,False,ASII,NO_INVESTIGATION,False,0,5,0.0,20.46,,industrials,27,2.62,37.715,5,0.18518518518518517,2,0.07407407407407407,1.0,1,59.53,1.0,1.0,THIN,0.8148148148148149,0.0,81.4814814814815,True,81.4814814814815,STOCK_SPECIFIC_ACTIVITY,False,NO_INVESTIGATION,False,,,0,0,0,0,0,0,0.0,20.46,,
2026-07-17,5100.0,0.0,9.6311,6.7797,1.4206,True,,41.93,1.5544,1.4651,1.0908,34.94,1.4222,0.5744,0.0,-0.473,2,False,False,True,False,ASII,NO_INVESTIGATION,False,0,5,0.0,17.82,,industrials,27,10.93,54.2,8,0.2962962962962963,2,0.07407407407407407,0.6296296296296297,1,1.02,0.0,1.0,THIN,0.4430727023319616,1.0,44.307270233196164,True,44.307270233196164,MIXED_CONTEXT,False,NO_INVESTIGATION,False,,,0,0,0,0,0,0,0.0,17.82,,
2026-07-20,5050.0,4.18,8.7129,7.2905,1.1951,True,,44.63,1.5716,1.4822,1.1346,25.99,1.3099,0.8276,0.0,-0.4973,2,False,False,True,False,ASII,NO_INVESTIGATION,False,0,5,0.0,18.33,,industrials,27,31.73,51.675,7,0.25925925925925924,2,0.07407407407407407,0.6666666666666666,1,57.33,1.0,0.0,THIN,0.49382716049382713,0.0,49.382716049382715,True,49.382716049382715,MIXED_CONTEXT,False,NO_INVESTIGATION,False,,,0,0,0,0,0,0,0.0,18.33,,
2026-07-21,5100.0,20.51,8.0392,7.8065,1.0298,True,,0.0,0.9028,0.855,0.8285,14.15,1.0555,1.216,0.66,-0.2947,0,False,False,False,False,ASII,NO_INVESTIGATION,False,0,5,0.0,7.32,,industrials,27,21.74,66.245,9,0.3333333333333333,5,0.18518518518518517,0.14814814814814814,1,20.33,0.0,0.0,THIN,0.09876543209876544,0.0,9.876543209876544,False,,NO_ACTIVITY_CONTEXT,False,NO_INVESTIGATION,False,,,0,0,0,0,0,0,0.0,7.32,,
2026-07-22,5150.0,6.06,9.0196,7.8261,1.1525,True,,97.23,4.4169,2.0879,2.8152,41.88,1.5275,0.3954,19.82,-0.1414,3,False,True,True,False,ASII,NO_INVESTIGATION,False,0,5,0.0,38.95,,industrials,27,44.55,85.55000000000001,13,0.48148148148148145,3,0.1111111111111111,0.9629629629629629,1,5.48,0.0,1.0,THIN,0.49931412894375865,1.0,49.93141289437587,True,49.93141289437587,MIXED_CONTEXT,False,NO_INVESTIGATION,False,,,0,0,0,0,0,0,0.0,38.95,,
2026-07-23,5000.0,66.8,5.8824,7.9327,0.7415,True,,37.72,1.5326,1.4822,1.0809,30.85,1.3804,0.7966,0.0,-0.387,2,True,False,True,False,ASII,NO_INVESTIGATION,False,0,5,0.0,32.64,,industrials,27,50.68,81.85,14,0.5185185185185185,2,0.07407407407407407,0.37037037037037035,1,14.47,0.0,1.0,THIN,0.17832647462277093,1.0,17.832647462277095,True,17.832647462277095,MARKET_WIDE_ACTIVITY,True,NO_INVESTIGATION,False,,,0,0,0,0,0,0,0.0,32.64,,
2026-07-24,4980.0,24.91,7.9208,7.9327,0.9985,True,,49.15,1.6503,1.6401,1.202,56.29,1.3367,1.8343,52.47,0.0124,3,False,False,True,False,ASII,NO_INVESTIGATION,False,0,5,0.0,34.66,,industrials,27,11.43,44.915,6,0.2222222222222222,1,0.037037037037037035,0.7777777777777778,1,0.0,0.0,1.0,THIN,0.6049382716049383,1.0,60.49382716049383,True,60.49382716049383,MIXED_CONTEXT,False,NO_INVESTIGATION,False,,,0,0,0,0,0,0,0.0,34.66,,
2026-07-27,4910.0,24.3,8.0,7.98,1.0025,True,,0.0,0.4716,0.4709,0.6725,0.0,0.67,0.9298,0.0,-0.4334,0,False,False,False,False,ASII,NO_INVESTIGATION,False,0,5,0.0,6.08,,industrials,27,0.0,14.01,1,0.037037037037037035,0,0.0,0.5925925925925926,1,0.0,0.0,1.0,THIN,0.5706447187928669,1.0,57.06447187928669,False,,NO_ACTIVITY_CONTEXT,False,NO_INVESTIGATION,False,,,0,0,0,0,0,0,0.0,6.08,,
2026-07-28,4970.0,24.43,8.0321,8.0196,1.0016,True,,0.0,0.779,0.7693,0.8262,5.46,0.9009,1.1221,29.54,-0.0818,0,False,False,False,False,ASII,NO_INVESTIGATION,False,0,5,0.0,9.88,,industrials,27,0.0,4.82,1,0.037037037037037035,1,0.037037037037037035,0.6296296296296297,1,0.0,0.0,1.0,THIN,0.6063100137174212,1.0,60.63100137174212,False,,NO_ACTIVITY_CONTEXT,False,NO_INVESTIGATION,False,,,0,0,0,0,0,0,0.0,9.88,,
2026-07-29,4960.0,78.27,5.5332,8.0161,0.6903,True,,0.0,0.552,0.539,0.6848,16.36,0.8296,1.3406,48.19,-0.0073,0,True,False,False,False,ASII,NO_INVESTIGATION,False,0,5,0.0,26.84,,industrials,27,2.68,28.005,3,0.1111111111111111,1,0.037037037037037035,0.48148148148148145,1,31.02,0.0,0.0,THIN,0.42798353909465014,0.0,42.798353909465014,False,,NO_ACTIVITY_CONTEXT,False,NO_INVESTIGATION,False,,,0,0,0,0,0,0,0.0,26.84,,
2026-07-30,4950.0,100.0,3.125,7.9604,0.3926,True,,0.0,0.7774,0.7677,0.7999,1.45,1.0207,0.7758,36.51,-0.054,0,True,False,False,False,ASII,NO_INVESTIGATION,False,0,5,0.0,28.87,,industrials,27,0.45,16.86,2,0.07407407407407407,0,0.0,0.48148148148148145,1,93.33,1.0,0.0,THIN,0.4458161865569273,0.0,44.58161865569273,False,,NO_ACTIVITY_CONTEXT,False,NO_INVESTIGATION,False,,,0,0,0,0,0,0,0.0,28.87,,
2026-07-31,5100.0,62.99,6.1492,7.8734,0.781,True,,9.14,1.1256,1.0586,1.0663,6.01,1.0824,0.9893,69.97,0.0998,0,True,False,False,False,ASII,NO_INVESTIGATION,False,0,5,0.0,26.39,,industrials,27,9.39,62.57,8,0.2962962962962963,3,0.1111111111111111,0.48148148148148145,1,59.2,1.0,0.0,THIN,0.3388203017832647,0.0,33.882030178326474,False,,NO_ACTIVITY_CONTEXT,False,NO_INVESTIGATION,False,,,0,0,0,0,0,0,0.0,26.39,,
2026-08-03,5050.0,19.55,8.1489,7.8734,1.035,True,,0.0,0.7328,0.7006,0.8887,3.36,0.8188,1.0739,0.0,-0.3391,0,False,False,False,False,ASII,NO_INVESTIGATION,False,0,5,0.0,5.39,,industrials,27,13.11,61.47,9,0.3333333333333333,1,0.037037037037037035,0.37037037037037035,1,13.11,0.0,0.0,THIN,0.2469135802469136,0.0,24.69135802469136,False,,NO_ACTIVITY_CONTEXT,False,NO_INVESTIGATION,False,,,0,0,0,0,0,0,0.0,5.39,,
2026-08-04,5125.0,23.56,8.0198,7.9604,1.0075,True,,0.0,0.9344,0.8941,0.7004,25.4,1.3247,0.9568,19.93,-0.1405,0,False,False,False,False,ASII,NO_INVESTIGATION,False,0,5,0.0,11.69,,industrials,27,10.55,26.145000000000003,5,0.18518518518518517,0,0.0,0.4074074074074074,1,14.04,0.0,0.0,THIN,0.3319615912208505,0.0,33.19615912208505,False,,NO_ACTIVITY_CONTEXT,False,NO_INVESTIGATION,False,,,0,0,0,0,0,0,0.0,11.69,,
2026-08-05,5025.0,23.44,8.0198,7.9604,1.0075,True,,12.19,1.1824,1.1246,0.8792,33.31,1.3036,1.2098,0.0,-0.3363,0,False,False,False,False,ASII,NO_INVESTIGATION,False,0,5,0.0,14.51,,industrials,27,40.75,82.745,12,0.4444444444444444,1,0.037037037037037035,0.2962962962962963,1,13.57,0.0,0.0,THIN,0.1646090534979424,0.0,16.46090534979424,False,,NO_ACTIVITY_CONTEXT,False,NO_INVESTIGATION,False,,,0,0,0,0,0,0,0.0,14.51,,
2026-08-06,5100.0,79.04,5.3922,7.9604,0.6774,True,,21.33,1.2912,1.2208,1.0232,22.45,1.2233,1.1429,27.09,-0.0916,2,True,False,True,False,ASII,NO_INVESTIGATION,False,0,5,0.0,32.24,,industrials,27,18.02,56.93,10,0.37037037037037035,0,0.0,0.5555555555555556,1,0.0,0.0,1.0,THIN,0.3497942386831276,1.0,34.97942386831276,True,34.97942386831276,MIXED_CONTEXT,True,NO_INVESTIGATION,False,,,0,0,0,0,0,0,0.0,32.24,,
2026-08-07,5100.0,73.64,5.3922,7.9604,0.6774,True,,0.0,0.7921,0.7675,0.8319,17.6,0.9471,1.3366,18.59,-0.1513,0,True,False,False,False,ASII,NO_INVESTIGATION,False,0,5,0.0,22.91,,industrials,27,0.0,28.735,4,0.14814814814814814,0,0.0,0.5185185185185185,1,0.0,0.0,1.0,THIN,0.44170096021947874,1.0,44.17009602194788,False,,NO_ACTIVITY_CONTEXT,False,NO_INVESTIGATION,False,,,0,0,0,0,0,0,0.0,22.91,,
2026-08-10,5000.0,92.37,4.2157,7.9604,0.5296,True,,74.59,1.5856,1.5684,2.2873,3.01,0.6896,1.0646,4.85,-0.2612,3,True,True,True,True,ASII,EMERGING,True,1,5,20.0,50.41,50.41,industrials,27,12.47,68.595,8,0.2962962962962963,3,0.1111111111111111,0.7777777777777778,1,7.13,0.0,1.0,THIN,0.5473251028806585,1.0,54.73251028806585,True,54.73251028806585,MIXED_CONTEXT,True,EMERGING,True,ASII-20260810-02,2026-08-10,1,1,1,1,1,0,20.0,50.41,50.41,
2026-08-11,4870.0,59.03,6.2687,7.9604,0.7875,True,,17.41,1.0014,1.0347,1.4405,0.0,0.7338,0.7675,2.71,-0.2784,1,True,False,False,False,ASII,WEAKENING,True,1,5,20.0,24.25,24.25,industrials,27,2.88,13.344999999999999,2,0.07407407407407407,0,0.0,0.8518518518518519,1,0.0,0.0,1.0,THIN,0.7887517146776406,1.0,78.87517146776406,True,78.87517146776406,STOCK_SPECIFIC_ACTIVITY,True,DEVELOPING,True,ASII-20260810-02,2026-08-10,2,1,2,2,1,0,40.0,28.25,28.25,
2026-08-12,4860.0,38.26,7.3,7.9604,0.917,True,,33.27,1.2787,1.323,1.3285,0.31,1.0048,0.7674,60.85,0.0542,3,False,False,True,False,ASII,WEAKENING,True,1,5,20.0,29.68,29.68,industrials,27,0.0,9.42,1,0.037037037037037035,0,0.0,0.9259259259259259,1,10.94,0.0,1.0,THIN,0.8916323731138547,1.0,89.16323731138547,True,89.16323731138547,STOCK_SPECIFIC_ACTIVITY,False,WEAKENING,True,ASII-20260810-02,2026-08-10,3,1,2,2,1,1,40.0,33.68,33.68,
2026-08-13,4800.0,21.56,8.1109,7.9604,1.0189,True,,14.1,0.9515,0.9855,1.3973,0.0,0.7175,0.7613,0.0,-0.405,1,False,False,False,False,ASII,WEAKENING,True,1,5,20.0,13.62,13.62,industrials,27,0.0,3.51,1,0.037037037037037035,0,0.0,0.8518518518518519,1,6.51,0.0,1.0,THIN,0.8203017832647462,1.0,82.03017832647463,True,82.03017832647463,STOCK_SPECIFIC_ACTIVITY,False,CLOSED,False,ASII-20260810-02,2026-08-10,4,1,2,2,1,2,40.0,17.62,,TWO_UNSUPPORTED_SESSIONS
2026-08-14,4780.0,47.42,6.9959,7.9604,0.8788,True,,1.82,0.6388,0.6545,1.0538,0.0,0.6233,0.5088,4.22,-0.2662,0,False,False,False,False,ASII,WEAKENING,True,1,5,20.0,16.82,16.82,industrials,27,0.0,1.06,2,0.07407407407407407,0,0.0,0.7777777777777778,1,0.0,0.0,1.0,THIN,0.720164609053498,1.0,72.0164609053498,False,,NO_ACTIVITY_CONTEXT,False,NO_INVESTIGATION,False,,,0,0,0,0,0,0,0.0,12.82,,
2026-08-18,4790.0,72.52,5.5208,7.6104,0.7254,True,,24.31,1.2164,1.2569,1.2149,2.36,1.0366,0.7136,16.43,-0.1685,3,True,False,True,False,ASII,NO_INVESTIGATION,False,0,5,0.0,27.42,,industrials,27,2.79,22.799999999999997,4,0.14814814814814814,1,0.037037037037037035,0.7777777777777778,1,3.57,0.0,1.0,THIN,0.6625514403292181,1.0,66.2551440329218,True,66.2551440329218,STOCK_SPECIFIC_ACTIVITY,True,NO_INVESTIGATION,False,,,0,0,0,0,0,0,0.0,27.42,,
2026-08-19,4730.0,88.73,4.1754,7.1479,0.5841,True,,9.73,0.9088,0.948,1.281,0.0,0.7345,0.7469,0.0,-0.3437,1,True,False,False,False,ASII,NO_INVESTIGATION,False,0,5,0.0,25.1,,industrials,27,0.0,27.994999999999997,6,0.2222222222222222,0,0.0,0.6666666666666666,1,0.0,0.0,1.0,THIN,0.5185185185185185,1.0,51.85185185185185,True,51.85185185185185,MIXED_CONTEXT,True,NO_INVESTIGATION,False,,,0,0,0,0,0,0,0.0,25.1,,
2026-08-20,4790.0,89.72,3.5491,6.6323,0.5351,True,,0.0,0.8276,0.861,0.7767,6.95,1.1052,0.8923,10.96,-0.2123,0,True,False,False,False,ASII,NO_INVESTIGATION,False,0,5,0.0,24.57,,industrials,27,10.87,68.375,9,0.3333333333333333,1,0.037037037037037035,0.37037037037037035,1,30.99,0.0,0.0,THIN,0.2469135802469136,0.0,24.69135802469136,False,,NO_ACTIVITY_CONTEXT,False,NO_INVESTIGATION,False,,,0,0,0,0,0,0,0.0,24.57,,
2026-08-21,4780.0,90.94,2.7197,6.2089,0.438,True,,4.55,1.0501,1.0721,0.9464,8.37,1.1256,0.7004,50.0,0.0,0,True,False,False,False,ASII,NO_INVESTIGATION,False,0,5,0.0,30.36,,industrials,27,0.0,22.455,3,0.1111111111111111,1,0.037037037037037035,0.5925925925925926,1,0.0,0.0,1.0,THIN,0.5267489711934156,1.0,52.67489711934156,False,,NO_ACTIVITY_CONTEXT,False,NO_INVESTIGATION,False,,,0,0,0,0,0,0,0.0,30.36,,
2026-08-24,4790.0,90.59,2.714,6.2089,0.4371,True,,6.16,0.7568,0.7796,1.1865,4.79,0.6656,1.0986,59.31,0.0465,0,True,False,False,False,ASII,NO_INVESTIGATION,False,0,5,0.0,31.14,,industrials,27,6.91,39.585,6,0.2222222222222222,0,0.0,0.4444444444444444,1,0.0,0.0,1.0,THIN,0.345679012345679,1.0,34.5679012345679,False,,NO_ACTIVITY_CONTEXT,False,NO_INVESTIGATION,False,,,0,0,0,0,0,0,0.0,31.14,,
2026-08-26,4780.0,88.51,2.7197,5.8412,0.4656,True,,8.9,1.1029,1.1149,0.8899,49.8,1.2528,1.6576,63.86,0.0693,0,True,False,False,False,ASII,NO_INVESTIGATION,False,0,5,0.0,38.65,,industrials,27,50.01,74.195,14,0.5185185185185185,1,0.037037037037037035,0.25925925925925924,1,81.08,1.0,0.0,THIN,0.12482853223593965,0.0,12.482853223593965,False,,NO_ACTIVITY_CONTEXT,False,NO_INVESTIGATION,False,,,0,0,0,0,0,0,0.0,38.65,,
2026-08-27,4790.0,88.37,2.5052,5.527,0.4533,True,,0.0,0.8196,0.8312,0.7609,7.93,1.1119,0.4933,12.69,-0.1985,0,True,False,False,False,ASII,NO_INVESTIGATION,False,0,5,0.0,24.55,,industrials,27,0.0,54.835,8,0.2962962962962963,2,0.07407407407407407,0.5185185185185185,1,0.0,0.0,1.0,THIN,0.36488340192043894,1.0,36.48834019204389,False,,NO_ACTIVITY_CONTEXT,False,NO_INVESTIGATION,False,,,0,0,0,0,0,0,0.0,24.55,,
2026-08-28,4800.0,87.36,2.714,5.4565,0.4974,True,,14.43,1.1663,1.1793,0.7789,37.01,1.5006,0.759,12.52,-0.1998,0,True,False,False,False,ASII,NO_INVESTIGATION,False,0,5,0.0,32.97,,industrials,27,0.0,48.61,7,0.25925925925925924,2,0.07407407407407407,0.7037037037037037,1,0.0,0.0,1.0,THIN,0.5212620027434842,1.0,52.12620027434842,False,,NO_ACTIVITY_CONTEXT,False,NO_INVESTIGATION,False,,,0,0,0,0,0,0,0.0,32.97,,
2026-08-31,4800.0,85.84,2.714,5.3922,0.5033,True,,56.25,1.6587,1.6989,0.9386,54.11,1.8039,1.0621,5.87,-0.2531,2,True,True,True,True,ASII,EMERGING,True,1,5,20.0,51.04,51.04,industrials,27,69.98,80.765,17,0.6296296296296297,4,0.14814814814814814,0.4444444444444444,1,70.78,1.0,0.0,THIN,0.16460905349794236,0.0,16.460905349794235,True,16.460905349794235,MARKET_WIDE_ACTIVITY,True,EMERGING,True,ASII-20260831-03,2026-08-31,1,1,1,1,1,0,20.0,51.04,51.04,
2026-09-01,4920.0,59.27,3.9583,5.3922,0.7341,True,,62.36,1.5171,1.5118,1.404,40.3,1.1022,1.7836,48.45,-0.0062,3,True,True,True,True,ASII,DEVELOPING,True,2,5,40.0,52.42,52.42,industrials,27,54.42,84.5,14,0.5185185185185185,2,0.07407407407407407,0.6296296296296297,1,95.36,1.0,0.0,THIN,0.3031550068587106,0.0,30.31550068587106,True,30.31550068587106,MARKET_WIDE_ACTIVITY,True,DEVELOPING,True,ASII-20260831-03,2026-08-31,2,2,2,2,2,0,40.0,52.42,52.42,
2026-09-02,4840.0,42.61,4.1667,4.8039,0.8673,True,,5.22,0.989,0.9779,1.1508,0.0,0.8626,0.0,50.0,0.0,0,False,False,False,False,ASII,WEAKENING,True,2,5,40.0,25.22,25.22,industrials,27,17.97,62.275000000000006,8,0.2962962962962963,0,0.0,0.2962962962962963,1,20.8,0.0,0.0,THIN,0.2085048010973937,0.0,20.85048010973937,False,,NO_ACTIVITY_CONTEXT,False,WEAKENING,True,ASII-20260831-03,2026-08-31,3,2,2,2,2,1,40.0,25.22,25.22,
2026-09-03,5050.0,0.0,5.9917,4.1955,1.4281,True,,72.28,1.8081,1.7493,1.3364,47.69,1.287,1.5746,77.81,0.1521,3,False,True,True,False,ASII,WEAKENING,True,2,5,40.0,44.62,44.62,industrials,27,32.28,69.175,9,0.3333333333333333,1,0.037037037037037035,0.7777777777777778,1,5.33,0.0,1.0,THIN,0.5185185185185186,1.0,51.85185185185186,True,51.85185185185186,MIXED_CONTEXT,False,CLOSED,False,ASII-20260831-03,2026-08-31,4,2,2,2,2,2,40.0,44.62,,TWO_UNSUPPORTED_SESSIONS
2026-09-04,4900.0,0.46,5.7143,4.1955,1.362,True,,13.39,1.0472,1.0345,1.2855,0.0,0.7466,0.8361,0.0,-0.3917,1,False,False,False,False,ASII,WEAKENING,True,2,5,40.0,12.13,12.13,industrials,27,0.0,24.19,5,0.18518518518518517,1,0.037037037037037035,0.7037037037037037,1,0.0,0.0,1.0,THIN,0.5733882030178327,1.0,57.338820301783265,True,57.338820301783265,MIXED_CONTEXT,False,NO_INVESTIGATION,False,,,0,0,0,0,0,0,0.0,4.13,,
2026-09-07,4910.0,0.5,5.7026,4.1955,1.3592,True,,0.0,0.8495,0.8501,0.7677,0.0,0.9969,0.9686,59.02,0.0451,0,False,False,False,False,ASII,WEAKENING,True,1,5,20.0,10.03,10.03,industrials,27,0.77,43.894999999999996,6,0.2222222222222222,2,0.07407407407407407,0.4444444444444444,1,0.0,0.0,1.0,THIN,0.345679012345679,1.0,34.5679012345679,False,,NO_ACTIVITY_CONTEXT,False,NO_INVESTIGATION,False,,,0,0,0,0,0,0,0.0,6.03,,
2026-09-08,4930.0,0.51,5.7026,4.1955,1.3592,True,,0.0,0.8478,0.832,0.7625,29.03,0.9894,1.5304,0.0,-0.3517,0,False,False,False,False,ASII,NO_INVESTIGATION,False,0,5,0.0,4.48,,industrials,27,21.11,72.91999999999999,10,0.37037037037037035,1,0.037037037037037035,0.25925925925925924,1,0.77,0.0,0.0,THIN,0.16323731138545952,0.0,16.323731138545952,False,,NO_ACTIVITY_CONTEXT,False,NO_INVESTIGATION,False,,,0,0,0,0,0,0,0.0,4.48,,
2026-09-09,4850.0,0.51,5.7026,4.1955,1.3592,True,,1.56,0.7417,0.734,1.0461,29.64,0.6309,1.5528,0.0,-0.3964,0,False,False,False,False,ASII,NO_INVESTIGATION,False,0,5,0.0,5.04,,industrials,27,51.62,75.14,14,0.5185185185185185,4,0.14814814814814814,0.2222222222222222,1,57.44,1.0,0.0,THIN,0.10699588477366255,0.0,10.699588477366255,False,,NO_ACTIVITY_CONTEXT,False,NO_INVESTIGATION,False,,,0,0,0,0,0,0,0.0,5.04,,
2026-09-10,4870.0,5.89,5.7143,4.8481,1.1787,True,,0.0,0.7589,0.7506,0.7133,13.54,0.9403,1.2409,84.14,0.1943,0,False,False,False,False,ASII,NO_INVESTIGATION,False,0,5,0.0,11.92,,industrials,27,23.38,67.435,12,0.4444444444444444,2,0.07407407407407407,0.2962962962962963,1,53.19,1.0,0.0,THIN,0.1646090534979424,0.0,16.46090534979424,False,,NO_ACTIVITY_CONTEXT,False,NO_INVESTIGATION,False,,,0,0,0,0,0,0,0.0,11.92,,
2026-09-11,4910.0,70.21,3.2587,4.8481,0.6722,True,,0.0,0.8961,0.8848,0.6744,35.43,1.2155,1.3477,66.18,0.0809,0,True,False,False,False,ASII,NO_INVESTIGATION,False,0,5,0.0,29.48,,industrials,27,18.62,50.334999999999994,7,0.25925925925925924,0,0.0,0.2962962962962963,1,0.0,0.0,1.0,THIN,0.21947873799725648,1.0,21.94787379972565,False,,NO_ACTIVITY_CONTEXT,False,NO_INVESTIGATION,False,,,0,0,0,0,0,0,0.0,29.48,,
2026-09-14,4980.0,41.6,3.666,4.171,0.8789,True,,11.55,1.1422,1.1084,0.8885,18.93,1.2161,1.0586,81.5,0.1767,0,False,False,False,False,ASII,NO_INVESTIGATION,False,0,5,0.0,24.85,,industrials,27,26.07,74.15,11,0.4074074074074074,0,0.0,0.37037037037037035,1,0.91,0.0,1.0,THIN,0.21947873799725648,1.0,21.94787379972565,False,,NO_ACTIVITY_CONTEXT,False,NO_INVESTIGATION,False,,,0,0,0,0,0,0,0.0,24.85,,
2026-09-15,4890.0,37.91,3.681,4.0625,0.9061,True,,0.0,0.6694,0.6499,0.7276,11.83,0.9142,1.2608,7.83,-0.2374,0,False,False,False,False,ASII,NO_INVESTIGATION,False,0,5,0.0,12.03,,industrials,27,0.0,11.379999999999999,4,0.14814814814814814,0,0.0,0.5185185185185185,1,2.23,0.0,0.0,THIN,0.44170096021947874,0.0,44.17009602194788,False,,NO_ACTIVITY_CONTEXT,False,NO_INVESTIGATION,False,,,0,0,0,0,0,0,0.0,12.03,,
2026-09-16,4850.0,29.92,3.681,3.8197,0.9637,True,,0.28,0.7757,0.76,1.0077,14.38,0.7894,1.3063,20.96,-0.1323,0,False,False,False,False,ASII,NO_INVESTIGATION,False,0,5,0.0,11.82,,industrials,27,0.0,19.835,2,0.07407407407407407,0,0.0,0.5555555555555556,1,0.0,0.0,1.0,THIN,0.51440329218107,1.0,51.440329218106996,False,,NO_ACTIVITY_CONTEXT,False,NO_INVESTIGATION,False,,,0,0,0,0,0,0,0.0,11.82,,
2026-09-17,4900.0,24.97,3.6735,3.681,0.998,True,,0.0,0.4856,0.4779,0.57,21.84,0.8371,1.4747,55.38,0.0269,0,False,False,False,False,ASII,NO_INVESTIGATION,False,0,5,0.0,15.06,,industrials,27,0.0,8.625,3,0.1111111111111111,0,0.0,0.6666666666666666,1,2.61,0.0,0.0,THIN,0.5925925925925926,0.0,59.25925925925925,False,,NO_ACTIVITY_CONTEXT,False,NO_INVESTIGATION,False,,,0,0,0,0,0,0,0.0,15.06,,
2026-09-18,4820.0,32.73,3.4765,3.6772,0.9454,True,,47.69,1.5123,1.5163,0.8882,48.36,1.6615,0.6753,20.79,-0.1337,2,False,False,True,False,ASII,NO_INVESTIGATION,False,0,5,0.0,31.82,,industrials,27,48.09,72.95,12,0.4444444444444444,1,0.037037037037037035,0.48148148148148145,1,75.9,1.0,0.0,THIN,0.2674897119341564,0.0,26.74897119341564,True,26.74897119341564,MIXED_CONTEXT,False,NO_INVESTIGATION,False,,,0,0,0,0,0,0,0.0,31.82,,
2026-09-21,4820.0,31.58,3.5052,3.6772,0.9532,True,,0.0,0.5154,0.515,0.7834,0.0,0.6806,0.9347,7.98,-0.2362,0,False,False,False,False,ASII,NO_INVESTIGATION,False,0,5,0.0,8.69,,industrials,27,0.0,3.005,2,0.07407407407407407,0,0.0,0.7037037037037037,1,0.0,0.0,1.0,THIN,0.6515775034293553,1.0,65.15775034293553,False,,NO_ACTIVITY_CONTEXT,False,NO_INVESTIGATION,False,,,0,0,0,0,0,0,0.0,8.69,,
2026-09-22,4780.0,30.7,3.527,3.6772,0.9591,True,,7.98,0.7484,0.757,1.2037,0.0,0.6337,0.8693,32.81,-0.0688,1,False,False,False,False,ASII,NO_INVESTIGATION,False,0,5,0.0,13.35,,industrials,27,2.89,15.330000000000002,4,0.14814814814814814,0,0.0,0.6666666666666666,1,14.15,0.0,0.0,THIN,0.5679012345679012,0.0,56.79012345679012,True,56.79012345679012,MIXED_CONTEXT,False,NO_INVESTIGATION,False,,,0,0,0,0,0,0,0.0,13.35,,
2026-09-23,4750.0,14.3,3.9419,3.6772,1.072,True,,6.39,1.0724,1.0928,0.9414,28.82,1.1611,1.4006,30.69,-0.0772,0,False,False,False,False,ASII,NO_INVESTIGATION,False,0,5,0.0,12.88,,industrials,27,0.0,4.3549999999999995,2,0.07407407407407407,0,0.0,0.7777777777777778,1,2.32,0.0,1.0,THIN,0.720164609053498,1.0,72.0164609053498,False,,NO_ACTIVITY_CONTEXT,False,NO_INVESTIGATION,False,,,0,0,0,0,0,0,0.0,12.88,,
2026-09-24,4770.0,11.86,3.9749,3.681,1.0798,True,,0.0,0.5076,0.5174,0.5513,14.99,0.9386,1.3443,90.4,0.236,0,False,False,False,False,ASII,NO_INVESTIGATION,False,0,5,0.0,14.25,,industrials,27,0.0,0.0,2,0.07407407407407407,0,0.0,0.8148148148148148,1,0.0,0.0,1.0,THIN,0.7544581618655692,1.0,75.44581618655693,False,,NO_ACTIVITY_CONTEXT,False,NO_INVESTIGATION,False,,,0,0,0,0,0,0,0.0,14.25,,
2026-09-25,4690.0,4.43,4.4025,3.8114,1.1551,True,,8.32,0.7143,0.7382,1.2269,0.0,0.611,0.8102,0.0,-0.3426,1,False,False,False,False,ASII,NO_INVESTIGATION,False,0,5,0.0,3.6,,industrials,27,0.0,0.0,1,0.037037037037037035,0,0.0,0.9259259259259259,1,1.89,0.0,1.0,THIN,0.8916323731138547,1.0,89.16323731138547,True,89.16323731138547,STOCK_SPECIFIC_ACTIVITY,False,NO_INVESTIGATION,False,,,0,0,0,0,0,0,0.0,3.6,,
2026-09-28,4670.0,1.13,4.8421,3.9501,1.2258,True,,2.33,0.6051,0.6285,1.0669,0.0,0.5919,0.8099,23.29,-0.1137,0,False,False,False,False,ASII,NO_INVESTIGATION,False,0,5,0.0,3.31,,industrials,27,0.0,4.0649999999999995,1,0.037037037037037035,0,0.0,0.7037037037037037,1,0.0,0.0,1.0,THIN,0.6776406035665296,1.0,67.76406035665296,False,,NO_ACTIVITY_CONTEXT,False,NO_INVESTIGATION,False,,,0,0,0,0,0,0,0.0,3.31,,
2026-09-29,4700.0,12.72,4.2553,3.9666,1.0728,True,,16.57,1.1167,1.1645,1.1686,0.0,0.9375,0.8256,51.12,0.0056,0,False,False,False,False,ASII,NO_INVESTIGATION,False,0,5,0.0,13.26,,industrials,27,13.22,41.695,3,0.1111111111111111,0,0.0,0.5925925925925926,1,48.4,0.0,0.0,THIN,0.5267489711934156,0.0,52.67489711934156,False,,NO_ACTIVITY_CONTEXT,False,NO_INVESTIGATION,False,,,0,0,0,0,0,0,0.0,13.26,,
2026-06-12,5925.0,0.0,22.6549,8.554,2.6485,True,,49.0,1.5153,1.5065,1.5143,11.12,0.9933,1.2256,65.43,0.0772,3,False,False,True,False,BBCA,NO_INVESTIGATION,False,0,5,0.0,22.91,,financials,27,7.79,25.415,4,0.14814814814814814,0,0.0,0.8518518518518519,3,24.39,0.0,1.0,GOOD,0.7256515775034293,1.0,83.53909465020577,True,83.53909465020577,STOCK_SPECIFIC_ACTIVITY,False,NO_INVESTIGATION,False,,,0,0,0,0,0,0,0.0,22.91,,
2026-06-15,6275.0,0.0,27.5536,8.554,3.2211,True,,57.72,1.6338,1.5125,1.8882,5.96,0.9016,1.1255,63.51,0.0676,3,False,True,True,False,BBCA,NO_INVESTIGATION,False,0,5,0.0,24.56,,financials,27,42.94,64.585,13,0.48148148148148145,0,0.0,0.6666666666666666,3,71.43,0.6666666666666666,0.3333333333333333,GOOD,0.34567901234567905,0.11111111111111112,25.185185185185187,True,25.185185185185187,PEER_CLUSTERED_ACTIVITY,False,NO_INVESTIGATION,False,,,0,0,0,0,0,0,0.0,24.56,,
2026-06-17,6275.0,0.0,23.2068,8.554,2.713,True,,35.25,1.4961,1.3364,1.2486,24.36,1.0851,1.3454,73.83,0.1255,3,False,False,True,False,BBCA,NO_INVESTIGATION,False,0,5,0.0,21.61,,financials,27,0.0,18.119999999999997,4,0.14814814814814814,0,0.0,0.8148148148148148,3,36.98,0.3333333333333333,0.3333333333333333,GOOD,0.6941015089163237,0.22222222222222224,50.53497942386831,True,50.53497942386831,MIXED_CONTEXT,False,NO_INVESTIGATION,False,,,0,0,0,0,0,0,0.0,21.61,,
2026-06-18,6075.0,0.0,16.4609,9.8651,1.6686,True,,0.0,0.6346,0.6045,0.7169,0.0,0.7401,0.827,40.92,-0.0363,0,False,False,False,False,BBCA,NO_INVESTIGATION,False,0,5,0.0,4.09,,financials,27,0.0,2.745,1,0.037037037037037035,0,0.0,0.7037037037037037,3,0.0,0.0,0.6666666666666666,GOOD,0.6776406035665296,0.6666666666666666,67.32510288065843,False,,NO_ACTIVITY_CONTEXT,False,NO_INVESTIGATION,False,,,0,0,0,0,0,0,0.0,4.09,,
2026-06-19,6300.0,48.28,10.3586,12.5969,0.8223,True,,0.69,1.0174,0.9532,0.4958,75.88,1.7156,1.4838,75.75,0.1383,0,False,False,False,False,BBCA,NO_INVESTIGATION,False,0,5,0.0,31.23,,financials,27,66.7,70.0,17,0.6296296296296297,6,0.2222222222222222,0.18518518518518517,3,23.39,0.0,0.0,GOOD,0.06858710562414265,0.0,4.115226337448559,False,,NO_ACTIVITY_CONTEXT,False,NO_INVESTIGATION,False,,,0,0,0,0,0,0,0.0,31.23,,
2026-06-22,6225.0,69.58,7.9681,12.5969,0.6325,True,,0.0,0.5025,0.4943,0.4681,0.0,0.9388,0.8752,37.38,-0.0505,0,True,False,False,False,BBCA,NO_INVESTIGATION,False,0,5,0.0,21.13,,financials,27,0.0,14.54,1,0.037037037037037035,0,0.0,0.6296296296296297,3,0.0,0.0,1.0,GOOD,0.6063100137174212,1.0,76.37860082304528,False,,NO_ACTIVITY_CONTEXT,False,NO_INVESTIGATION,False,,,0,0,0,0,0,0,0.0,21.13,,
2026-06-23,6125.0,69.02,8.0321,12.5969,0.6376,True,,0.0,0.3703,0.3695,0.3824,5.41,0.8468,1.1164,33.38,-0.0665,0,True,False,False,False,BBCA,NO_INVESTIGATION,False,0,5,0.0,21.4,,financials,27,0.0,0.0,1,0.037037037037037035,0,0.0,0.8148148148148148,3,0.0,0.0,0.6666666666666666,GOOD,0.7846364883401921,0.6666666666666666,73.74485596707818,False,,NO_ACTIVITY_CONTEXT,False,NO_INVESTIGATION,False,,,0,0,0,0,0,0,0.0,21.4,,
2026-06-24,5925.0,72.38,7.7551,12.5969,0.6156,True,,0.0,0.3652,0.3704,0.5577,0.0,0.5727,0.7705,42.43,-0.0303,0,True,False,False,False,BBCA,NO_INVESTIGATION,False,0,5,0.0,22.34,,financials,27,0.0,10.780000000000001,1,0.037037037037037035,0,0.0,0.6296296296296297,3,8.72,0.0,0.0,GOOD,0.6063100137174212,0.0,36.37860082304527,False,,NO_ACTIVITY_CONTEXT,False,NO_INVESTIGATION,False,,,0,0,0,0,0,0,0.0,22.34,,
2026-06-25,6025.0,69.76,8.1633,12.5969,0.648,True,,0.0,0.5001,0.5059,0.421,5.18,1.0643,0.965,51.68,0.0084,0,True,False,False,False,BBCA,NO_INVESTIGATION,False,0,5,0.0,23.39,,financials,27,0.0,12.219999999999999,5,0.18518518518518517,1,0.037037037037037035,0.5185185185185185,3,0.0,0.0,1.0,GOOD,0.4224965706447188,1.0,65.34979423868312,False,,NO_ACTIVITY_CONTEXT,False,NO_INVESTIGATION,False,,,0,0,0,0,0,0,0.0,23.39,,
2026-06-26,6175.0,69.95,8.1633,12.5969,0.648,True,,0.0,0.4167,0.4176,0.4193,36.9,0.8904,1.8814,100.0,0.4303,0,True,False,False,False,BBCA,NO_INVESTIGATION,False,0,5,0.0,33.02,,financials,27,0.0,0.0,1,0.037037037037037035,0,0.0,0.8148148148148148,3,0.0,0.0,1.0,GOOD,0.7846364883401921,1.0,87.07818930041152,False,,NO_ACTIVITY_CONTEXT,False,NO_INVESTIGATION,False,,,0,0,0,0,0,0,0.0,33.02,,
2026-06-29,5925.0,88.7,4.9793,12.5969,0.3953,True,,0.0,0.4782,0.4854,0.6047,0.0,0.7303,0.8025,0.0,-0.3698,0,True,False,False,False,BBCA,NO_INVESTIGATION,False,0,5,0.0,22.18,,financials,27,0.0,0.0,1,0.037037037037037035,0,0.0,0.9629629629629629,3,0.0,0.0,1.0,GOOD,0.9272976680384087,1.0,95.63786008230453,False,,NO_ACTIVITY_CONTEXT,False,NO_INVESTIGATION,False,,,0,0,0,0,0,0,0.0,22.18,,
2026-06-30,5550.0,42.6,10.9705,12.5969,0.8709,True,,9.1,1.0436,1.1265,1.1295,0.0,0.8607,0.8977,0.0,-0.3065,0,False,False,False,False,BBCA,NO_INVESTIGATION,False,0,5,0.0,13.38,,financials,27,0.0,25.9,2,0.07407407407407407,0,0.0,0.7037037037037037,3,0.0,0.0,1.0,GOOD,0.6515775034293553,1.0,79.09465020576133,False,,NO_ACTIVITY_CONTEXT,False,NO_INVESTIGATION,False,,,0,0,0,0,0,0,0.0,13.38,,
2026-07-01,5600.0,42.62,10.9705,12.5969,0.8709,True,,0.0,0.2933,0.3173,0.4173,17.88,0.68,1.3282,83.98,0.1932,0,False,False,False,False,BBCA,NO_INVESTIGATION,False,0,5,0.0,21.73,,financials,27,0.0,0.0,1,0.037037037037037035,0,0.0,0.8518518518518519,3,0.0,0.0,0.6666666666666666,GOOD,0.8203017832647462,0.6666666666666666,75.88477366255144,False,,NO_ACTIVITY_CONTEXT,False,NO_INVESTIGATION,False,,,0,0,0,0,0,0,0.0,21.73,,
2026-07-02,5800.0,40.03,11.2069,12.5969,0.8897,True,,0.0,0.3512,0.3709,0.4045,11.12,0.8741,1.2137,80.52,0.1702,0,False,False,False,False,BBCA,NO_INVESTIGATION,False,0,5,0.0,19.73,,financials,27,0.0,0.0,1,0.037037037037037035,0,0.0,0.8888888888888888,3,0.0,0.0,1.0,GOOD,0.8559670781893004,1.0,91.35802469135803,False,,NO_ACTIVITY_CONTEXT,False,NO_INVESTIGATION,False,,,0,0,0,0,0,0,0.0,19.73,,
2026-07-03,6050.0,40.27,11.2069,12.621,0.888,True,,0.0,0.5055,0.5124,0.5927,25.64,1.0271,1.4455,79.0,0.16,0,False,False,False,False,BBCA,NO_INVESTIGATION,False,0,5,0.0,21.81,,financials,27,0.0,0.0,1,0.037037037037037035,0,0.0,0.7777777777777778,3,0.0,0.0,1.0,GOOD,0.7489711934156379,1.0,84.93827160493828,False,,NO_ACTIVITY_CONTEXT,False,NO_INVESTIGATION,False,,,0,0,0,0,0,0,0.0,21.81,,
2026-07-06,6125.0,30.19,10.7759,11.2069,0.9615,True,,0.0,0.4873,0.4964,0.706,10.4,0.8172,1.2172,82.8,0.1853,0,False,False,False,False,BBCA,NO_INVESTIGATION,False,0,5,0.0,17.39,,financials,27,0.0,0.0,0,0.0,0,0.0,0.8148148148148148,3,13.66,0.0,0.3333333333333333,GOOD,0.8148148148148148,0.3333333333333333,62.222222222222214,False,,NO_ACTIVITY_CONTEXT,False,NO_INVESTIGATION,False,,,0,0,0,0,0,0,0.0,17.39,,
2026-07-07,6300.0,9.97,12.3967,11.0887,1.118,True,,0.0,0.8674,0.8475,0.791,11.77,1.0472,1.1648,90.98,0.2399,0,False,False,False,False,BBCA,NO_INVESTIGATION,False,0,5,0.0,13.36,,financials,27,0.0,6.77,1,0.037037037037037035,1,0.037037037037037035,0.7037037037037037,3,0.0,0.0,0.6666666666666666,GOOD,0.6776406035665296,0.6666666666666666,67.32510288065843,False,,NO_ACTIVITY_CONTEXT,False,NO_INVESTIGATION,False,,,0,0,0,0,0,0,0.0,13.36,,
2026-07-08,6175.0,20.5,11.4286,11.0887,1.0307,True,,0.0,0.9402,0.9101,0.849,25.72,1.0522,1.4012,88.28,0.2219,0,False,False,False,False,BBCA,NO_INVESTIGATION,False,0,5,0.0,17.81,,financials,27,0.0,0.02,0,0.0,0,0.0,0.7407407407407407,3,0.0,0.0,1.0,GOOD,0.7407407407407407,1.0,84.44444444444444,False,,NO_ACTIVITY_CONTEXT,False,NO_INVESTIGATION,False,,,0,0,0,0,0,0,0.0,17.81,,
2026-07-09,6200.0,75.72,6.8826,11.0887,0.6207,True,,0.0,0.9274,0.9258,0.7287,28.11,1.2782,1.0301,56.25,0.0313,0,True,False,False,False,BBCA,NO_INVESTIGATION,False,0,5,0.0,28.77,,financials,27,0.0,0.0,0,0.0,0,0.0,0.8148148148148148,3,0.0,0.0,1.0,GOOD,0.8148148148148148,1.0,88.88888888888889,False,,NO_ACTIVITY_CONTEXT,False,NO_INVESTIGATION,False,,,0,0,0,0,0,0,0.0,28.77,,
2026-07-10,6175.0,88.39,5.668,10.9705,0.5167,True,,0.0,0.7271,0.7203,0.6195,53.99,1.1834,2.0134,24.06,-0.1075,0,True,False,False,False,BBCA,NO_INVESTIGATION,False,0,5,0.0,32.6,,financials,27,0.0,0.0,0,0.0,0,0.0,0.7777777777777778,3,0.0,0.0,1.0,GOOD,0.7777777777777778,1.0,86.66666666666667,False,,NO_ACTIVITY_CONTEXT,False,NO_INVESTIGATION,False,,,0,0,0,0,0,0,0.0,32.6,,
2026-07-13,6225.0,92.98,4.4355,10.8732,0.4079,True,,0.0,0.9708,0.9646,0.7577,32.01,1.302,1.1554,0.0,-0.4413,0,True,False,False,False,BBCA,NO_INVESTIGATION,False,0,5,0.0,28.05,,financials,27,0.0,0.0,2,0.07407407407407407,0,0.0,0.7777777777777778,3,0.0,0.0,1.0,GOOD,0.720164609053498,1.0,83.20987654320989,False,,NO_ACTIVITY_CONTEXT,False,NO_INVESTIGATION,False,,,0,0,0,0,0,0,0.0,28.05,,
2026-07-14,6125.0,93.77,4.4534,10.5672,0.4214,True,,0.0,0.8616,0.8766,0.9798,7.33,0.8975,1.1546,12.82,-0.1974,0,True,False,False,False,BBCA,NO_INVESTIGATION,False,0,5,0.0,25.82,,financials,27,4.74,24.61,6,0.2222222222222222,0,0.0,0.4074074074074074,3,4.74,0.0,0.3333333333333333,GOOD,0.3168724279835391,0.3333333333333333,32.34567901234568,False,,NO_ACTIVITY_CONTEXT,False,NO_INVESTIGATION,False,,,0,0,0,0,0,0,0.0,25.82,,
2026-07-15,6125.0,94.8,4.0486,9.2609,0.4372,True,,0.0,0.768,0.7771,0.7351,18.96,1.0663,1.2734,32.28,-0.0709,0,True,False,False,False,BBCA,NO_INVESTIGATION,False,0,5,0.0,29.77,,financials,27,3.06,20.625,3,0.1111111111111111,2,0.07407407407407407,0.3333333333333333,3,0.0,0.0,1.0,GOOD,0.2962962962962963,1.0,57.77777777777777,False,,NO_ACTIVITY_CONTEXT,False,NO_INVESTIGATION,False,,,0,0,0,0,0,0,0.0,29.77,,
2026-07-16,6225.0,88.36,3.6437,8.1633,0.4464,True,,0.0,0.5223,0.5218,0.5347,17.6,1.0003,1.3604,100.0,0.3212,0,True,False,False,False,BBCA,NO_INVESTIGATION,False,0,5,0.0,34.73,,financials,27,2.62,37.715,5,0.18518518518518517,2,0.07407407407407407,0.4444444444444444,3,0.0,0.0,1.0,GOOD,0.36213991769547327,1.0,61.728395061728406,False,,NO_ACTIVITY_CONTEXT,False,NO_INVESTIGATION,False,,,0,0,0,0,0,0,0.0,34.73,,
2026-07-17,6475.0,46.55,6.8273,8.0977,0.8431,True,,92.1,1.9353,1.8588,1.6868,12.36,1.1485,0.8085,100.0,0.3419,3,False,True,True,False,BBCA,NO_INVESTIGATION,False,0,5,0.0,51.12,,financials,27,10.93,54.2,8,0.2962962962962963,2,0.07407407407407407,1.0,3,70.88,1.0,1.0,GOOD,0.7037037037037037,0.0,42.22222222222222,True,42.22222222222222,PEER_CLUSTERED_ACTIVITY,True,NO_INVESTIGATION,False,,,0,0,0,0,0,0,0.0,51.12,,
2026-07-20,6475.0,11.28,8.8353,8.0001,1.1044,True,,76.54,1.843,1.7364,1.3113,45.0,1.4069,1.1915,51.4,0.007,3,False,True,True,False,BBCA,NO_INVESTIGATION,False,0,5,0.0,37.67,,financials,27,31.73,51.675,7,0.25925925925925924,2,0.07407407407407407,0.9629629629629629,3,53.57,0.6666666666666666,1.0,GOOD,0.7133058984910836,0.33333333333333337,56.13168724279836,True,56.13168724279836,MIXED_CONTEXT,False,NO_INVESTIGATION,False,,,0,0,0,0,0,0,0.0,37.67,,
2026-07-21,6525.0,18.21,8.4942,8.0977,1.049,True,,0.0,0.8989,0.8506,0.9035,0.0,0.9958,0.9119,53.84,0.0192,0,False,False,False,False,BBCA,NO_INVESTIGATION,False,0,5,0.0,9.94,,financials,27,21.74,66.245,9,0.3333333333333333,5,0.18518518518518517,0.14814814814814814,3,14.03,0.0,0.3333333333333333,GOOD,0.09876543209876544,0.3333333333333333,19.25925925925926,False,,NO_ACTIVITY_CONTEXT,False,NO_INVESTIGATION,False,,,0,0,0,0,0,0,0.0,9.94,,
2026-07-22,6500.0,25.61,8.1081,8.1633,0.9932,True,,0.0,0.6865,0.6533,0.827,15.79,0.83,1.3153,54.95,0.0248,0,False,False,False,False,BBCA,NO_INVESTIGATION,False,0,5,0.0,14.27,,financials,27,44.55,85.55000000000001,13,0.48148148148148145,3,0.1111111111111111,0.14814814814814814,3,30.7,0.0,0.3333333333333333,GOOD,0.07681755829903979,0.3333333333333333,17.94238683127572,False,,NO_ACTIVITY_CONTEXT,False,NO_INVESTIGATION,False,,,0,0,0,0,0,0,0.0,14.27,,
2026-07-23,6275.0,52.14,6.5637,8.1633,0.8041,True,,41.36,1.2465,1.2057,1.4702,0.0,0.8759,0.879,0.0,-0.3682,3,False,False,True,False,BBCA,NO_INVESTIGATION,False,0,5,0.0,25.44,,financials,27,50.68,81.85,14,0.5185185185185185,2,0.07407407407407407,0.4444444444444444,3,0.0,0.0,1.0,GOOD,0.2139917695473251,1.0,52.8395061728395,True,52.8395061728395,MIXED_CONTEXT,True,NO_INVESTIGATION,False,,,0,0,0,0,0,0,0.0,25.44,,
2026-07-24,6275.0,31.78,7.722,8.1357,0.9492,True,,11.43,1.1253,1.1148,1.0256,8.65,1.1061,0.9867,70.67,0.1045,0,False,False,False,False,BBCA,NO_INVESTIGATION,False,0,5,0.0,19.74,,financials,27,11.43,44.915,6,0.2222222222222222,1,0.037037037037037035,0.5185185185185185,3,18.46,0.3333333333333333,0.3333333333333333,GOOD,0.40329218106995884,0.22222222222222224,33.086419753086425,False,,NO_ACTIVITY_CONTEXT,False,NO_INVESTIGATION,False,,,0,0,0,0,0,0,0.0,19.74,,
2026-07-27,6300.0,45.06,6.746,7.9151,0.8523,True,,0.0,0.7042,0.6929,0.5863,52.62,1.2335,1.6006,73.4,0.1227,0,False,False,False,False,BBCA,NO_INVESTIGATION,False,0,5,0.0,26.5,,financials,27,0.0,14.01,1,0.037037037037037035,0,0.0,0.5925925925925926,3,19.81,0.3333333333333333,0.3333333333333333,GOOD,0.5706447187928669,0.22222222222222224,43.12757201646091,False,,NO_ACTIVITY_CONTEXT,False,NO_INVESTIGATION,False,,,0,0,0,0,0,0,0.0,26.5,,
2026-07-28,6225.0,44.63,6.7729,7.9151,0.8557,True,,0.0,0.7338,0.7232,0.5129,47.08,1.4094,1.2114,54.97,0.0248,0,False,False,False,False,BBCA,NO_INVESTIGATION,False,0,5,0.0,23.72,,financials,27,0.0,4.82,1,0.037037037037037035,1,0.037037037037037035,0.6296296296296297,3,0.0,0.0,0.6666666666666666,GOOD,0.6063100137174212,0.6666666666666666,63.04526748971193,False,,NO_ACTIVITY_CONTEXT,False,NO_INVESTIGATION,False,,,0,0,0,0,0,0,0.0,23.72,,
2026-07-29,6275.0,57.6,5.5777,7.3023,0.7638,True,,0.0,0.7908,0.7932,0.4957,68.68,1.4905,1.5205,73.52,0.1235,0,True,False,False,False,BBCA,NO_INVESTIGATION,False,0,5,0.0,32.05,,financials,27,2.68,28.005,3,0.1111111111111111,1,0.037037037037037035,0.48148148148148145,3,0.0,0.0,1.0,GOOD,0.42798353909465014,1.0,65.67901234567901,False,,NO_ACTIVITY_CONTEXT,False,NO_INVESTIGATION,False,,,0,0,0,0,0,0,0.0,32.05,,
2026-07-30,6450.0,59.64,5.1793,6.855,0.7556,True,,0.45,1.0095,0.9895,0.9683,0.0,0.9888,0.7692,100.0,0.3256,0,True,False,False,False,BBCA,NO_INVESTIGATION,False,0,5,0.0,25.05,,financials,27,0.45,16.86,2,0.07407407407407407,0,0.0,0.5185185185185185,3,0.0,0.0,1.0,GOOD,0.4801097393689986,1.0,68.80658436213992,False,,NO_ACTIVITY_CONTEXT,False,NO_INVESTIGATION,False,,,0,0,0,0,0,0,0.0,25.05,,
2026-07-31,6325.0,59.88,5.1587,6.8001,0.7586,True,,0.0,0.9952,0.9802,0.6339,44.47,1.5455,0.6655,24.61,-0.1031,0,True,False,False,False,BBCA,NO_INVESTIGATION,False,0,5,0.0,24.1,,financials,27,9.39,62.57,8,0.2962962962962963,3,0.1111111111111111,0.2962962962962963,3,2.37,0.0,0.3333333333333333,GOOD,0.2085048010973937,0.3333333333333333,25.843621399176953,False,,NO_ACTIVITY_CONTEXT,False,NO_INVESTIGATION,False,,,0,0,0,0,0,0,0.0,24.1,,
2026-08-03,6300.0,74.05,4.3651,6.7595,0.6458,True,,0.0,0.4405,0.4456,0.6135,4.17,0.7142,1.0848,82.36,0.1824,0,True,False,False,False,BBCA,NO_INVESTIGATION,False,0,5,0.0,27.37,,financials,27,13.11,61.47,9,0.3333333333333333,1,0.037037037037037035,0.37037037037037035,3,0.0,0.0,1.0,GOOD,0.2469135802469136,1.0,54.81481481481482,False,,NO_ACTIVITY_CONTEXT,False,NO_INVESTIGATION,False,,,0,0,0,0,0,0,0.0,27.37,,
2026-08-04,6500.0,58.86,5.1383,6.6549,0.7721,True,,0.0,0.9159,0.9087,0.8857,22.36,1.0668,1.3254,100.0,0.4532,0,True,False,False,False,BBCA,NO_INVESTIGATION,False,0,5,0.0,28.07,,financials,27,10.55,26.145000000000003,5,0.18518518518518517,0,0.0,0.4074074074074074,3,0.0,0.0,0.6666666666666666,GOOD,0.3319615912208505,0.6666666666666666,46.584362139917694,False,,NO_ACTIVITY_CONTEXT,False,NO_INVESTIGATION,False,,,0,0,0,0,0,0,0.0,28.07,,
2026-08-05,6450.0,76.71,3.876,6.1159,0.6338,True,,0.0,0.6823,0.6807,0.7526,0.0,0.895,0.8838,36.84,-0.0526,0,True,False,False,False,BBCA,NO_INVESTIGATION,False,0,5,0.0,22.86,,financials,27,40.75,82.745,12,0.4444444444444444,1,0.037037037037037035,0.2222222222222222,3,0.0,0.0,0.6666666666666666,GOOD,0.12345679012345678,0.6666666666666666,34.074074074074076,False,,NO_ACTIVITY_CONTEXT,False,NO_INVESTIGATION,False,,,0,0,0,0,0,0,0.0,22.86,,
2026-08-06,6350.0,77.08,3.5433,5.6229,0.6302,True,,0.0,0.5608,0.5628,0.7853,0.25,0.698,1.0052,0.0,-0.4164,0,True,False,False,False,BBCA,NO_INVESTIGATION,False,0,5,0.0,19.31,,financials,27,18.02,56.93,10,0.37037037037037035,0,0.0,0.3333333333333333,3,0.0,0.0,1.0,GOOD,0.20987654320987653,1.0,52.59259259259259,False,,NO_ACTIVITY_CONTEXT,False,NO_INVESTIGATION,False,,,0,0,0,0,0,0,0.0,19.31,,
2026-08-07,6375.0,72.17,3.5294,5.3785,0.6562,True,,0.0,0.8137,0.8001,0.7856,11.95,1.0594,1.1436,21.22,-0.1303,0,True,False,False,False,BBCA,NO_INVESTIGATION,False,0,5,0.0,21.96,,financials,27,0.0,28.735,4,0.14814814814814814,0,0.0,0.5185185185185185,3,0.0,0.3333333333333333,0.6666666666666666,GOOD,0.44170096021947874,0.4444444444444445,44.2798353909465,False,,NO_ACTIVITY_CONTEXT,False,NO_INVESTIGATION,False,,,0,0,0,0,0,0,0.0,21.96,,
2026-08-10,6375.0,85.8,2.7451,5.169,0.5311,True,,17.14,0.6455,0.6338,1.4895,0.0,0.4433,0.8105,74.05,0.127,1,True,False,False,False,BBCA,NO_INVESTIGATION,False,0,5,0.0,34.0,,financials,27,12.47,68.595,8,0.2962962962962963,3,0.1111111111111111,0.5925925925925926,3,16.5,0.0,0.6666666666666666,GOOD,0.4170096021947874,0.6666666666666666,51.68724279835391,True,51.68724279835391,MIXED_CONTEXT,True,NO_INVESTIGATION,False,,,0,0,0,0,0,0,0.0,34.0,,
2026-08-11,6300.0,37.54,4.7059,5.169,0.9104,True,,13.49,0.8556,0.8519,1.4048,0.0,0.6011,0.5539,27.0,-0.092,1,False,False,False,False,BBCA,NO_INVESTIGATION,False,0,5,0.0,16.13,,financials,27,2.88,13.344999999999999,2,0.07407407407407407,0,0.0,0.7777777777777778,3,3.67,0.0,1.0,GOOD,0.720164609053498,1.0,83.20987654320989,True,83.20987654320989,STOCK_SPECIFIC_ACTIVITY,False,NO_INVESTIGATION,False,,,0,0,0,0,0,0,0.0,16.13,,
2026-08-12,6350.0,47.96,4.3307,5.169,0.8378,True,,0.0,0.7081,0.7029,0.6352,7.63,1.0368,1.1014,77.6,0.1507,0,False,False,False,False,BBCA,NO_INVESTIGATION,False,0,5,0.0,20.89,,financials,27,0.0,9.42,1,0.037037037037037035,0,0.0,0.5185185185185185,3,0.0,0.0,0.6666666666666666,GOOD,0.4993141289437586,0.6666666666666666,56.62551440329218,False,,NO_ACTIVITY_CONTEXT,False,NO_INVESTIGATION,False,,,0,0,0,0,0,0,0.0,20.89,,
2026-08-13,6375.0,58.37,3.9216,5.169,0.7587,True,,0.0,0.6878,0.6784,0.6194,8.53,1.1158,0.8347,91.85,0.2456,0,True,False,False,False,BBCA,NO_INVESTIGATION,False,0,5,0.0,25.06,,financials,27,0.0,3.51,1,0.037037037037037035,0,0.0,0.5925925925925926,3,0.0,0.0,1.0,GOOD,0.5706447187928669,1.0,74.23868312757203,False,,NO_ACTIVITY_CONTEXT,False,NO_INVESTIGATION,False,,,0,0,0,0,0,0,0.0,25.06,,
2026-08-14,6350.0,58.29,3.937,5.169,0.7617,True,,0.0,0.4705,0.4644,0.5128,9.08,0.8967,1.1874,51.36,0.0068,0,True,False,False,False,BBCA,NO_INVESTIGATION,False,0,5,0.0,21.07,,financials,27,0.0,1.06,2,0.07407407407407407,0,0.0,0.7037037037037037,3,0.0,0.0,1.0,GOOD,0.6515775034293553,1.0,79.09465020576133,False,,NO_ACTIVITY_CONTEXT,False,NO_INVESTIGATION,False,,,0,0,0,0,0,0,0.0,21.07,,
2026-08-18,6300.0,58.59,3.937,5.1485,0.7647,True,,3.63,0.9843,0.9788,1.1148,0.0,0.9426,0.9039,62.3,0.0615,0,True,False,False,False,BBCA,NO_INVESTIGATION,False,0,5,0.0,21.97,,financials,27,2.79,22.799999999999997,4,0.14814814814814814,1,0.037037037037037035,0.5925925925925926,3,0.0,0.0,1.0,GOOD,0.50480109739369,1.0,70.2880658436214,False,,NO_ACTIVITY_CONTEXT,False,NO_INVESTIGATION,False,,,0,0,0,0,0,0,0.0,21.97,,
2026-08-19,6300.0,66.07,3.5433,4.9221,0.7199,True,,0.0,0.5931,0.5989,0.6557,15.29,0.9833,1.2977,71.75,0.1117,0,True,False,False,False,BBCA,NO_INVESTIGATION,False,0,5,0.0,25.99,,financials,27,0.0,27.994999999999997,6,0.2222222222222222,0,0.0,0.5925925925925926,3,0.0,0.0,1.0,GOOD,0.46090534979423864,1.0,67.65432098765432,False,,NO_ACTIVITY_CONTEXT,False,NO_INVESTIGATION,False,,,0,0,0,0,0,0,0.0,25.99,,
2026-08-20,6400.0,70.67,3.1496,4.5355,0.6944,True,,0.0,0.599,0.6031,0.7967,7.26,0.8217,1.1429,71.24,0.1083,0,True,False,False,False,BBCA,NO_INVESTIGATION,False,0,5,0.0,25.88,,financials,27,10.87,68.375,9,0.3333333333333333,1,0.037037037037037035,0.37037037037037035,3,0.0,0.0,0.6666666666666666,GOOD,0.2469135802469136,0.6666666666666666,41.48148148148148,False,,NO_ACTIVITY_CONTEXT,False,NO_INVESTIGATION,False,,,0,0,0,0,0,0,0.0,25.88,,
2026-08-21,6450.0,66.56,3.1496,4.3479,0.7244,True,,5.8,0.9143,0.8973,1.1682,14.3,0.8619,1.2677,50.0,0.0,0,True,False,False,False,BBCA,NO_INVESTIGATION,False,0,5,0.0,25.52,,financials,27,0.0,22.455,3,0.1111111111111111,1,0.037037037037037035,0.6296296296296297,3,83.07,0.6666666666666666,0.0,GOOD,0.5596707818930041,0.0,33.58024691358025,False,,NO_ACTIVITY_CONTEXT,False,NO_INVESTIGATION,False,,,0,0,0,0,0,0,0.0,25.52,,
2026-08-24,6400.0,74.31,2.7344,4.1339,0.6615,True,,0.0,0.7638,0.7612,0.9422,0.0,0.8558,0.9315,56.64,0.0332,0,True,False,False,False,BBCA,NO_INVESTIGATION,False,0,5,0.0,24.24,,financials,27,6.91,39.585,6,0.2222222222222222,0,0.0,0.4074074074074074,3,8.38,0.0,0.0,GOOD,0.3168724279835391,0.0,19.012345679012345,False,,NO_ACTIVITY_CONTEXT,False,NO_INVESTIGATION,False,,,0,0,0,0,0,0,0.0,24.24,,
2026-08-26,6350.0,69.77,2.7344,3.937,0.6945,True,,3.7,0.8431,0.8512,1.1033,1.62,0.8097,1.0319,77.04,0.1469,0,True,False,False,False,BBCA,NO_INVESTIGATION,False,0,5,0.0,26.5,,financials,27,50.01,74.195,14,0.5185185185185185,1,0.037037037037037035,0.18518518518518517,3,37.93,0.0,0.3333333333333333,GOOD,0.08916323731138547,0.3333333333333333,18.68312757201646,False,,NO_ACTIVITY_CONTEXT,False,NO_INVESTIGATION,False,,,0,0,0,0,0,0,0.0,26.5,,
2026-08-27,6400.0,69.57,2.7344,3.9293,0.6959,True,,0.0,0.636,0.6396,0.8034,2.09,0.7828,1.041,27.94,-0.0882,0,True,False,False,False,BBCA,NO_INVESTIGATION,False,0,5,0.0,20.5,,financials,27,0.0,54.835,8,0.2962962962962963,2,0.07407407407407407,0.5185185185185185,3,3.01,0.3333333333333333,0.3333333333333333,GOOD,0.36488340192043894,0.22222222222222224,30.781893004115226,False,,NO_ACTIVITY_CONTEXT,False,NO_INVESTIGATION,False,,,0,0,0,0,0,0,0.0,20.5,,
2026-08-28,6475.0,56.18,3.125,3.8988,0.8015,True,,68.81,1.8167,1.7794,1.3099,35.29,1.2758,1.2422,100.0,0.3179,3,True,True,True,True,BBCA,EMERGING,True,1,5,20.0,53.98,53.98,financials,27,0.0,48.61,7,0.25925925925925924,2,0.07407407407407407,0.8888888888888888,3,2.17,0.3333333333333333,1.0,GOOD,0.6584362139917694,0.6666666666666667,66.17283950617283,True,66.17283950617283,STOCK_SPECIFIC_ACTIVITY,True,EMERGING,True,BBCA-20260828-01,2026-08-28,1,1,1,1,1,0,20.0,53.98,53.98,
2026-08-31,6475.0,50.9,3.125,3.7096,0.8424,True,,70.0,2.6746,2.6263,0.9197,60.0,2.5642,0.9661,61.63,0.0581,2,False,True,True,False,BBCA,WEAKENING,True,1,5,20.0,52.89,52.89,financials,27,69.98,80.765,17,0.6296296296296297,4,0.14814814814814814,0.5925925925925926,3,81.54,1.0,0.0,GOOD,0.21947873799725648,0.0,13.16872427983539,True,13.16872427983539,MARKET_WIDE_ACTIVITY,True,DEVELOPING,True,BBCA-20260828-01,2026-08-28,2,1,2,2,1,0,40.0,56.89,56.89,
2026-09-01,6600.0,2.4,4.2471,3.5433,1.1986,True,,54.51,1.3856,1.3418,1.7524,19.05,0.7274,1.3055,100.0,0.5626,3,False,True,True,False,BBCA,WEAKENING,True,1,5,20.0,33.81,33.81,financials,27,54.42,84.5,14,0.5185185185185185,2,0.07407407407407407,0.5555555555555556,3,66.87,0.6666666666666666,0.3333333333333333,GOOD,0.2674897119341564,0.11111111111111112,20.493827160493826,True,20.493827160493826,MARKET_WIDE_ACTIVITY,False,WEAKENING,True,BBCA-20260828-01,2026-08-28,3,1,2,2,1,1,40.0,37.81,37.81,
2026-09-02,6675.0,0.0,6.1776,3.5433,1.7435,True,,30.85,1.2949,1.2345,1.2709,0.0,0.9569,0.0,50.0,0.0,3,False,False,True,False,BBCA,WEAKENING,True,1,5,20.0,18.26,18.26,financials,27,17.97,62.275000000000006,8,0.2962962962962963,0,0.0,0.6296296296296297,3,24.02,0.3333333333333333,0.6666666666666666,GOOD,0.4430727023319616,0.4444444444444445,44.36213991769547,True,44.36213991769547,MIXED_CONTEXT,False,CLOSED,False,BBCA-20260828-01,2026-08-28,4,1,2,2,1,2,40.0,22.26,,TWO_UNSUPPORTED_SESSIONS
2026-09-03,6775.0,0.0,6.0606,3.5433,1.7104,True,,36.05,1.2415,1.1865,1.4928,3.6,0.8245,1.0683,96.16,0.2744,2,False,False,True,False,BBCA,WEAKENING,True,1,5,20.0,24.97,24.97,financials,27,32.28,69.175,9,0.3333333333333333,1,0.037037037037037035,0.5555555555555556,3,58.69,0.6666666666666666,0.0,GOOD,0.3703703703703704,0.0,22.222222222222225,True,22.222222222222225,PEER_CLUSTERED_ACTIVITY,False,NO_INVESTIGATION,False,,,0,0,0,0,0,0,0.0,20.97,,
2026-09-04,6700.0,0.0,6.7416,3.5433,1.9026,True,,8.23,1.0434,0.9921,1.1835,0.0,0.9229,0.7994,24.97,-0.1003,0,False,False,False,False,BBCA,NO_INVESTIGATION,False,0,5,0.0,4.97,,financials,27,0.0,24.19,5,0.18518518518518517,1,0.037037037037037035,0.6296296296296297,3,0.0,0.0,1.0,GOOD,0.5130315500685871,1.0,70.78189300411523,False,,NO_ACTIVITY_CONTEXT,False,NO_INVESTIGATION,False,,,0,0,0,0,0,0,0.0,4.97,,
2026-09-07,6625.0,0.0,6.367,3.5433,1.7969,True,,0.0,0.7207,0.7133,0.9702,0.0,0.7616,0.8479,27.33,-0.0907,0,False,False,False,False,BBCA,NO_INVESTIGATION,False,0,5,0.0,2.73,,financials,27,0.77,43.894999999999996,6,0.2222222222222222,2,0.07407407407407407,0.4444444444444444,3,0.77,0.0,0.0,GOOD,0.345679012345679,0.0,20.74074074074074,False,,NO_ACTIVITY_CONTEXT,False,NO_INVESTIGATION,False,,,0,0,0,0,0,0,0.0,2.73,,
2026-09-08,6675.0,9.38,4.1199,3.7324,1.1038,True,,15.56,1.2065,1.1844,0.9587,27.65,1.3012,1.0369,100.0,0.3722,1,False,False,False,False,BBCA,NO_INVESTIGATION,False,0,5,0.0,21.16,,financials,27,21.11,72.91999999999999,10,0.37037037037037035,1,0.037037037037037035,0.48148148148148145,3,0.0,0.3333333333333333,0.6666666666666666,GOOD,0.30315500685871055,0.4444444444444445,35.967078189300416,True,35.967078189300416,MIXED_CONTEXT,False,NO_INVESTIGATION,False,,,0,0,0,0,0,0,0.0,21.16,,
2026-09-09,6525.0,0.0,5.2434,3.9293,1.3345,True,,87.41,2.1099,2.1181,1.5837,31.89,1.3776,0.5383,0.0,-0.504,3,False,True,True,False,BBCA,NO_INVESTIGATION,False,0,5,0.0,31.01,,financials,27,51.62,75.14,14,0.5185185185185185,4,0.14814814814814814,0.8518518518518519,3,13.24,0.3333333333333333,1.0,GOOD,0.4101508916323731,0.6666666666666667,51.27572016460906,True,51.27572016460906,MIXED_CONTEXT,False,NO_INVESTIGATION,False,,,0,0,0,0,0,0,0.0,31.01,,
2026-09-10,6425.0,0.0,6.4151,3.937,1.6294,True,,93.11,1.9851,2.0227,1.7805,18.93,1.2207,0.9545,0.0,-0.4316,3,False,True,True,False,BBCA,NO_INVESTIGATION,False,0,5,0.0,30.77,,financials,27,23.38,67.435,12,0.4444444444444444,2,0.07407407407407407,0.8888888888888888,3,23.38,0.3333333333333333,1.0,GOOD,0.49382716049382713,0.6666666666666667,56.2962962962963,True,56.2962962962963,MIXED_CONTEXT,False,NO_INVESTIGATION,False,,,0,0,0,0,0,0,0.0,30.77,,
2026-09-11,6325.0,0.0,8.046,3.937,2.0437,True,,89.54,1.8497,1.9313,1.8971,0.82,1.0109,0.761,0.0,-0.4435,3,False,True,True,False,BBCA,NO_INVESTIGATION,False,0,5,0.0,26.99,,financials,27,18.62,50.334999999999994,7,0.25925925925925924,0,0.0,1.0,3,10.51,0.3333333333333333,1.0,GOOD,0.7407407407407407,0.6666666666666667,71.11111111111111,True,71.11111111111111,STOCK_SPECIFIC_ACTIVITY,False,NO_INVESTIGATION,False,,,0,0,0,0,0,0,0.0,26.99,,
2026-09-14,6500.0,0.0,8.0769,3.937,2.0515,True,,70.74,2.0355,2.0882,1.2136,54.51,1.7821,0.9747,24.35,-0.1052,3,False,True,True,False,BBCA,NO_INVESTIGATION,False,0,5,0.0,31.83,,financials,27,26.07,74.15,11,0.4074074074074074,0,0.0,0.7407407407407407,3,87.77,1.0,0.0,GOOD,0.43895747599451296,0.0,26.33744855967078,True,26.33744855967078,PEER_CLUSTERED_ACTIVITY,False,NO_INVESTIGATION,False,,,0,0,0,0,0,0,0.0,31.83,,
2026-09-15,6400.0,0.0,7.0039,4.0284,1.7386,True,,0.0,0.849,0.8825,0.8261,14.18,1.1045,1.0986,36.37,-0.0545,0,False,False,False,False,BBCA,NO_INVESTIGATION,False,0,5,0.0,5.76,,financials,27,0.0,11.379999999999999,4,0.14814814814814814,0,0.0,0.5185185185185185,3,10.97,0.0,0.0,GOOD,0.44170096021947874,0.0,26.502057613168724,False,,NO_ACTIVITY_CONTEXT,False,NO_INVESTIGATION,False,,,0,0,0,0,0,0,0.0,5.76,,
2026-09-16,6325.0,1.21,5.4688,4.1835,1.3072,True,,0.0,0.6344,0.6661,0.7928,0.0,0.86,0.909,19.31,-0.1456,0,False,False,False,False,BBCA,NO_INVESTIGATION,False,0,5,0.0,2.23,,financials,27,0.0,19.835,2,0.07407407407407407,0,0.0,0.5185185185185185,3,0.0,0.0,0.6666666666666666,GOOD,0.4801097393689986,0.6666666666666666,55.47325102880658,False,,NO_ACTIVITY_CONTEXT,False,NO_INVESTIGATION,False,,,0,0,0,0,0,0,0.0,2.23,,
2026-09-17,6350.0,14.26,5.1181,4.7453,1.0786,True,,0.0,0.5736,0.592,0.6831,0.0,0.9209,0.7792,34.43,-0.0623,0,False,False,False,False,BBCA,NO_INVESTIGATION,False,0,5,0.0,7.01,,financials,27,0.0,8.625,3,0.1111111111111111,0,0.0,0.6666666666666666,3,0.0,0.0,1.0,GOOD,0.5925925925925926,1.0,75.55555555555556,False,,NO_ACTIVITY_CONTEXT,False,NO_INVESTIGATION,False,,,0,0,0,0,0,0,0.0,7.01,,
2026-09-18,6300.0,16.16,5.5118,5.1808,1.0639,True,,54.8,1.6172,1.6929,1.2962,37.64,1.3806,1.0371,0.0,-0.3201,3,False,True,True,False,BBCA,NO_INVESTIGATION,False,0,5,0.0,26.13,,financials,27,48.09,72.95,12,0.4444444444444444,1,0.037037037037037035,0.5925925925925926,3,39.71,0.0,1.0,GOOD,0.3292181069958848,1.0,59.75308641975309,True,59.75308641975309,MIXED_CONTEXT,False,NO_INVESTIGATION,False,,,0,0,0,0,0,0,0.0,26.13,,
2026-09-21,6225.0,52.85,4.3478,5.3561,0.8118,True,,0.0,0.6037,0.6454,0.7608,5.82,0.8576,1.1023,0.0,-0.3006,0,False,False,False,False,BBCA,NO_INVESTIGATION,False,0,5,0.0,14.09,,financials,27,0.0,3.005,2,0.07407407407407407,0,0.0,0.7037037037037037,3,0.0,0.0,1.0,GOOD,0.6515775034293553,1.0,79.09465020576133,False,,NO_ACTIVITY_CONTEXT,False,NO_INVESTIGATION,False,,,0,0,0,0,0,0,0.0,14.09,,
2026-09-22,6200.0,63.0,3.9683,5.3561,0.7409,True,,0.0,0.8012,0.8604,0.9692,0.0,0.934,0.6435,15.63,-0.1749,0,True,False,False,False,BBCA,NO_INVESTIGATION,False,0,5,0.0,17.31,,financials,27,2.89,15.330000000000002,4,0.14814814814814814,0,0.0,0.4074074074074074,3,5.89,0.3333333333333333,0.3333333333333333,GOOD,0.34705075445816186,0.22222222222222224,29.711934156378604,False,,NO_ACTIVITY_CONTEXT,False,NO_INVESTIGATION,False,,,0,0,0,0,0,0,0.0,17.31,,
2026-09-23,6300.0,72.2,3.5714,5.3561,0.6668,True,,0.0,0.8378,0.8938,0.7368,28.47,1.2977,1.0435,43.2,-0.0272,0,True,False,False,False,BBCA,NO_INVESTIGATION,False,0,5,0.0,26.64,,financials,27,0.0,4.3549999999999995,2,0.07407407407407407,0,0.0,0.6296296296296297,3,0.0,0.0,0.6666666666666666,GOOD,0.5829903978052127,0.6666666666666666,61.64609053497942,False,,NO_ACTIVITY_CONTEXT,False,NO_INVESTIGATION,False,,,0,0,0,0,0,0,0.0,26.64,,
2026-09-24,6225.0,89.82,2.8112,5.3561,0.5249,True,,0.0,0.6521,0.6983,0.546,29.79,1.2729,1.1529,52.93,0.0147,0,True,False,False,False,BBCA,NO_INVESTIGATION,False,0,5,0.0,32.22,,financials,27,0.0,0.0,2,0.07407407407407407,0,0.0,0.8148148148148148,3,0.0,0.3333333333333333,0.6666666666666666,GOOD,0.7544581618655692,0.4444444444444445,63.04526748971193,False,,NO_ACTIVITY_CONTEXT,False,NO_INVESTIGATION,False,,,0,0,0,0,0,0,0.0,32.22,,
2026-09-25,6250.0,95.69,2.008,5.3561,0.3749,True,,0.0,0.7709,0.8257,0.7221,22.24,1.0662,1.2879,82.74,0.1849,0,True,False,False,False,BBCA,NO_INVESTIGATION,False,0,5,0.0,35.53,,financials,27,0.0,0.0,1,0.037037037037037035,0,0.0,0.7777777777777778,3,0.0,0.0,0.6666666666666666,GOOD,0.7489711934156379,0.6666666666666666,71.60493827160495,False,,NO_ACTIVITY_CONTEXT,False,NO_INVESTIGATION,False,,,0,0,0,0,0,0,0.0,35.53,,
2026-09-28,6225.0,95.69,2.008,5.3561,0.3749,True,,5.48,1.0248,1.094,1.0427,8.26,1.0079,1.1385,55.16,0.0258,0,True,False,False,False,BBCA,NO_INVESTIGATION,False,0,5,0.0,32.32,,financials,27,0.0,4.0649999999999995,1,0.037037037037037035,0,0.0,0.8148148148148148,3,0.0,0.0,0.6666666666666666,GOOD,0.7846364883401921,0.6666666666666666,73.74485596707818,False,,NO_ACTIVITY_CONTEXT,False,NO_INVESTIGATION,False,,,0,0,0,0,0,0,0.0,32.32,,
2026-09-29,6150.0,89.82,2.8112,5.3561,0.5249,True,,41.17,1.3883,1.4616,1.1853,10.63,1.1446,0.6924,18.71,-0.1503,2,True,False,True,False,BBCA,NO_INVESTIGATION,False,0,5,0.0,38.27,,financials,27,13.22,41.695,3,0.1111111111111111,0,0.0,0.7407407407407407,3,43.19,0.3333333333333333,0.3333333333333333,GOOD,0.6584362139917694,0.22222222222222224,48.395061728395056,True,48.395061728395056,MIXED_CONTEXT,True,NO_INVESTIGATION,False,,,0,0,0,0,0,0,0.0,38.27,,
2026-06-12,3560.0,0.0,19.1304,6.0056,3.1854,True,,24.39,1.2541,1.3427,1.1716,23.35,1.1702,1.2035,19.97,-0.1403,2,False,False,True,False,BBNI,NO_INVESTIGATION,False,0,5,0.0,12.82,,financials,27,7.79,25.415,4,0.14814814814814814,0,0.0,0.7407407407407407,3,28.36,0.0,0.3333333333333333,GOOD,0.6310013717421125,0.3333333333333333,51.193415637860085,True,51.193415637860085,MIXED_CONTEXT,False,NO_INVESTIGATION,False,,,0,0,0,0,0,0,0.0,12.82,,
2026-06-15,3800.0,0.0,24.0,6.0686,3.9548,True,,74.0,1.9463,1.9888,1.7966,13.07,1.12,1.0818,86.97,0.2132,3,False,True,True,False,BBNI,NO_INVESTIGATION,False,0,5,0.0,32.86,,financials,27,42.94,64.585,13,0.48148148148148145,0,0.0,0.9259259259259259,3,57.72,0.6666666666666666,1.0,GOOD,0.4801097393689987,0.33333333333333337,42.13991769547326,True,42.13991769547326,PEER_CLUSTERED_ACTIVITY,False,NO_INVESTIGATION,False,,,0,0,0,0,0,0,0.0,32.86,,
2026-06-17,3800.0,0.0,17.4157,6.4102,2.7169,True,,50.82,1.5395,1.5321,1.6559,0.0,0.8422,0.8966,42.98,-0.0281,3,False,True,True,False,BBNI,NO_INVESTIGATION,False,0,5,0.0,19.54,,financials,27,0.0,18.119999999999997,4,0.14814814814814814,0,0.0,0.8888888888888888,3,35.25,0.0,1.0,GOOD,0.757201646090535,1.0,85.4320987654321,True,85.4320987654321,STOCK_SPECIFIC_ACTIVITY,False,NO_INVESTIGATION,False,,,0,0,0,0,0,0,0.0,19.54,,
2026-06-18,3730.0,0.0,13.941,8.2881,1.6821,True,,3.43,1.063,1.0386,0.8494,17.85,1.1509,1.1205,8.79,-0.2297,0,False,False,False,False,BBNI,NO_INVESTIGATION,False,0,5,0.0,4.59,,financials,27,0.0,2.745,1,0.037037037037037035,0,0.0,0.7777777777777778,3,0.0,0.0,1.0,GOOD,0.7489711934156379,1.0,84.93827160493828,False,,NO_ACTIVITY_CONTEXT,False,NO_INVESTIGATION,False,,,0,0,0,0,0,0,0.0,4.59,,
2026-06-19,3670.0,37.44,10.7239,11.8907,0.9019,True,,21.39,1.3233,1.3129,0.6694,55.97,1.8862,1.0181,72.47,0.1165,2,False,False,True,False,BBNI,NO_INVESTIGATION,False,0,5,0.0,31.42,,financials,27,66.7,70.0,17,0.6296296296296297,6,0.2222222222222222,0.25925925925925924,3,23.39,0.0,0.3333333333333333,GOOD,0.09602194787379971,0.3333333333333333,19.094650205761315,True,19.094650205761315,MARKET_WIDE_ACTIVITY,False,NO_INVESTIGATION,False,,,0,0,0,0,0,0,0.0,31.42,,
2026-06-22,3490.0,33.22,11.5282,12.3324,0.9348,True,,0.0,0.728,0.7017,0.9616,13.44,0.7314,1.2417,0.0,-0.5453,0,False,False,False,False,BBNI,NO_INVESTIGATION,False,0,5,0.0,10.32,,financials,27,0.0,14.54,1,0.037037037037037035,0,0.0,0.6296296296296297,3,0.0,0.0,1.0,GOOD,0.6063100137174212,1.0,76.37860082304528,False,,NO_ACTIVITY_CONTEXT,False,NO_INVESTIGATION,False,,,0,0,0,0,0,0,0.0,10.32,,
2026-06-23,3430.0,10.01,14.4414,12.7346,1.134,True,,2.54,0.8595,0.86,1.0856,0.0,0.7469,0.9146,70.77,0.1051,0,False,False,False,False,BBNI,NO_INVESTIGATION,False,0,5,0.0,10.34,,financials,27,0.0,0.0,1,0.037037037037037035,0,0.0,0.8888888888888888,3,0.0,0.0,1.0,GOOD,0.8559670781893004,1.0,91.35802469135803,False,,NO_ACTIVITY_CONTEXT,False,NO_INVESTIGATION,False,,,0,0,0,0,0,0,0.0,10.34,,
2026-06-24,3320.0,26.15,14.0401,14.1912,0.9894,True,,19.61,1.2327,1.2625,1.0684,13.68,1.0527,1.1881,24.99,-0.1001,2,False,False,True,False,BBNI,NO_INVESTIGATION,False,0,5,0.0,16.97,,financials,27,0.0,10.780000000000001,1,0.037037037037037035,0,0.0,0.8148148148148148,3,5.1,0.0,1.0,GOOD,0.7846364883401921,1.0,87.07818930041152,True,87.07818930041152,STOCK_SPECIFIC_ACTIVITY,False,NO_INVESTIGATION,False,,,0,0,0,0,0,0,0.0,16.97,,
2026-06-25,3350.0,30.01,13.7026,14.2408,0.9622,True,,0.0,0.5551,0.581,0.5393,0.81,1.0116,0.463,33.97,-0.0641,0,False,False,False,False,BBNI,NO_INVESTIGATION,False,0,5,0.0,11.02,,financials,27,0.0,12.219999999999999,5,0.18518518518518517,1,0.037037037037037035,0.5185185185185185,3,0.0,0.0,1.0,GOOD,0.4224965706447188,1.0,65.34979423868312,False,,NO_ACTIVITY_CONTEXT,False,NO_INVESTIGATION,False,,,0,0,0,0,0,0,0.0,11.02,,
2026-06-26,3320.0,21.0,14.6269,14.2408,1.0271,True,,0.0,0.7921,0.8481,0.9861,0.0,0.7777,0.759,23.43,-0.1125,0,False,False,False,False,BBNI,NO_INVESTIGATION,False,0,5,0.0,7.59,,financials,27,0.0,0.0,1,0.037037037037037035,0,0.0,0.8148148148148148,3,0.0,0.0,1.0,GOOD,0.7846364883401921,1.0,87.07818930041152,False,,NO_ACTIVITY_CONTEXT,False,NO_INVESTIGATION,False,,,0,0,0,0,0,0,0.0,7.59,,
2026-06-29,3260.0,86.15,7.8313,14.518,0.5394,True,,0.0,0.3149,0.339,0.4933,5.75,0.6296,1.1152,0.0,-0.407,0,True,False,False,False,BBNI,NO_INVESTIGATION,False,0,5,0.0,22.4,,financials,27,0.0,0.0,1,0.037037037037037035,0,0.0,0.9629629629629629,3,0.0,0.0,1.0,GOOD,0.9272976680384087,1.0,95.63786008230453,False,,NO_ACTIVITY_CONTEXT,False,NO_INVESTIGATION,False,,,0,0,0,0,0,0,0.0,22.4,,
2026-06-30,3160.0,68.7,9.9398,14.518,0.6847,True,,0.0,0.6933,0.7656,0.8904,10.79,0.7679,1.1869,21.16,-0.1307,0,True,False,False,False,BBNI,NO_INVESTIGATION,False,0,5,0.0,20.91,,financials,27,0.0,25.9,2,0.07407407407407407,0,0.0,0.5925925925925926,3,0.0,0.0,0.6666666666666666,GOOD,0.5486968449931413,0.6666666666666666,59.58847736625514,False,,NO_ACTIVITY_CONTEXT,False,NO_INVESTIGATION,False,,,0,0,0,0,0,0,0.0,20.91,,
2026-07-01,3100.0,64.65,10.4294,14.518,0.7184,True,,0.0,0.7644,0.8393,0.8565,0.0,0.8046,0.9213,0.0,-0.3462,0,True,False,False,False,BBNI,NO_INVESTIGATION,False,0,5,0.0,16.16,,financials,27,0.0,0.0,1,0.037037037037037035,0,0.0,0.8518518518518519,3,0.0,0.0,0.6666666666666666,GOOD,0.8203017832647462,0.6666666666666666,75.88477366255144,False,,NO_ACTIVITY_CONTEXT,False,NO_INVESTIGATION,False,,,0,0,0,0,0,0,0.0,16.16,,
2026-07-02,3170.0,77.86,8.8328,14.518,0.6084,True,,0.0,0.6465,0.6924,0.7338,0.49,0.7943,1.009,70.92,0.1062,0,True,False,False,False,BBNI,NO_INVESTIGATION,False,0,5,0.0,26.63,,financials,27,0.0,0.0,1,0.037037037037037035,0,0.0,0.8888888888888888,3,0.0,0.0,1.0,GOOD,0.8559670781893004,1.0,91.35802469135803,False,,NO_ACTIVITY_CONTEXT,False,NO_INVESTIGATION,False,,,0,0,0,0,0,0,0.0,26.63,,
2026-07-03,3250.0,83.08,8.2019,14.518,0.5649,True,,0.0,0.3351,0.3521,0.4511,2.23,0.6746,1.0389,78.99,0.1599,0,True,False,False,False,BBNI,NO_INVESTIGATION,False,0,5,0.0,29.0,,financials,27,0.0,0.0,1,0.037037037037037035,0,0.0,0.7777777777777778,3,0.0,0.0,1.0,GOOD,0.7489711934156379,1.0,84.93827160493828,False,,NO_ACTIVITY_CONTEXT,False,NO_INVESTIGATION,False,,,0,0,0,0,0,0,0.0,29.0,,
2026-07-06,3280.0,88.99,7.2555,14.2408,0.5095,True,,0.0,0.3599,0.3892,0.5412,0.0,0.655,0.8069,41.64,-0.0334,0,True,False,False,False,BBNI,NO_INVESTIGATION,False,0,5,0.0,26.41,,financials,27,0.0,0.0,0,0.0,0,0.0,0.8148148148148148,3,13.66,0.0,0.3333333333333333,GOOD,0.8148148148148148,0.3333333333333333,62.222222222222214,False,,NO_ACTIVITY_CONTEXT,False,NO_INVESTIGATION,False,,,0,0,0,0,0,0,0.0,26.41,,
2026-07-07,3470.0,48.42,11.6923,13.9906,0.8357,True,,8.06,0.8126,0.8383,1.2671,4.4,0.6488,1.0747,72.27,0.1151,1,False,False,False,False,BBNI,NO_INVESTIGATION,False,0,5,0.0,22.41,,financials,27,0.0,6.77,1,0.037037037037037035,1,0.037037037037037035,0.8148148148148148,3,0.0,0.0,1.0,GOOD,0.7846364883401921,1.0,87.07818930041152,True,87.07818930041152,STOCK_SPECIFIC_ACTIVITY,True,NO_INVESTIGATION,False,,,0,0,0,0,0,0,0.0,22.41,,
2026-07-08,3380.0,54.72,10.9756,13.8218,0.7941,True,,0.0,0.7768,0.7913,0.8473,10.53,0.9954,1.1605,51.13,0.0056,0,False,False,False,False,BBNI,NO_INVESTIGATION,False,0,5,0.0,20.37,,financials,27,0.0,0.02,0,0.0,0,0.0,0.7407407407407407,3,0.0,0.0,1.0,GOOD,0.7407407407407407,1.0,84.44444444444444,False,,NO_ACTIVITY_CONTEXT,False,NO_INVESTIGATION,False,,,0,0,0,0,0,0,0.0,20.37,,
2026-07-09,3420.0,81.06,7.6923,12.6975,0.6058,True,,0.0,0.3645,0.3569,0.5223,0.88,0.7311,1.0144,51.54,0.0077,0,True,False,False,False,BBNI,NO_INVESTIGATION,False,0,5,0.0,25.55,,financials,27,0.0,0.0,0,0.0,0,0.0,0.8148148148148148,3,0.0,0.0,1.0,GOOD,0.8148148148148148,1.0,88.88888888888889,False,,NO_ACTIVITY_CONTEXT,False,NO_INVESTIGATION,False,,,0,0,0,0,0,0,0.0,25.55,,
2026-07-10,3420.0,72.69,7.6023,11.6102,0.6548,True,,0.0,0.4643,0.4301,0.5073,6.33,0.9383,1.1033,16.03,-0.1717,0,True,False,False,False,BBNI,NO_INVESTIGATION,False,0,5,0.0,20.73,,financials,27,0.0,0.0,0,0.0,0,0.0,0.7777777777777778,3,0.0,0.0,1.0,GOOD,0.7777777777777778,1.0,86.66666666666667,False,,NO_ACTIVITY_CONTEXT,False,NO_INVESTIGATION,False,,,0,0,0,0,0,0,0.0,20.73,,
2026-07-13,3530.0,63.25,8.1871,11.2519,0.7276,True,,0.0,0.8508,0.7994,0.7403,17.49,1.2325,0.9514,29.93,-0.0803,0,True,False,False,False,BBNI,NO_INVESTIGATION,False,0,5,0.0,21.43,,financials,27,0.0,0.0,2,0.07407407407407407,0,0.0,0.7777777777777778,3,0.0,0.0,1.0,GOOD,0.720164609053498,1.0,83.20987654320989,False,,NO_ACTIVITY_CONTEXT,False,NO_INVESTIGATION,False,,,0,0,0,0,0,0,0.0,21.43,,
2026-07-14,3470.0,69.42,7.3099,10.8497,0.6737,True,,0.0,0.8348,0.8287,0.8693,4.15,1.0568,0.9772,21.34,-0.1293,0,True,False,False,False,BBNI,NO_INVESTIGATION,False,0,5,0.0,20.11,,financials,27,4.74,24.61,6,0.2222222222222222,0,0.0,0.4074074074074074,3,4.74,0.0,0.3333333333333333,GOOD,0.3168724279835391,0.3333333333333333,32.34567901234568,False,,NO_ACTIVITY_CONTEXT,False,NO_INVESTIGATION,False,,,0,0,0,0,0,0,0.0,20.11,,
2026-07-15,3460.0,68.44,7.2254,10.5767,0.6831,True,,0.0,0.6091,0.6034,0.5834,10.93,1.1226,0.7166,24.31,-0.1055,0,True,False,False,False,BBNI,NO_INVESTIGATION,False,0,5,0.0,21.18,,financials,27,3.06,20.625,3,0.1111111111111111,2,0.07407407407407407,0.3333333333333333,3,0.0,0.0,1.0,GOOD,0.2962962962962963,1.0,57.77777777777777,False,,NO_ACTIVITY_CONTEXT,False,NO_INVESTIGATION,False,,,0,0,0,0,0,0,0.0,21.18,,
2026-07-16,3500.0,83.66,5.7637,10.1846,0.5659,True,,0.0,0.9346,0.882,0.6504,46.18,1.5483,1.0307,53.52,0.0176,0,True,False,False,False,BBNI,NO_INVESTIGATION,False,0,5,0.0,33.19,,financials,27,2.62,37.715,5,0.18518518518518517,2,0.07407407407407407,0.4444444444444444,3,0.0,0.0,1.0,GOOD,0.36213991769547327,1.0,61.728395061728406,False,,NO_ACTIVITY_CONTEXT,False,NO_INVESTIGATION,False,,,0,0,0,0,0,0,0.0,33.19,,
2026-07-17,3580.0,52.46,7.7143,9.3863,0.8219,True,,76.93,2.0585,1.9241,1.4512,47.99,1.6389,0.8708,38.34,-0.0467,3,False,True,True,False,BBNI,NO_INVESTIGATION,False,0,5,0.0,47.23,,financials,27,10.93,54.2,8,0.2962962962962963,2,0.07407407407407407,0.9629629629629629,3,70.88,1.0,0.6666666666666666,GOOD,0.6776406035665294,0.0,40.65843621399176,True,40.65843621399176,PEER_CLUSTERED_ACTIVITY,True,NO_INVESTIGATION,False,,,0,0,0,0,0,0,0.0,47.23,,
2026-07-20,3590.0,79.94,5.4286,8.5174,0.6374,True,,30.39,1.4403,1.3362,1.0212,39.99,1.4746,0.7841,10.79,-0.2137,2,True,False,True,False,BBNI,NO_INVESTIGATION,False,0,5,0.0,36.18,,financials,27,31.73,51.675,7,0.25925925925925924,2,0.07407407407407407,0.48148148148148145,3,58.62,1.0,0.0,GOOD,0.3566529492455418,0.0,21.399176954732507,True,21.399176954732507,PEER_CLUSTERED_ACTIVITY,True,NO_INVESTIGATION,False,,,0,0,0,0,0,0,0.0,36.18,,
2026-07-21,3620.0,78.07,5.3073,8.1945,0.6477,True,,14.03,1.2354,1.1452,0.8186,71.43,1.585,1.4768,66.02,0.0801,1,True,False,False,False,BBNI,NO_INVESTIGATION,False,0,5,0.0,41.04,,financials,27,21.74,66.245,9,0.3333333333333333,5,0.18518518518518517,0.3333333333333333,3,0.0,0.0,0.6666666666666666,GOOD,0.22222222222222224,0.6666666666666666,40.0,True,40.0,MIXED_CONTEXT,True,NO_INVESTIGATION,False,,,0,0,0,0,0,0,0.0,41.04,,
2026-07-22,3610.0,75.8,5.2925,8.0092,0.6608,True,,0.0,0.9054,0.8449,0.9578,15.02,1.077,1.1676,37.89,-0.0484,0,True,False,False,False,BBNI,NO_INVESTIGATION,False,0,5,0.0,24.99,,financials,27,44.55,85.55000000000001,13,0.48148148148148145,3,0.1111111111111111,0.14814814814814814,3,30.7,0.0,0.3333333333333333,GOOD,0.07681755829903979,0.3333333333333333,17.94238683127572,False,,NO_ACTIVITY_CONTEXT,False,NO_INVESTIGATION,False,,,0,0,0,0,0,0,0.0,24.99,,
2026-07-23,3600.0,76.32,5.0,7.7728,0.6433,True,,0.0,0.8576,0.8155,0.8995,10.41,1.1232,1.0304,63.23,0.0662,0,True,False,False,False,BBNI,NO_INVESTIGATION,False,0,5,0.0,26.96,,financials,27,50.68,81.85,14,0.5185185185185185,2,0.07407407407407407,0.07407407407407407,3,12.64,0.0,0.3333333333333333,GOOD,0.03566529492455418,0.3333333333333333,15.473251028806583,False,,NO_ACTIVITY_CONTEXT,False,NO_INVESTIGATION,False,,,0,0,0,0,0,0,0.0,26.96,,
2026-07-24,3520.0,84.64,4.4444,7.7033,0.577,True,,0.0,0.7678,0.7598,0.9982,0.13,0.9024,1.002,48.98,-0.0041,0,True,False,False,False,BBNI,NO_INVESTIGATION,False,0,5,0.0,26.08,,financials,27,11.43,44.915,6,0.2222222222222222,1,0.037037037037037035,0.2962962962962963,3,18.46,0.3333333333333333,0.0,GOOD,0.23045267489711932,0.0,13.82716049382716,False,,NO_ACTIVITY_CONTEXT,False,NO_INVESTIGATION,False,,,0,0,0,0,0,0,0.0,26.08,,
2026-07-27,3520.0,65.56,5.5556,7.6473,0.7265,True,,19.81,1.2622,1.2652,0.9681,54.74,1.5133,1.1486,35.79,-0.0568,2,True,False,True,False,BBNI,NO_INVESTIGATION,False,0,5,0.0,34.12,,financials,27,0.0,14.01,1,0.037037037037037035,0,0.0,0.8148148148148148,3,0.0,0.3333333333333333,0.6666666666666666,GOOD,0.7846364883401921,0.4444444444444445,64.85596707818931,True,64.85596707818931,MIXED_CONTEXT,True,NO_INVESTIGATION,False,,,0,0,0,0,0,0,0.0,34.12,,
2026-07-28,3480.0,64.33,5.3977,7.4561,0.7239,True,,0.0,0.4195,0.4168,0.6889,36.24,0.7049,1.7762,25.08,-0.0997,0,True,False,False,False,BBNI,NO_INVESTIGATION,False,0,5,0.0,24.03,,financials,27,0.0,4.82,1,0.037037037037037035,1,0.037037037037037035,0.6296296296296297,3,0.0,0.0,0.6666666666666666,GOOD,0.6063100137174212,0.6666666666666666,63.04526748971193,False,,NO_ACTIVITY_CONTEXT,False,NO_INVESTIGATION,False,,,0,0,0,0,0,0,0.0,24.03,,
2026-07-29,3460.0,72.37,4.8295,7.2827,0.6632,True,,0.0,0.6983,0.7029,0.7879,1.53,1.0215,0.4801,43.04,-0.0278,0,True,False,False,False,BBNI,NO_INVESTIGATION,False,0,5,0.0,22.63,,financials,27,2.68,28.005,3,0.1111111111111111,1,0.037037037037037035,0.48148148148148145,3,0.0,0.0,1.0,GOOD,0.42798353909465014,1.0,65.67901234567901,False,,NO_ACTIVITY_CONTEXT,False,NO_INVESTIGATION,False,,,0,0,0,0,0,0,0.0,22.63,,
2026-07-30,3550.0,93.08,3.4091,7.2405,0.4708,True,,0.0,0.8979,0.9019,0.6513,60.86,1.5537,1.3299,96.94,0.2796,0,True,False,False,False,BBNI,NO_INVESTIGATION,False,0,5,0.0,42.09,,financials,27,0.45,16.86,2,0.07407407407407407,0,0.0,0.48148148148148145,3,0.0,0.0,0.6666666666666666,GOOD,0.4458161865569273,0.6666666666666666,53.4156378600823,False,,NO_ACTIVITY_CONTEXT,False,NO_INVESTIGATION,False,,,0,0,0,0,0,0,0.0,42.09,,
2026-07-31,3530.0,86.65,3.6932,6.4946,0.5687,True,,6.98,1.0895,1.1021,0.7003,67.45,1.6691,1.4556,27.65,-0.0894,0,True,False,False,False,BBNI,NO_INVESTIGATION,False,0,5,0.0,36.64,,financials,27,9.39,62.57,8,0.2962962962962963,3,0.1111111111111111,0.4444444444444444,3,0.0,0.0,1.0,GOOD,0.3127572016460905,1.0,58.76543209876544,False,,NO_ACTIVITY_CONTEXT,False,NO_INVESTIGATION,False,,,0,0,0,0,0,0,0.0,36.64,,
2026-08-03,3520.0,71.65,3.6932,5.6596,0.6525,True,,0.0,0.423,0.4271,0.535,0.0,0.8787,0.9799,20.71,-0.1344,0,True,False,False,False,BBNI,NO_INVESTIGATION,False,0,5,0.0,19.98,,financials,27,13.11,61.47,9,0.3333333333333333,1,0.037037037037037035,0.37037037037037035,3,0.0,0.0,1.0,GOOD,0.2469135802469136,1.0,54.81481481481482,False,,NO_ACTIVITY_CONTEXT,False,NO_INVESTIGATION,False,,,0,0,0,0,0,0,0.0,19.98,,
2026-08-04,3660.0,13.56,5.949,5.4921,1.0832,True,,31.44,1.4098,1.3965,1.0104,61.29,1.5507,1.4134,100.0,0.4005,2,False,False,True,False,BBNI,NO_INVESTIGATION,False,0,5,0.0,32.02,,financials,27,10.55,26.145000000000003,5,0.18518518518518517,0,0.0,0.7777777777777778,3,0.0,0.0,1.0,GOOD,0.6337448559670783,1.0,78.0246913580247,True,78.0246913580247,STOCK_SPECIFIC_ACTIVITY,False,NO_INVESTIGATION,False,,,0,0,0,0,0,0,0.0,32.02,,
2026-08-05,3630.0,21.11,5.6338,5.4921,1.0258,True,,2.44,0.89,0.8736,1.0686,0.0,0.913,0.9747,18.75,-0.15,0,False,False,False,False,BBNI,NO_INVESTIGATION,False,0,5,0.0,7.88,,financials,27,40.75,82.745,12,0.4444444444444444,1,0.037037037037037035,0.25925925925925924,3,0.0,0.0,1.0,GOOD,0.1440329218106996,1.0,48.641975308641975,False,,NO_ACTIVITY_CONTEXT,False,NO_INVESTIGATION,False,,,0,0,0,0,0,0,0.0,7.88,,
2026-08-06,3620.0,32.14,5.2486,5.4921,0.9557,True,,0.0,0.8618,0.8449,0.886,0.23,1.0036,0.9211,100.0,0.331,0,False,False,False,False,BBNI,NO_INVESTIGATION,False,0,5,0.0,18.07,,financials,27,18.02,56.93,10,0.37037037037037035,0,0.0,0.3333333333333333,3,0.0,0.0,1.0,GOOD,0.20987654320987653,1.0,52.59259259259259,False,,NO_ACTIVITY_CONTEXT,False,NO_INVESTIGATION,False,,,0,0,0,0,0,0,0.0,18.07,,
2026-08-07,3630.0,31.11,5.2342,5.4131,0.9669,True,,0.0,0.5264,0.5175,0.5828,0.0,0.9241,0.8633,79.07,0.1605,0,False,False,False,False,BBNI,NO_INVESTIGATION,False,0,5,0.0,15.68,,financials,27,0.0,28.735,4,0.14814814814814814,0,0.0,0.5185185185185185,3,0.0,0.3333333333333333,0.6666666666666666,GOOD,0.44170096021947874,0.4444444444444445,44.2798353909465,False,,NO_ACTIVITY_CONTEXT,False,NO_INVESTIGATION,False,,,0,0,0,0,0,0,0.0,15.68,,
2026-08-10,3650.0,60.4,4.4077,5.3525,0.8235,True,,0.0,0.5174,0.5085,0.7286,16.33,0.7266,1.2846,98.62,0.2908,0,True,False,False,False,BBNI,NO_INVESTIGATION,False,0,5,0.0,27.41,,financials,27,12.47,68.595,8,0.2962962962962963,3,0.1111111111111111,0.2962962962962963,3,17.14,0.0,0.0,GOOD,0.2085048010973937,0.0,12.510288065843621,False,,NO_ACTIVITY_CONTEXT,False,NO_INVESTIGATION,False,,,0,0,0,0,0,0,0.0,27.41,,
2026-08-11,3550.0,75.63,3.8567,5.2999,0.7277,True,,3.67,0.7124,0.7083,1.1005,0.0,0.6894,0.6805,55.84,0.0292,0,True,False,False,False,BBNI,NO_INVESTIGATION,False,0,5,0.0,25.59,,financials,27,2.88,13.344999999999999,2,0.07407407407407407,0,0.0,0.5925925925925926,3,13.2,0.0,0.3333333333333333,GOOD,0.5486968449931413,0.3333333333333333,46.25514403292181,False,,NO_ACTIVITY_CONTEXT,False,NO_INVESTIGATION,False,,,0,0,0,0,0,0,0.0,25.59,,
2026-08-12,3580.0,74.63,3.8674,5.2705,0.7338,True,,0.0,0.554,0.5574,0.5175,8.14,1.1287,0.963,72.17,0.1145,0,True,False,False,False,BBNI,NO_INVESTIGATION,False,0,5,0.0,27.1,,financials,27,0.0,9.42,1,0.037037037037037035,0,0.0,0.5185185185185185,3,0.0,0.0,0.6666666666666666,GOOD,0.4993141289437586,0.6666666666666666,56.62551440329218,False,,NO_ACTIVITY_CONTEXT,False,NO_INVESTIGATION,False,,,0,0,0,0,0,0,0.0,27.1,,
2026-08-13,3610.0,87.47,3.3241,5.2414,0.6342,True,,0.0,0.6243,0.6224,0.5808,21.87,1.1184,1.2541,100.0,0.332,0,True,False,False,False,BBNI,NO_INVESTIGATION,False,0,5,0.0,35.15,,financials,27,0.0,3.51,1,0.037037037037037035,0,0.0,0.5925925925925926,3,0.0,0.0,1.0,GOOD,0.5706447187928669,1.0,74.23868312757203,False,,NO_ACTIVITY_CONTEXT,False,NO_INVESTIGATION,False,,,0,0,0,0,0,0,0.0,35.15,,
2026-08-14,3630.0,82.54,3.3241,5.1171,0.6496,True,,0.0,0.5013,0.4962,0.5558,3.07,0.8928,1.0649,64.24,0.0712,0,True,False,False,False,BBNI,NO_INVESTIGATION,False,0,5,0.0,27.52,,financials,27,0.0,1.06,2,0.07407407407407407,0,0.0,0.7037037037037037,3,0.0,0.0,1.0,GOOD,0.6515775034293553,1.0,79.09465020576133,False,,NO_ACTIVITY_CONTEXT,False,NO_INVESTIGATION,False,,,0,0,0,0,0,0,0.0,27.52,,
2026-08-18,3590.0,85.95,3.0641,4.9148,0.6234,True,,0.0,0.6996,0.6916,0.851,0.0,0.8558,0.7143,50.79,0.0039,0,True,False,False,False,BBNI,NO_INVESTIGATION,False,0,5,0.0,26.57,,financials,27,2.79,22.799999999999997,4,0.14814814814814814,1,0.037037037037037035,0.3333333333333333,3,2.61,0.0,0.3333333333333333,GOOD,0.2839506172839506,0.3333333333333333,30.37037037037037,False,,NO_ACTIVITY_CONTEXT,False,NO_INVESTIGATION,False,,,0,0,0,0,0,0,0.0,26.57,,
2026-08-19,3560.0,76.18,3.0641,4.637,0.6608,True,,0.0,0.6057,0.6028,0.8068,0.0,0.8289,0.7414,0.0,-0.3466,0,True,False,False,False,BBNI,NO_INVESTIGATION,False,0,5,0.0,19.05,,financials,27,0.0,27.994999999999997,6,0.2222222222222222,0,0.0,0.5925925925925926,3,0.0,0.0,1.0,GOOD,0.46090534979423864,1.0,67.65432098765432,False,,NO_ACTIVITY_CONTEXT,False,NO_INVESTIGATION,False,,,0,0,0,0,0,0,0.0,19.05,,
2026-08-20,3590.0,70.43,3.0641,4.4261,0.6923,True,,4.17,1.0632,1.0504,0.8231,45.65,1.3914,1.2555,0.0,-0.3988,0,True,False,False,False,BBNI,NO_INVESTIGATION,False,0,5,0.0,25.71,,financials,27,10.87,68.375,9,0.3333333333333333,1,0.037037037037037035,0.4074074074074074,3,0.0,0.0,1.0,GOOD,0.271604938271605,1.0,56.2962962962963,False,,NO_ACTIVITY_CONTEXT,False,NO_INVESTIGATION,False,,,0,0,0,0,0,0,0.0,25.71,,
2026-08-21,3730.0,0.0,6.4067,4.1376,1.5484,True,,99.71,3.0064,2.8957,2.3286,34.21,1.4103,1.0553,50.0,0.0,3,False,True,True,False,BBNI,NO_INVESTIGATION,False,0,5,0.0,40.04,,financials,27,0.0,22.455,3,0.1111111111111111,1,0.037037037037037035,1.0,3,16.95,0.3333333333333333,1.0,GOOD,0.8888888888888888,0.6666666666666667,80.0,True,80.0,STOCK_SPECIFIC_ACTIVITY,False,NO_INVESTIGATION,False,,,0,0,0,0,0,0,0.0,40.04,,
2026-08-24,3680.0,0.0,6.4067,4.1376,1.5484,True,,27.91,1.0714,1.0373,1.7739,0.0,0.6598,0.6869,0.0,-0.4434,1,False,False,False,False,BBNI,NO_INVESTIGATION,False,0,5,0.0,8.37,,financials,27,6.91,39.585,6,0.2222222222222222,0,0.0,0.7037037037037037,3,6.5,0.0,1.0,GOOD,0.5473251028806585,1.0,72.83950617283952,True,72.83950617283952,STOCK_SPECIFIC_ACTIVITY,False,NO_INVESTIGATION,False,,,0,0,0,0,0,0,0.0,8.37,,
2026-08-26,3680.0,0.0,6.25,4.1376,1.5106,True,,40.32,1.2516,1.2273,1.7275,26.22,0.7914,1.596,7.88,-0.237,3,False,False,True,False,BBNI,NO_INVESTIGATION,False,0,5,0.0,16.82,,financials,27,50.01,74.195,14,0.5185185185185185,1,0.037037037037037035,0.4074074074074074,3,3.7,0.0,1.0,GOOD,0.19615912208504802,1.0,51.769547325102884,True,51.769547325102884,MIXED_CONTEXT,False,NO_INVESTIGATION,False,,,0,0,0,0,0,0,0.0,16.82,,
2026-08-27,3710.0,0.0,6.25,4.1376,1.5106,True,,54.17,1.5223,1.4939,1.4552,10.81,1.1581,0.8068,0.0,-0.4123,3,False,True,True,False,BBNI,NO_INVESTIGATION,False,0,5,0.0,17.87,,financials,27,0.0,54.835,8,0.2962962962962963,2,0.07407407407407407,0.7407407407407407,3,0.0,0.0,1.0,GOOD,0.5212620027434842,1.0,71.27572016460906,True,71.27572016460906,STOCK_SPECIFIC_ACTIVITY,False,NO_INVESTIGATION,False,,,0,0,0,0,0,0,0.0,17.87,,
2026-08-28,3780.0,1.63,5.1213,4.1376,1.2378,True,,50.37,1.5007,1.4372,1.4401,36.37,1.2063,1.4955,83.07,0.1871,3,False,True,True,False,BBNI,NO_INVESTIGATION,False,0,5,0.0,29.28,,financials,27,0.0,48.61,7,0.25925925925925924,2,0.07407407407407407,0.7777777777777778,3,2.17,0.3333333333333333,0.6666666666666666,GOOD,0.5761316872427983,0.4444444444444445,52.345679012345684,True,52.345679012345684,MIXED_CONTEXT,False,NO_INVESTIGATION,False,,,0,0,0,0,0,0,0.0,29.28,,
2026-08-31,3860.0,0.0,7.5472,4.1376,1.8241,True,,93.58,3.6599,3.4445,1.8229,76.11,2.2612,1.3537,90.11,0.2341,3,False,True,True,False,BBNI,NO_INVESTIGATION,False,0,5,0.0,48.5,,financials,27,69.98,80.765,17,0.6296296296296297,4,0.14814814814814814,0.8518518518518519,3,77.65,1.0,1.0,GOOD,0.31550068587105623,0.0,18.930041152263374,True,18.930041152263374,MARKET_WIDE_ACTIVITY,False,NO_INVESTIGATION,False,,,0,0,0,0,0,0,0.0,48.5,,
2026-09-01,3870.0,0.0,7.9365,4.7645,1.6658,True,,6.44,1.0199,0.9508,1.1815,6.41,0.8778,1.1449,64.2,0.071,0,False,False,False,False,BBNI,NO_INVESTIGATION,False,0,5,0.0,9.31,,financials,27,54.42,84.5,14,0.5185185185185185,2,0.07407407407407407,0.2962962962962963,3,66.87,1.0,0.0,GOOD,0.14266117969821673,0.0,8.559670781893004,False,,NO_ACTIVITY_CONTEXT,False,NO_INVESTIGATION,False,,,0,0,0,0,0,0,0.0,9.31,,
2026-09-02,3900.0,0.0,8.2902,5.1777,1.6011,True,,0.0,0.723,0.691,0.9702,0.0,0.6991,0.0,50.0,0.0,0,False,False,False,False,BBNI,NO_INVESTIGATION,False,0,5,0.0,5.0,,financials,27,17.97,62.275000000000006,8,0.2962962962962963,0,0.0,0.18518518518518517,3,30.85,0.3333333333333333,0.0,GOOD,0.13031550068587106,0.0,7.818930041152263,False,,NO_ACTIVITY_CONTEXT,False,NO_INVESTIGATION,False,,,0,0,0,0,0,0,0.0,5.0,,
2026-09-03,3960.0,0.0,7.4935,5.2414,1.4297,True,,47.03,1.4554,1.3685,1.4843,23.1,0.9157,1.5012,100.0,0.4954,3,False,False,True,False,BBNI,NO_INVESTIGATION,False,0,5,0.0,27.57,,financials,27,32.28,69.175,9,0.3333333333333333,1,0.037037037037037035,0.6666666666666666,3,58.69,0.6666666666666666,0.3333333333333333,GOOD,0.4444444444444445,0.11111111111111112,31.11111111111111,True,31.11111111111111,PEER_CLUSTERED_ACTIVITY,False,NO_INVESTIGATION,False,,,0,0,0,0,0,0,0.0,27.57,,
2026-09-04,3940.0,5.97,6.1538,5.2414,1.1741,True,,0.0,0.8963,0.846,0.7794,29.68,1.0926,1.5014,90.31,0.2354,0,False,False,False,False,BBNI,NO_INVESTIGATION,False,0,5,0.0,14.98,,financials,27,0.0,24.19,5,0.18518518518518517,1,0.037037037037037035,0.5185185185185185,3,1.47,0.0,0.3333333333333333,GOOD,0.4224965706447188,0.3333333333333333,38.68312757201646,False,,NO_ACTIVITY_CONTEXT,False,NO_INVESTIGATION,False,,,0,0,0,0,0,0,0.0,14.98,,
2026-09-07,3910.0,68.53,3.5806,5.2414,0.6831,True,,0.77,0.7373,0.7018,1.0245,6.07,0.6661,1.1392,20.22,-0.1383,0,True,False,False,False,BBNI,NO_INVESTIGATION,False,0,5,0.0,20.3,,financials,27,0.77,43.894999999999996,6,0.2222222222222222,2,0.07407407407407407,0.5185185185185185,3,0.15,0.0,0.6666666666666666,GOOD,0.40329218106995884,0.6666666666666666,50.864197530864196,False,,NO_ACTIVITY_CONTEXT,False,NO_INVESTIGATION,False,,,0,0,0,0,0,0,0.0,20.3,,
2026-09-08,3870.0,60.95,3.8363,5.1777,0.7409,True,,61.12,1.6126,1.5654,1.478,0.0,0.9805,0.8448,2.24,-0.2821,3,True,True,True,True,BBNI,EMERGING,True,1,5,20.0,37.8,37.8,financials,27,21.11,72.91999999999999,10,0.37037037037037035,1,0.037037037037037035,0.6666666666666666,3,0.0,0.0,1.0,GOOD,0.41975308641975306,1.0,65.18518518518519,True,65.18518518518519,STOCK_SPECIFIC_ACTIVITY,True,EMERGING,True,BBNI-20260908-01,2026-09-08,1,1,1,1,1,0,20.0,37.8,37.8,
2026-09-09,3820.0,9.53,5.3708,4.7645,1.1273,True,,77.93,1.7495,1.7055,2.1828,0.0,0.758,0.98,20.38,-0.1369,3,False,True,True,False,BBNI,WEAKENING,True,1,5,20.0,31.8,31.8,financials,27,51.62,75.14,14,0.5185185185185185,4,0.14814814814814814,0.7777777777777778,3,13.24,0.3333333333333333,0.6666666666666666,GOOD,0.37448559670781895,0.4444444444444445,40.24691358024692,True,40.24691358024692,MIXED_CONTEXT,False,WEAKENING,True,BBNI-20260908-01,2026-09-08,2,1,1,1,1,1,20.0,31.8,31.8,
2026-09-10,3800.0,9.02,5.9432,5.2461,1.1329,True,,12.22,1.1779,1.1589,0.8137,29.63,1.3624,1.1201,100.0,0.3513,0,False,False,False,False,BBNI,WEAKENING,True,1,5,20.0,24.37,24.37,financials,27,23.38,67.435,12,0.4444444444444444,2,0.07407407407407407,0.4444444444444444,3,54.72,0.6666666666666666,0.0,GOOD,0.24691358024691357,0.0,14.814814814814813,False,,NO_ACTIVITY_CONTEXT,False,CLOSED,False,BBNI-20260908-01,2026-09-08,3,1,1,1,1,2,20.0,24.37,,TWO_UNSUPPORTED_SESSIONS
2026-09-11,3750.0,28.67,5.4974,5.657,0.9718,True,,0.0,0.8521,0.8353,0.9039,0.0,0.9258,0.9216,4.88,-0.2609,0,False,False,False,False,BBNI,WEAKENING,True,1,5,20.0,11.66,11.66,financials,27,18.62,50.334999999999994,7,0.25925925925925924,0,0.0,0.2962962962962963,3,53.58,0.6666666666666666,0.0,GOOD,0.21947873799725648,0.0,13.16872427983539,False,,NO_ACTIVITY_CONTEXT,False,NO_INVESTIGATION,False,,,0,0,0,0,0,0,0.0,7.66,,
2026-09-14,3870.0,2.63,7.0681,5.7203,1.2356,True,,87.77,2.7355,2.6584,1.6547,42.35,1.6721,0.8882,36.33,-0.0547,3,False,True,True,False,BBNI,WEAKENING,True,1,5,20.0,40.97,40.97,financials,27,26.07,74.15,11,0.4074074074074074,0,0.0,0.8518518518518519,3,77.56,1.0,0.6666666666666666,GOOD,0.50480109739369,0.0,30.288065843621396,True,30.288065843621396,PEER_CLUSTERED_ACTIVITY,False,NO_INVESTIGATION,False,,,0,0,0,0,0,0,0.0,36.97,,
2026-09-15,3750.0,8.07,6.8421,6.0485,1.1312,True,,11.19,1.1132,1.0986,1.1094,3.9,1.0219,1.053,0.0,-0.6479,0,False,False,False,False,BBNI,NO_INVESTIGATION,False,0,5,0.0,5.96,,financials,27,0.0,11.379999999999999,4,0.14814814814814814,0,0.0,0.7407407407407407,3,0.93,0.0,1.0,GOOD,0.6310013717421125,1.0,77.86008230452674,False,,NO_ACTIVITY_CONTEXT,False,NO_INVESTIGATION,False,,,0,0,0,0,0,0,0.0,5.96,,
2026-09-16,3730.0,8.11,6.9333,6.2019,1.1179,True,,0.0,0.5406,0.5397,0.5951,0.0,0.9416,0.8458,0.0,-0.3139,0,False,False,False,False,BBNI,NO_INVESTIGATION,False,0,5,0.0,2.03,,financials,27,0.0,19.835,2,0.07407407407407407,0,0.0,0.5185185185185185,3,0.0,0.0,0.6666666666666666,GOOD,0.4801097393689986,0.6666666666666666,55.47325102880658,False,,NO_ACTIVITY_CONTEXT,False,NO_INVESTIGATION,False,,,0,0,0,0,0,0,0.0,2.03,,
2026-09-17,3740.0,8.22,6.9333,6.25,1.1093,True,,0.0,0.6387,0.6384,0.4853,24.58,1.3642,0.957,4.21,-0.2663,0,False,False,False,False,BBNI,NO_INVESTIGATION,False,0,5,0.0,6.16,,financials,27,0.0,8.625,3,0.1111111111111111,0,0.0,0.6666666666666666,3,0.0,0.0,1.0,GOOD,0.5925925925925926,1.0,75.55555555555556,False,,NO_ACTIVITY_CONTEXT,False,NO_INVESTIGATION,False,,,0,0,0,0,0,0,0.0,6.16,,
2026-09-18,3650.0,8.89,6.9519,6.3283,1.0985,True,,13.21,1.1646,1.1886,0.982,13.85,1.213,0.6336,6.03,-0.2517,0,False,False,False,False,BBNI,NO_INVESTIGATION,False,0,5,0.0,8.87,,financials,27,48.09,72.95,12,0.4444444444444444,1,0.037037037037037035,0.2222222222222222,3,48.09,0.3333333333333333,0.0,GOOD,0.12345679012345678,0.0,7.4074074074074066,False,,NO_ACTIVITY_CONTEXT,False,NO_INVESTIGATION,False,,,0,0,0,0,0,0,0.0,8.87,,
2026-09-21,3620.0,5.61,7.2386,6.4067,1.1299,True,,0.0,0.6097,0.628,0.7617,0.0,0.8354,0.8906,6.49,-0.2481,0,False,False,False,False,BBNI,NO_INVESTIGATION,False,0,5,0.0,2.05,,financials,27,0.0,3.005,2,0.07407407407407407,0,0.0,0.7037037037037037,3,0.0,0.0,1.0,GOOD,0.6515775034293553,1.0,79.09465020576133,False,,NO_ACTIVITY_CONTEXT,False,NO_INVESTIGATION,False,,,0,0,0,0,0,0,0.0,2.05,,
2026-09-22,3570.0,34.39,6.3014,6.6244,0.9512,True,,0.0,0.8364,0.8728,0.8641,0.99,1.015,0.5552,24.05,-0.1076,0,False,False,False,False,BBNI,NO_INVESTIGATION,False,0,5,0.0,11.15,,financials,27,2.89,15.330000000000002,4,0.14814814814814814,0,0.0,0.4074074074074074,3,5.89,0.3333333333333333,0.3333333333333333,GOOD,0.34705075445816186,0.22222222222222224,29.711934156378604,False,,NO_ACTIVITY_CONTEXT,False,NO_INVESTIGATION,False,,,0,0,0,0,0,0,0.0,11.15,,
2026-09-23,3590.0,31.27,6.3536,6.5717,0.9668,True,,0.0,0.8014,0.8367,0.7892,7.45,1.1052,0.6487,0.0,-0.3092,0,False,False,False,False,BBNI,NO_INVESTIGATION,False,0,5,0.0,8.94,,financials,27,0.0,4.3549999999999995,2,0.07407407407407407,0,0.0,0.6296296296296297,3,0.0,0.0,0.6666666666666666,GOOD,0.5829903978052127,0.6666666666666666,61.64609053497942,False,,NO_ACTIVITY_CONTEXT,False,NO_INVESTIGATION,False,,,0,0,0,0,0,0,0.0,8.94,,
2026-09-24,3520.0,30.44,6.4067,6.5978,0.971,True,,0.0,0.6022,0.6398,0.977,0.0,0.6648,0.7449,16.14,-0.1709,0,False,False,False,False,BBNI,NO_INVESTIGATION,False,0,5,0.0,9.22,,financials,27,0.0,0.0,2,0.07407407407407407,0,0.0,0.8148148148148148,3,0.0,0.3333333333333333,0.6666666666666666,GOOD,0.7544581618655692,0.4444444444444445,63.04526748971193,False,,NO_ACTIVITY_CONTEXT,False,NO_INVESTIGATION,False,,,0,0,0,0,0,0,0.0,9.22,,
2026-09-25,3500.0,54.81,5.6022,6.6244,0.8457,True,,20.55,1.144,1.2199,1.1935,0.0,0.9731,0.6154,3.46,-0.2723,1,False,False,False,False,BBNI,NO_INVESTIGATION,False,0,5,0.0,20.21,,financials,27,0.0,0.0,1,0.037037037037037035,0,0.0,0.9629629629629629,3,0.0,0.0,1.0,GOOD,0.9272976680384087,1.0,95.63786008230453,True,95.63786008230453,STOCK_SPECIFIC_ACTIVITY,True,NO_INVESTIGATION,False,,,0,0,0,0,0,0,0.0,20.21,,
2026-09-28,3460.0,60.54,5.3977,6.6244,0.8148,True,,0.0,0.8363,0.8987,0.9699,1.39,0.8842,1.0288,21.92,-0.1246,0,True,False,False,False,BBNI,NO_INVESTIGATION,False,0,5,0.0,17.54,,financials,27,0.0,4.0649999999999995,1,0.037037037037037035,0,0.0,0.5555555555555556,3,5.48,0.0,0.3333333333333333,GOOD,0.5349794238683128,0.3333333333333333,45.432098765432094,False,,NO_ACTIVITY_CONTEXT,False,NO_INVESTIGATION,False,,,0,0,0,0,0,0,0.0,17.54,,
2026-09-29,3440.0,27.44,6.2857,6.3801,0.9852,True,,54.01,1.4861,1.5814,1.2933,11.67,1.1463,0.8514,12.35,-0.2012,3,False,True,True,False,BBNI,NO_INVESTIGATION,False,0,5,0.0,26.05,,financials,27,13.22,41.695,3,0.1111111111111111,0,0.0,0.9259259259259259,3,41.17,0.0,1.0,GOOD,0.8230452674897119,1.0,89.38271604938271,True,89.38271604938271,STOCK_SPECIFIC_ACTIVITY,False,NO_INVESTIGATION,False,,,0,0,0,0,0,0,0.0,26.05,,
2026-06-12,2850.0,0.0,14.7368,9.4262,1.5634,True,,28.36,1.4173,1.4279,0.8812,36.93,1.4193,1.1331,1.58,-0.2874,2,False,False,True,False,BBRI,NO_INVESTIGATION,False,0,5,0.0,14.21,,financials,27,7.79,25.415,4,0.14814814814814814,0,0.0,0.8148148148148148,3,24.39,0.0,0.6666666666666666,GOOD,0.6941015089163237,0.6666666666666666,68.3127572016461,True,68.3127572016461,STOCK_SPECIFIC_ACTIVITY,False,NO_INVESTIGATION,False,,,0,0,0,0,0,0,0.0,14.21,,
2026-06-15,2990.0,0.0,17.8947,9.4262,1.8984,True,,71.43,2.0277,1.9721,1.4702,19.24,1.2918,0.6475,45.23,-0.0191,3,False,True,True,False,BBRI,NO_INVESTIGATION,False,0,5,0.0,28.84,,financials,27,42.94,64.585,13,0.48148148148148145,0,0.0,0.8888888888888888,3,57.72,0.6666666666666666,0.6666666666666666,GOOD,0.46090534979423875,0.22222222222222224,36.543209876543216,True,36.543209876543216,PEER_CLUSTERED_ACTIVITY,False,NO_INVESTIGATION,False,,,0,0,0,0,0,0,0.0,28.84,,
2026-06-17,3080.0,0.0,13.8889,9.6894,1.4334,True,,36.98,1.5472,1.53,1.0561,59.25,1.4567,1.491,98.6,0.2907,2,False,False,True,False,BBRI,NO_INVESTIGATION,False,0,5,0.0,29.84,,financials,27,0.0,18.119999999999997,4,0.14814814814814814,0,0.0,0.8518518518518519,3,35.25,0.3333333333333333,0.6666666666666666,GOOD,0.7256515775034293,0.4444444444444445,61.31687242798354,True,61.31687242798354,MIXED_CONTEXT,False,NO_INVESTIGATION,False,,,0,0,0,0,0,0,0.0,29.84,,
2026-06-18,2960.0,11.11,11.8243,10.7319,1.1018,True,,0.0,0.936,0.9377,0.9394,9.98,0.9911,1.2037,0.0,-0.524,0,False,False,False,False,BBRI,NO_INVESTIGATION,False,0,5,0.0,4.27,,financials,27,0.0,2.745,1,0.037037037037037035,0,0.0,0.7037037037037037,3,0.0,0.0,0.6666666666666666,GOOD,0.6776406035665296,0.6666666666666666,67.32510288065843,False,,NO_ACTIVITY_CONTEXT,False,NO_INVESTIGATION,False,,,0,0,0,0,0,0,0.0,4.27,,
2026-06-19,2930.0,40.75,10.1351,11.3809,0.8905,True,,23.39,1.3296,1.3405,0.7701,89.19,1.7012,2.0037,27.36,-0.0906,2,False,False,True,False,BBRI,NO_INVESTIGATION,False,0,5,0.0,33.32,,financials,27,66.7,70.0,17,0.6296296296296297,6,0.2222222222222222,0.2962962962962963,3,21.39,0.0,0.6666666666666666,GOOD,0.10973936899862824,0.6666666666666666,33.25102880658436,True,33.25102880658436,MARKET_WIDE_ACTIVITY,True,NO_INVESTIGATION,False,,,0,0,0,0,0,0,0.0,33.32,,
2026-06-22,2870.0,55.39,8.7838,11.1753,0.786,True,,0.0,0.5788,0.5799,0.7555,0.0,0.8369,0.9305,0.0,-0.3611,0,True,False,False,False,BBRI,NO_INVESTIGATION,False,0,5,0.0,13.85,,financials,27,0.0,14.54,1,0.037037037037037035,0,0.0,0.6296296296296297,3,0.0,0.0,1.0,GOOD,0.6063100137174212,1.0,76.37860082304528,False,,NO_ACTIVITY_CONTEXT,False,NO_INVESTIGATION,False,,,0,0,0,0,0,0,0.0,13.85,,
2026-06-23,2910.0,50.12,9.215,11.1753,0.8246,True,,0.0,0.6308,0.6299,0.5777,50.18,1.1927,1.7182,83.0,0.1867,0,False,False,False,False,BBRI,NO_INVESTIGATION,False,0,5,0.0,28.36,,financials,27,0.0,0.0,1,0.037037037037037035,0,0.0,0.8148148148148148,3,0.0,0.0,0.6666666666666666,GOOD,0.7846364883401921,0.6666666666666666,73.74485596707818,False,,NO_ACTIVITY_CONTEXT,False,NO_INVESTIGATION,False,,,0,0,0,0,0,0,0.0,28.36,,
2026-06-24,2810.0,54.62,8.9347,11.1753,0.7995,True,,5.1,0.7542,0.7658,1.1613,3.99,0.7095,1.0779,1.42,-0.2886,0,False,False,False,False,BBRI,NO_INVESTIGATION,False,0,5,0.0,15.93,,financials,27,0.0,10.780000000000001,1,0.037037037037037035,0,0.0,0.6666666666666666,3,8.72,0.0,0.3333333333333333,GOOD,0.6419753086419753,0.3333333333333333,51.85185185185185,False,,NO_ACTIVITY_CONTEXT,False,NO_INVESTIGATION,False,,,0,0,0,0,0,0,0.0,15.93,,
2026-06-25,2850.0,73.25,7.3171,11.1753,0.6548,True,,0.0,0.7803,0.7967,0.6703,16.86,1.2282,0.6867,26.17,-0.0953,0,True,False,False,False,BBRI,NO_INVESTIGATION,False,0,5,0.0,23.46,,financials,27,0.0,12.219999999999999,5,0.18518518518518517,1,0.037037037037037035,0.5185185185185185,3,0.0,0.0,1.0,GOOD,0.4224965706447188,1.0,65.34979423868312,False,,NO_ACTIVITY_CONTEXT,False,NO_INVESTIGATION,False,,,0,0,0,0,0,0,0.0,23.46,,
2026-06-26,2870.0,80.91,6.6202,11.1753,0.5924,True,,0.0,0.4545,0.4648,0.5162,32.37,0.8744,1.6708,74.79,0.1319,0,True,False,False,False,BBRI,NO_INVESTIGATION,False,0,5,0.0,32.56,,financials,27,0.0,0.0,1,0.037037037037037035,0,0.0,0.8148148148148148,3,0.0,0.0,1.0,GOOD,0.7846364883401921,1.0,87.07818930041152,False,,NO_ACTIVITY_CONTEXT,False,NO_INVESTIGATION,False,,,0,0,0,0,0,0,0.0,32.56,,
2026-06-29,2840.0,80.4,6.6667,11.1753,0.5966,True,,0.0,0.3925,0.4015,0.4922,27.08,0.7918,1.4979,23.83,-0.1093,0,True,False,False,False,BBRI,NO_INVESTIGATION,False,0,5,0.0,26.54,,financials,27,0.0,0.0,1,0.037037037037037035,0,0.0,0.9629629629629629,3,0.0,0.0,1.0,GOOD,0.9272976680384087,1.0,95.63786008230453,False,,NO_ACTIVITY_CONTEXT,False,NO_INVESTIGATION,False,,,0,0,0,0,0,0,0.0,26.54,,
2026-06-30,2730.0,56.67,8.8028,11.1753,0.7877,True,,0.0,0.7645,0.803,0.8486,4.69,0.8948,1.1017,7.68,-0.2386,0,True,False,False,False,BBRI,NO_INVESTIGATION,False,0,5,0.0,15.64,,financials,27,0.0,25.9,2,0.07407407407407407,0,0.0,0.5925925925925926,3,0.0,0.0,0.6666666666666666,GOOD,0.5486968449931413,0.6666666666666666,59.58847736625514,False,,NO_ACTIVITY_CONTEXT,False,NO_INVESTIGATION,False,,,0,0,0,0,0,0,0.0,15.64,,
2026-07-01,2670.0,56.67,8.8028,11.1753,0.7877,True,,3.96,0.7165,0.7878,1.1243,5.71,0.6452,1.1234,0.0,-0.4319,0,True,False,False,False,BBRI,NO_INVESTIGATION,False,0,5,0.0,16.21,,financials,27,0.0,0.0,1,0.037037037037037035,0,0.0,0.8888888888888888,3,0.0,0.0,1.0,GOOD,0.8559670781893004,1.0,91.35802469135803,False,,NO_ACTIVITY_CONTEXT,False,NO_INVESTIGATION,False,,,0,0,0,0,0,0,0.0,16.21,,
2026-07-02,2690.0,47.14,9.5238,11.1753,0.8522,True,,0.0,0.869,0.9547,0.7211,28.92,1.2136,1.305,12.91,-0.1967,0,False,False,False,False,BBRI,NO_INVESTIGATION,False,0,5,0.0,17.41,,financials,27,0.0,0.0,1,0.037037037037037035,0,0.0,0.8888888888888888,3,0.0,0.0,1.0,GOOD,0.8559670781893004,1.0,91.35802469135803,False,,NO_ACTIVITY_CONTEXT,False,NO_INVESTIGATION,False,,,0,0,0,0,0,0,0.0,17.41,,
2026-07-03,2710.0,43.78,9.5941,10.9797,0.8738,True,,0.0,0.5811,0.6066,0.5614,3.63,0.9446,1.0856,0.0,-0.4224,0,False,False,False,False,BBRI,NO_INVESTIGATION,False,0,5,0.0,11.49,,financials,27,0.0,0.0,1,0.037037037037037035,0,0.0,0.7777777777777778,3,0.0,0.0,1.0,GOOD,0.7489711934156379,1.0,84.93827160493828,False,,NO_ACTIVITY_CONTEXT,False,NO_INVESTIGATION,False,,,0,0,0,0,0,0,0.0,11.49,,
2026-07-06,2790.0,56.56,7.7491,9.8646,0.7855,True,,13.66,0.7153,0.7329,1.3965,0.0,0.4781,0.9049,66.77,0.0839,1,True,False,False,False,BBRI,NO_INVESTIGATION,False,0,5,0.0,24.91,,financials,27,0.0,0.0,0,0.0,0,0.0,0.9629629629629629,3,0.0,0.0,0.6666666666666666,GOOD,0.9629629629629629,0.6666666666666666,84.44444444444443,True,84.44444444444443,STOCK_SPECIFIC_ACTIVITY,True,NO_INVESTIGATION,False,,,0,0,0,0,0,0,0.0,24.91,,
2026-07-07,2860.0,24.15,9.5941,9.559,1.0037,True,,0.0,0.7685,0.7559,0.7883,26.25,0.91,1.6158,64.36,0.0718,0,False,False,False,False,BBRI,NO_INVESTIGATION,False,0,5,0.0,16.41,,financials,27,0.0,6.77,1,0.037037037037037035,1,0.037037037037037035,0.7037037037037037,3,0.0,0.0,0.6666666666666666,GOOD,0.6776406035665296,0.6666666666666666,67.32510288065843,False,,NO_ACTIVITY_CONTEXT,False,NO_INVESTIGATION,False,,,0,0,0,0,0,0,0.0,16.41,,
2026-07-08,2790.0,28.55,9.319,9.559,0.9749,True,,0.0,0.7344,0.735,0.8616,0.0,0.8244,0.9273,12.51,-0.1999,0,False,False,False,False,BBRI,NO_INVESTIGATION,False,0,5,0.0,8.39,,financials,27,0.0,0.02,0,0.0,0,0.0,0.7407407407407407,3,0.0,0.0,1.0,GOOD,0.7407407407407407,1.0,84.44444444444444,False,,NO_ACTIVITY_CONTEXT,False,NO_INVESTIGATION,False,,,0,0,0,0,0,0,0.0,8.39,,
2026-07-09,2780.0,60.31,7.5269,9.4214,0.7989,True,,0.0,0.7099,0.7268,0.9023,11.73,0.8184,1.2647,2.09,-0.2833,0,True,False,False,False,BBRI,NO_INVESTIGATION,False,0,5,0.0,17.05,,financials,27,0.0,0.0,0,0.0,0,0.0,0.8148148148148148,3,0.0,0.0,1.0,GOOD,0.8148148148148148,1.0,88.88888888888889,False,,NO_ACTIVITY_CONTEXT,False,NO_INVESTIGATION,False,,,0,0,0,0,0,0,0.0,17.05,,
2026-07-10,2790.0,57.91,7.5269,9.267,0.8122,True,,0.0,0.4575,0.4582,0.6454,6.02,0.7402,1.1327,4.37,-0.2651,0,True,False,False,False,BBRI,NO_INVESTIGATION,False,0,5,0.0,15.82,,financials,27,0.0,0.0,0,0.0,0,0.0,0.7777777777777778,3,0.0,0.0,1.0,GOOD,0.7777777777777778,1.0,86.66666666666667,False,,NO_ACTIVITY_CONTEXT,False,NO_INVESTIGATION,False,,,0,0,0,0,0,0,0.0,15.82,,
2026-07-13,2870.0,83.1,5.7348,9.0749,0.6319,True,,0.0,0.7433,0.7369,0.8147,6.1,0.9044,1.1267,57.79,0.039,0,True,False,False,False,BBRI,NO_INVESTIGATION,False,0,5,0.0,27.47,,financials,27,0.0,0.0,2,0.07407407407407407,0,0.0,0.7777777777777778,3,0.0,0.0,1.0,GOOD,0.720164609053498,1.0,83.20987654320989,False,,NO_ACTIVITY_CONTEXT,False,NO_INVESTIGATION,False,,,0,0,0,0,0,0,0.0,27.47,,
2026-07-14,2800.0,80.85,5.7348,8.8688,0.6466,True,,4.74,1.0033,1.02,1.12,8.34,0.8788,1.164,0.0,-0.4667,0,True,False,False,False,BBRI,NO_INVESTIGATION,False,0,5,0.0,22.89,,financials,27,4.74,24.61,6,0.2222222222222222,0,0.0,0.5185185185185185,3,0.0,0.0,0.6666666666666666,GOOD,0.40329218106995884,0.6666666666666666,50.864197530864196,False,,NO_ACTIVITY_CONTEXT,False,NO_INVESTIGATION,False,,,0,0,0,0,0,0,0.0,22.89,,
2026-07-15,2830.0,80.74,5.7143,8.8028,0.6491,True,,0.0,0.6766,0.6792,0.6309,33.85,1.0931,1.4623,77.97,0.1531,0,True,False,False,False,BBRI,NO_INVESTIGATION,False,0,5,0.0,33.06,,financials,27,3.06,20.625,3,0.1111111111111111,2,0.07407407407407407,0.3333333333333333,3,0.0,0.0,1.0,GOOD,0.2962962962962963,1.0,57.77777777777777,False,,NO_ACTIVITY_CONTEXT,False,NO_INVESTIGATION,False,,,0,0,0,0,0,0,0.0,33.06,,
2026-07-16,2860.0,97.55,4.5936,8.7933,0.5224,True,,0.0,0.7625,0.756,0.599,30.54,1.2625,1.0772,30.4,-0.0784,0,True,False,False,False,BBRI,NO_INVESTIGATION,False,0,5,0.0,32.01,,financials,27,2.62,37.715,5,0.18518518518518517,2,0.07407407407407407,0.4444444444444444,3,0.0,0.0,1.0,GOOD,0.36213991769547327,1.0,61.728395061728406,False,,NO_ACTIVITY_CONTEXT,False,NO_INVESTIGATION,False,,,0,0,0,0,0,0,0.0,32.01,,
2026-07-17,2970.0,36.79,7.6923,8.2664,0.9305,True,,70.88,1.8152,1.7302,1.3371,40.25,1.3204,1.1707,85.8,0.2053,3,False,True,True,False,BBRI,NO_INVESTIGATION,False,0,5,0.0,45.08,,financials,27,10.93,54.2,8,0.2962962962962963,2,0.07407407407407407,0.9259259259259259,3,76.93,1.0,0.3333333333333333,GOOD,0.6515775034293553,0.0,39.09465020576132,True,39.09465020576132,PEER_CLUSTERED_ACTIVITY,False,NO_INVESTIGATION,False,,,0,0,0,0,0,0,0.0,45.08,,
2026-07-20,3020.0,0.0,9.7902,7.7207,1.268,True,,58.62,1.6671,1.5406,1.2576,30.51,1.2894,1.0253,65.59,0.078,3,False,True,True,False,BBRI,NO_INVESTIGATION,False,0,5,0.0,28.72,,financials,27,31.73,51.675,7,0.25925925925925924,2,0.07407407407407407,0.9259259259259259,3,53.57,0.6666666666666666,0.6666666666666666,GOOD,0.6858710562414265,0.22222222222222224,50.041152263374485,True,50.041152263374485,PEER_CLUSTERED_ACTIVITY,False,NO_INVESTIGATION,False,,,0,0,0,0,0,0,0.0,28.72,,
2026-07-21,3070.0,3.92,9.0909,7.7207,1.1775,True,,22.92,1.3364,1.2247,0.9126,32.47,1.3867,1.0428,61.93,0.0596,2,False,False,True,False,BBRI,NO_INVESTIGATION,False,0,5,0.0,18.92,,financials,27,21.74,66.245,9,0.3333333333333333,5,0.18518518518518517,0.5555555555555556,3,0.0,0.0,1.0,GOOD,0.3703703703703704,1.0,62.22222222222222,True,62.22222222222222,MIXED_CONTEXT,False,NO_INVESTIGATION,False,,,0,0,0,0,0,0,0.0,18.92,,
2026-07-22,3020.0,13.92,8.2781,7.7207,1.0722,True,,44.55,1.658,0.765,1.5128,2.76,1.0379,0.5795,23.0,-0.116,2,False,False,True,False,BBRI,NO_INVESTIGATION,False,0,5,0.0,19.56,,financials,27,44.55,85.55000000000001,13,0.48148148148148145,3,0.1111111111111111,0.5185185185185185,3,0.0,0.0,1.0,GOOD,0.26886145404663925,1.0,56.13168724279836,True,56.13168724279836,MIXED_CONTEXT,False,NO_INVESTIGATION,False,,,0,0,0,0,0,0,0.0,19.56,,
2026-07-23,2990.0,20.26,7.947,7.7207,1.0293,True,,0.0,0.8992,0.8522,0.883,3.36,0.9452,1.0646,18.84,-0.1493,0,False,False,False,False,BBRI,NO_INVESTIGATION,False,0,5,0.0,7.45,,financials,27,50.68,81.85,14,0.5185185185185185,2,0.07407407407407407,0.07407407407407407,3,12.64,0.0,0.3333333333333333,GOOD,0.03566529492455418,0.3333333333333333,15.473251028806583,False,,NO_ACTIVITY_CONTEXT,False,NO_INVESTIGATION,False,,,0,0,0,0,0,0,0.0,7.45,,
2026-07-24,2960.0,85.94,4.6358,7.848,0.5907,True,,18.46,1.2208,1.1677,1.0726,3.35,1.0393,0.9529,77.78,0.1519,1,True,False,False,False,BBRI,NO_INVESTIGATION,False,0,5,0.0,35.3,,financials,27,11.43,44.915,6,0.2222222222222222,1,0.037037037037037035,0.5925925925925926,3,11.43,0.3333333333333333,0.6666666666666666,GOOD,0.46090534979423864,0.4444444444444445,45.4320987654321,True,45.4320987654321,MIXED_CONTEXT,True,NO_INVESTIGATION,False,,,0,0,0,0,0,0,0.0,35.3,,
2026-07-27,2950.0,72.94,5.3512,7.848,0.6818,True,,0.0,0.8091,0.7882,0.762,0.07,0.9937,1.0009,30.68,-0.0773,0,True,False,False,False,BBRI,NO_INVESTIGATION,False,0,5,0.0,21.31,,financials,27,0.0,14.01,1,0.037037037037037035,0,0.0,0.5925925925925926,3,19.81,0.3333333333333333,0.3333333333333333,GOOD,0.5706447187928669,0.22222222222222224,43.12757201646091,False,,NO_ACTIVITY_CONTEXT,False,NO_INVESTIGATION,False,,,0,0,0,0,0,0,0.0,21.31,,
2026-07-28,2930.0,70.35,5.4054,7.848,0.6888,True,,0.0,0.8852,0.8642,0.6255,57.53,1.3164,1.3981,11.39,-0.2089,0,True,False,False,False,BBRI,NO_INVESTIGATION,False,0,5,0.0,27.36,,financials,27,0.0,4.82,1,0.037037037037037035,1,0.037037037037037035,0.6296296296296297,3,0.0,0.0,0.6666666666666666,GOOD,0.6063100137174212,0.6666666666666666,63.04526748971193,False,,NO_ACTIVITY_CONTEXT,False,NO_INVESTIGATION,False,,,0,0,0,0,0,0,0.0,27.36,,
2026-07-29,2920.0,67.03,5.4237,7.7207,0.7025,True,,0.0,0.5465,0.5302,0.5728,0.0,0.8658,0.3465,21.07,-0.1314,0,True,False,False,False,BBRI,NO_INVESTIGATION,False,0,5,0.0,18.86,,financials,27,2.68,28.005,3,0.1111111111111111,1,0.037037037037037035,0.48148148148148145,3,0.0,0.0,1.0,GOOD,0.42798353909465014,1.0,65.67901234567901,False,,NO_ACTIVITY_CONTEXT,False,NO_INVESTIGATION,False,,,0,0,0,0,0,0,0.0,18.86,,
2026-07-30,2990.0,91.39,3.7288,7.6096,0.49,True,,0.0,0.9515,0.9474,0.6073,39.44,1.454,0.7408,35.9,-0.0564,0,True,False,False,False,BBRI,NO_INVESTIGATION,False,0,5,0.0,32.35,,financials,27,0.45,16.86,2,0.07407407407407407,0,0.0,0.48148148148148145,3,0.0,0.0,0.6666666666666666,GOOD,0.4458161865569273,0.6666666666666666,53.4156378600823,False,,NO_ACTIVITY_CONTEXT,False,NO_INVESTIGATION,False,,,0,0,0,0,0,0,0.0,32.35,,
2026-07-31,3040.0,81.2,4.4068,7.5269,0.5855,True,,2.37,1.0259,1.0271,0.7913,40.18,1.2369,1.2936,100.0,0.3405,0,True,False,False,False,BBRI,NO_INVESTIGATION,False,0,5,0.0,37.04,,financials,27,9.39,62.57,8,0.2962962962962963,3,0.1111111111111111,0.37037037037037035,3,0.0,0.0,0.6666666666666666,GOOD,0.2606310013717421,0.6666666666666666,42.30452674897119,False,,NO_ACTIVITY_CONTEXT,False,NO_INVESTIGATION,False,,,0,0,0,0,0,0,0.0,37.04,,
2026-08-03,3020.0,74.83,4.3478,6.6308,0.6557,True,,0.0,0.5288,0.5352,0.6829,0.0,0.7458,0.6066,15.89,-0.1729,0,True,False,False,False,BBRI,NO_INVESTIGATION,False,0,5,0.0,20.3,,financials,27,13.11,61.47,9,0.3333333333333333,1,0.037037037037037035,0.37037037037037035,3,0.0,0.0,1.0,GOOD,0.2469135802469136,1.0,54.81481481481482,False,,NO_ACTIVITY_CONTEXT,False,NO_INVESTIGATION,False,,,0,0,0,0,0,0,0.0,20.3,,
2026-08-04,3060.0,44.2,4.9669,5.7348,0.8661,True,,0.0,0.8681,0.8661,0.7928,18.14,1.0813,1.1753,85.04,0.2002,0,False,False,False,False,BBRI,NO_INVESTIGATION,False,0,5,0.0,22.28,,financials,27,10.55,26.145000000000003,5,0.18518518518518517,0,0.0,0.4074074074074074,3,0.0,0.0,0.6666666666666666,GOOD,0.3319615912208505,0.6666666666666666,46.584362139917694,False,,NO_ACTIVITY_CONTEXT,False,NO_INVESTIGATION,False,,,0,0,0,0,0,0,0.0,22.28,,
2026-08-05,3020.0,44.66,4.9669,5.7245,0.8677,True,,0.0,0.5144,0.5087,0.6985,0.0,0.7499,0.8348,6.33,-0.2494,0,False,False,False,False,BBRI,NO_INVESTIGATION,False,0,5,0.0,11.8,,financials,27,40.75,82.745,12,0.4444444444444444,1,0.037037037037037035,0.2222222222222222,3,0.0,0.0,0.6666666666666666,GOOD,0.12345679012345678,0.6666666666666666,34.074074074074076,False,,NO_ACTIVITY_CONTEXT,False,NO_INVESTIGATION,False,,,0,0,0,0,0,0,0.0,11.8,,
2026-08-06,3040.0,90.65,2.9605,5.569,0.5316,True,,0.0,0.5488,0.5484,0.6442,14.87,0.9333,1.2141,89.62,0.2308,0,True,False,False,False,BBRI,NO_INVESTIGATION,False,0,5,0.0,33.86,,financials,27,18.02,56.93,10,0.37037037037037035,0,0.0,0.3333333333333333,3,0.0,0.0,1.0,GOOD,0.20987654320987653,1.0,52.59259259259259,False,,NO_ACTIVITY_CONTEXT,False,NO_INVESTIGATION,False,,,0,0,0,0,0,0,0.0,33.86,,
2026-08-07,3130.0,39.27,4.9342,5.4146,0.9113,True,,65.3,1.7369,1.6912,1.3724,60.99,1.4089,1.5149,100.0,0.4683,3,False,True,True,False,BBRI,NO_INVESTIGATION,False,0,5,0.0,48.56,,financials,27,0.0,28.735,4,0.14814814814814814,0,0.0,0.9259259259259259,3,0.0,0.0,1.0,GOOD,0.7887517146776406,1.0,87.32510288065843,True,87.32510288065843,STOCK_SPECIFIC_ACTIVITY,False,NO_INVESTIGATION,False,,,0,0,0,0,0,0,0.0,48.56,,
2026-08-10,3090.0,29.5,5.2288,5.3783,0.9722,True,,16.5,1.1101,1.0821,1.2639,0.01,0.9602,1.0001,30.03,-0.0799,1,False,False,False,False,BBRI,NO_INVESTIGATION,False,0,5,0.0,15.33,,financials,27,12.47,68.595,8,0.2962962962962963,3,0.1111111111111111,0.5555555555555556,3,17.14,0.0,0.3333333333333333,GOOD,0.3909465020576132,0.3333333333333333,36.79012345679013,True,36.79012345679013,MIXED_CONTEXT,False,NO_INVESTIGATION,False,,,0,0,0,0,0,0,0.0,15.33,,
2026-08-11,3090.0,50.49,4.5307,5.29,0.8565,True,,0.0,0.8395,0.8182,0.7489,31.78,1.2351,1.2584,100.0,0.3196,0,False,False,False,False,BBRI,NO_INVESTIGATION,False,0,5,0.0,27.39,,financials,27,2.88,13.344999999999999,2,0.07407407407407407,0,0.0,0.37037037037037035,3,13.2,0.0,0.0,GOOD,0.34293552812071326,0.0,20.576131687242796,False,,NO_ACTIVITY_CONTEXT,False,NO_INVESTIGATION,False,,,0,0,0,0,0,0,0.0,27.39,,
2026-08-12,3130.0,56.7,4.2071,5.0978,0.8253,True,,0.0,0.7532,0.7555,0.6716,26.59,1.2693,1.1025,71.88,0.1126,0,True,False,False,False,BBRI,NO_INVESTIGATION,False,0,5,0.0,25.35,,financials,27,0.0,9.42,1,0.037037037037037035,0,0.0,0.5185185185185185,3,0.0,0.0,0.6666666666666666,GOOD,0.4993141289437586,0.6666666666666666,56.62551440329218,False,,NO_ACTIVITY_CONTEXT,False,NO_INVESTIGATION,False,,,0,0,0,0,0,0,0.0,25.35,,
2026-08-13,3110.0,66.36,3.8585,4.9669,0.7768,True,,0.0,0.7848,0.7879,0.6773,18.0,1.2193,0.9753,65.09,0.0754,0,True,False,False,False,BBRI,NO_INVESTIGATION,False,0,5,0.0,25.8,,financials,27,0.0,3.51,1,0.037037037037037035,0,0.0,0.5925925925925926,3,0.0,0.0,1.0,GOOD,0.5706447187928669,1.0,74.23868312757203,False,,NO_ACTIVITY_CONTEXT,False,NO_INVESTIGATION,False,,,0,0,0,0,0,0,0.0,25.8,,
2026-08-14,3120.0,82.52,3.2154,4.9669,0.6474,True,,0.0,0.5664,0.5655,0.5961,1.27,0.9889,1.0257,93.05,0.2537,0,True,False,False,False,BBRI,NO_INVESTIGATION,False,0,5,0.0,30.13,,financials,27,0.0,1.06,2,0.07407407407407407,0,0.0,0.7037037037037037,3,0.0,0.0,1.0,GOOD,0.6515775034293553,1.0,79.09465020576133,False,,NO_ACTIVITY_CONTEXT,False,NO_INVESTIGATION,False,,,0,0,0,0,0,0,0.0,30.13,,
2026-08-18,3080.0,91.51,2.8939,4.9505,0.5846,True,,2.61,0.7688,0.7663,1.0823,0.0,0.7712,0.8508,0.0,-0.3559,0,True,False,False,False,BBRI,NO_INVESTIGATION,False,0,5,0.0,23.66,,financials,27,2.79,22.799999999999997,4,0.14814814814814814,1,0.037037037037037035,0.48148148148148145,3,0.0,0.0,0.6666666666666666,GOOD,0.4101508916323731,0.6666666666666666,51.27572016460905,False,,NO_ACTIVITY_CONTEXT,False,NO_INVESTIGATION,False,,,0,0,0,0,0,0,0.0,23.66,,
2026-08-19,3080.0,69.23,3.537,4.785,0.7392,True,,0.0,0.5308,0.517,0.7152,0.0,0.8001,0.7863,45.71,-0.0172,0,True,False,False,False,BBRI,NO_INVESTIGATION,False,0,5,0.0,21.88,,financials,27,0.0,27.994999999999997,6,0.2222222222222222,0,0.0,0.5925925925925926,3,0.0,0.0,1.0,GOOD,0.46090534979423864,1.0,67.65432098765432,False,,NO_ACTIVITY_CONTEXT,False,NO_INVESTIGATION,False,,,0,0,0,0,0,0,0.0,21.88,,
2026-08-20,3140.0,61.6,3.537,4.5833,0.7717,True,,0.0,0.863,0.843,0.7475,49.38,1.3037,1.519,100.0,0.5982,0,True,False,False,False,BBRI,NO_INVESTIGATION,False,0,5,0.0,32.81,,financials,27,10.87,68.375,9,0.3333333333333333,1,0.037037037037037035,0.37037037037037035,3,0.0,0.0,0.6666666666666666,GOOD,0.2469135802469136,0.6666666666666666,41.48148148148148,False,,NO_ACTIVITY_CONTEXT,False,NO_INVESTIGATION,False,,,0,0,0,0,0,0,0.0,32.81,,
2026-08-21,3230.0,0.0,6.7308,4.4688,1.5062,True,,83.07,2.1144,2.0308,1.489,55.57,1.5317,1.3343,50.0,0.0,3,False,True,True,False,BBRI,NO_INVESTIGATION,False,0,5,0.0,38.26,,financials,27,0.0,22.455,3,0.1111111111111111,1,0.037037037037037035,0.9629629629629629,3,16.95,0.3333333333333333,0.6666666666666666,GOOD,0.8559670781893003,0.4444444444444445,69.1358024691358,True,69.1358024691358,STOCK_SPECIFIC_ACTIVITY,False,NO_INVESTIGATION,False,,,0,0,0,0,0,0,0.0,38.26,,
2026-08-24,3180.0,0.0,6.6879,4.4688,1.4966,True,,8.38,0.9031,0.8782,1.2405,0.0,0.7463,0.6306,0.0,-0.3703,1,False,False,False,False,BBRI,NO_INVESTIGATION,False,0,5,0.0,2.51,,financials,27,6.91,39.585,6,0.2222222222222222,0,0.0,0.5555555555555556,3,6.5,0.0,0.6666666666666666,GOOD,0.4320987654320988,0.6666666666666666,52.59259259259259,True,52.59259259259259,MIXED_CONTEXT,False,NO_INVESTIGATION,False,,,0,0,0,0,0,0,0.0,2.51,,
2026-08-26,3130.0,0.0,6.6879,4.4688,1.4966,True,,3.29,0.9943,0.9833,1.0952,0.0,0.8777,0.5484,34.62,-0.0615,0,False,False,False,False,BBRI,NO_INVESTIGATION,False,0,5,0.0,4.45,,financials,27,50.01,74.195,14,0.5185185185185185,1,0.037037037037037035,0.14814814814814814,3,37.93,0.0,0.0,GOOD,0.07133058984910837,0.0,4.279835390946502,False,,NO_ACTIVITY_CONTEXT,False,NO_INVESTIGATION,False,,,0,0,0,0,0,0,0.0,4.45,,
2026-08-27,3150.0,7.4,5.0794,4.4688,1.1366,True,,3.01,1.0404,1.0389,0.9616,2.19,1.0322,0.9097,0.0,-0.5324,0,False,False,False,False,BBRI,NO_INVESTIGATION,False,0,5,0.0,3.08,,financials,27,0.0,54.835,8,0.2962962962962963,2,0.07407407407407407,0.5555555555555556,3,0.0,0.3333333333333333,0.6666666666666666,GOOD,0.3909465020576132,0.4444444444444445,41.23456790123458,False,,NO_ACTIVITY_CONTEXT,False,NO_INVESTIGATION,False,,,0,0,0,0,0,0,0.0,3.08,,
2026-08-28,3190.0,16.4,4.717,4.4688,1.0555,True,,0.0,0.8702,0.8535,0.7098,17.31,1.2101,1.0688,54.7,0.0235,0,False,False,False,False,BBRI,NO_INVESTIGATION,False,0,5,0.0,12.17,,financials,27,0.0,48.61,7,0.25925925925925924,2,0.07407407407407407,0.5185185185185185,3,50.37,0.6666666666666666,0.0,GOOD,0.38408779149519884,0.0,23.04526748971193,False,,NO_ACTIVITY_CONTEXT,False,NO_INVESTIGATION,False,,,0,0,0,0,0,0,0.0,12.17,,
2026-08-31,3250.0,2.51,5.3459,4.4688,1.1963,True,,81.54,2.3131,2.2302,1.321,47.52,1.6816,0.9614,100.0,0.324,3,False,True,True,False,BBRI,NO_INVESTIGATION,False,0,5,0.0,42.22,,financials,27,69.98,80.765,17,0.6296296296296297,4,0.14814814814814814,0.7777777777777778,3,77.65,1.0,0.6666666666666666,GOOD,0.28806584362139914,0.0,17.283950617283946,True,17.283950617283946,MARKET_WIDE_ACTIVITY,False,NO_INVESTIGATION,False,,,0,0,0,0,0,0,0.0,42.22,,
2026-09-01,3380.0,0.0,8.7774,4.6239,1.8983,True,,99.23,2.6501,2.4803,2.0773,34.62,1.1901,1.4081,100.0,0.6383,3,False,True,True,False,BBRI,NO_INVESTIGATION,False,0,5,0.0,44.96,,financials,27,54.42,84.5,14,0.5185185185185185,2,0.07407407407407407,0.9259259259259259,3,54.51,0.6666666666666666,1.0,GOOD,0.44581618655692734,0.33333333333333337,40.08230452674898,True,40.08230452674898,PEER_CLUSTERED_ACTIVITY,False,NO_INVESTIGATION,False,,,0,0,0,0,0,0,0.0,44.96,,
2026-09-02,3390.0,0.0,9.2308,4.8256,1.9129,True,,52.52,1.4555,1.3449,1.5213,0.0,0.8925,0.0,50.0,0.0,3,False,True,True,False,BBRI,NO_INVESTIGATION,False,0,5,0.0,20.76,,financials,27,17.97,62.275000000000006,8,0.2962962962962963,0,0.0,0.7407407407407407,3,24.02,0.0,1.0,GOOD,0.5212620027434842,1.0,71.27572016460906,True,71.27572016460906,STOCK_SPECIFIC_ACTIVITY,False,NO_INVESTIGATION,False,,,0,0,0,0,0,0,0.0,20.76,,
2026-09-03,3410.0,0.0,7.9882,4.9505,1.6136,True,,58.69,1.6488,1.5113,1.3442,16.6,1.1302,1.1503,58.43,0.0421,3,False,True,True,False,BBRI,NO_INVESTIGATION,False,0,5,0.0,25.94,,financials,27,32.28,69.175,9,0.3333333333333333,1,0.037037037037037035,0.7037037037037037,3,47.03,0.3333333333333333,0.6666666666666666,GOOD,0.4691358024691359,0.4444444444444445,45.92592592592593,True,45.92592592592593,MIXED_CONTEXT,False,NO_INVESTIGATION,False,,,0,0,0,0,0,0,0.0,25.94,,
2026-09-04,3390.0,0.0,7.9646,4.9505,1.6088,True,,1.47,1.027,0.9398,1.0101,1.21,0.8852,1.0253,62.94,0.0647,0,False,False,False,False,BBRI,NO_INVESTIGATION,False,0,5,0.0,6.92,,financials,27,0.0,24.19,5,0.18518518518518517,1,0.037037037037037035,0.5555555555555556,3,0.0,0.0,0.6666666666666666,GOOD,0.4526748971193416,0.6666666666666666,53.827160493827165,False,,NO_ACTIVITY_CONTEXT,False,NO_INVESTIGATION,False,,,0,0,0,0,0,0,0.0,6.92,,
2026-09-07,3370.0,10.05,5.6047,5.0068,1.1194,True,,5.56,0.919,0.8687,1.1728,0.0,0.6682,0.565,23.33,-0.1134,0,False,False,False,False,BBRI,NO_INVESTIGATION,False,0,5,0.0,6.51,,financials,27,0.77,43.894999999999996,6,0.2222222222222222,2,0.07407407407407407,0.5925925925925926,3,0.15,0.0,1.0,GOOD,0.46090534979423864,1.0,67.65432098765432,False,,NO_ACTIVITY_CONTEXT,False,NO_INVESTIGATION,False,,,0,0,0,0,0,0,0.0,6.51,,
2026-09-08,3410.0,73.8,3.2448,5.1541,0.6296,True,,0.0,0.9802,0.9161,0.7647,29.59,1.0195,1.5953,100.0,0.3296,0,True,False,False,False,BBRI,NO_INVESTIGATION,False,0,5,0.0,32.89,,financials,27,21.11,72.91999999999999,10,0.37037037037037035,1,0.037037037037037035,0.25925925925925924,3,15.56,0.3333333333333333,0.3333333333333333,GOOD,0.16323731138545952,0.22222222222222224,18.68312757201646,False,,NO_ACTIVITY_CONTEXT,False,NO_INVESTIGATION,False,,,0,0,0,0,0,0,0.0,32.89,,
2026-09-09,3420.0,74.11,3.2258,5.1541,0.6259,True,,3.35,1.049,0.9887,0.7295,19.59,1.2315,1.0081,92.58,0.2505,0,True,False,False,False,BBRI,NO_INVESTIGATION,False,0,5,0.0,31.73,,financials,27,51.62,75.14,14,0.5185185185185185,4,0.14814814814814814,0.25925925925925924,3,77.93,0.6666666666666666,0.0,GOOD,0.12482853223593965,0.0,7.489711934156379,False,,NO_ACTIVITY_CONTEXT,False,NO_INVESTIGATION,False,,,0,0,0,0,0,0,0.0,31.73,,
2026-09-10,3320.0,54.77,3.8348,4.8982,0.7829,True,,54.72,1.2841,1.2368,1.5363,0.0,0.7261,0.6222,0.0,-0.3355,3,False,True,True,False,BBRI,NO_INVESTIGATION,False,0,5,0.0,30.11,,financials,27,23.38,67.435,12,0.4444444444444444,2,0.07407407407407407,0.6296296296296297,3,23.38,0.3333333333333333,0.6666666666666666,GOOD,0.3497942386831276,0.4444444444444445,38.76543209876544,True,38.76543209876544,MIXED_CONTEXT,True,NO_INVESTIGATION,False,,,0,0,0,0,0,0,0.0,30.11,,
2026-09-11,3270.0,12.68,5.3412,4.8982,1.0905,True,,53.58,1.4003,1.379,1.1701,1.89,1.0249,0.8716,80.4,0.1693,2,False,True,True,False,BBRI,NO_INVESTIGATION,False,0,5,0.0,27.57,,financials,27,18.62,50.334999999999994,7,0.25925925925925924,0,0.0,0.8148148148148148,3,10.51,0.3333333333333333,0.6666666666666666,GOOD,0.6035665294924554,0.4444444444444445,53.9917695473251,True,53.9917695473251,MIXED_CONTEXT,False,NO_INVESTIGATION,False,,,0,0,0,0,0,0,0.0,27.57,,
2026-09-14,3400.0,9.38,5.8824,5.2103,1.129,True,,77.56,1.7949,1.7634,1.4265,1.66,1.0222,0.8017,46.01,-0.016,3,False,True,True,False,BBRI,NO_INVESTIGATION,False,0,5,0.0,30.46,,financials,27,26.07,74.15,11,0.4074074074074074,0,0.0,0.7777777777777778,3,87.77,1.0,0.3333333333333333,GOOD,0.46090534979423864,0.0,27.65432098765432,True,27.65432098765432,PEER_CLUSTERED_ACTIVITY,False,NO_INVESTIGATION,False,,,0,0,0,0,0,0,0.0,30.46,,
2026-09-15,3320.0,9.51,6.0241,5.3436,1.1274,True,,0.93,1.0198,1.0007,0.9469,0.0,0.8318,0.6494,13.83,-0.1894,0,False,False,False,False,BBRI,NO_INVESTIGATION,False,0,5,0.0,4.04,,financials,27,0.0,11.379999999999999,4,0.14814814814814814,0,0.0,0.5925925925925926,3,10.97,0.0,0.3333333333333333,GOOD,0.50480109739369,0.3333333333333333,43.62139917695473,False,,NO_ACTIVITY_CONTEXT,False,NO_INVESTIGATION,False,,,0,0,0,0,0,0,0.0,4.04,,
2026-09-16,3330.0,10.94,6.0241,5.4753,1.1002,True,,0.0,0.753,0.7467,0.5814,8.98,1.0122,1.1923,44.5,-0.022,0,False,False,False,False,BBRI,NO_INVESTIGATION,False,0,5,0.0,8.53,,financials,27,0.0,19.835,2,0.07407407407407407,0,0.0,0.5185185185185185,3,0.0,0.0,0.6666666666666666,GOOD,0.4801097393689986,0.6666666666666666,55.47325102880658,False,,NO_ACTIVITY_CONTEXT,False,NO_INVESTIGATION,False,,,0,0,0,0,0,0,0.0,8.53,,
2026-09-17,3330.0,34.25,5.4054,5.7435,0.9411,True,,0.0,0.8449,0.8358,0.5522,38.32,1.193,1.5262,50.87,0.0043,0,False,False,False,False,BBRI,NO_INVESTIGATION,False,0,5,0.0,19.4,,financials,27,0.0,8.625,3,0.1111111111111111,0,0.0,0.6666666666666666,3,0.0,0.0,1.0,GOOD,0.5925925925925926,1.0,75.55555555555556,False,,NO_ACTIVITY_CONTEXT,False,NO_INVESTIGATION,False,,,0,0,0,0,0,0,0.0,19.4,,
2026-09-18,3310.0,34.37,5.4054,5.7435,0.9411,True,,48.09,1.525,1.5312,0.8074,41.09,1.4565,1.0651,37.74,-0.049,2,False,False,True,False,BBRI,NO_INVESTIGATION,False,0,5,0.0,32.96,,financials,27,48.09,72.95,12,0.4444444444444444,1,0.037037037037037035,0.5185185185185185,3,39.71,0.3333333333333333,0.6666666666666666,GOOD,0.2880658436213992,0.4444444444444445,35.06172839506173,True,35.06172839506173,MIXED_CONTEXT,False,NO_INVESTIGATION,False,,,0,0,0,0,0,0,0.0,32.96,,
2026-09-21,3300.0,59.5,4.5181,5.7435,0.7866,True,,0.0,0.637,0.6336,0.65,16.93,0.7655,1.3972,63.68,0.0684,0,True,False,False,False,BBRI,NO_INVESTIGATION,False,0,5,0.0,23.78,,financials,27,0.0,3.005,2,0.07407407407407407,0,0.0,0.7037037037037037,3,0.0,0.0,1.0,GOOD,0.6515775034293553,1.0,79.09465020576133,False,,NO_ACTIVITY_CONTEXT,False,NO_INVESTIGATION,False,,,0,0,0,0,0,0,0.0,23.78,,
2026-09-22,3180.0,18.25,5.7402,5.5051,1.0427,True,,75.22,1.6723,1.7214,1.6696,0.0,0.8315,0.5672,0.0,-0.3877,3,False,True,True,False,BBRI,NO_INVESTIGATION,False,0,5,0.0,27.13,,financials,27,2.89,15.330000000000002,4,0.14814814814814814,0,0.0,0.9259259259259259,3,0.0,0.0,1.0,GOOD,0.7887517146776406,1.0,87.32510288065843,True,87.32510288065843,STOCK_SPECIFIC_ACTIVITY,False,NO_INVESTIGATION,False,,,0,0,0,0,0,0,0.0,27.13,,
2026-09-23,3190.0,1.82,6.6667,5.5051,1.211,True,,19.41,1.2363,1.272,0.9807,4.5,1.06,0.7747,1.72,-0.2862,2,False,False,True,False,BBRI,NO_INVESTIGATION,False,0,5,0.0,7.12,,financials,27,0.0,4.3549999999999995,2,0.07407407407407407,0,0.0,0.8518518518518519,3,0.0,0.0,1.0,GOOD,0.7887517146776406,1.0,87.32510288065843,True,87.32510288065843,STOCK_SPECIFIC_ACTIVITY,False,NO_INVESTIGATION,False,,,0,0,0,0,0,0,0.0,7.12,,
2026-09-24,3140.0,5.19,6.2696,5.5051,1.1389,True,,0.0,0.6885,0.7184,0.8664,0.0,0.7364,0.7805,0.0,-0.346,0,False,False,False,False,BBRI,NO_INVESTIGATION,False,0,5,0.0,1.3,,financials,27,0.0,0.0,2,0.07407407407407407,0,0.0,0.8148148148148148,3,0.0,0.3333333333333333,0.6666666666666666,GOOD,0.7544581618655692,0.4444444444444445,63.04526748971193,False,,NO_ACTIVITY_CONTEXT,False,NO_INVESTIGATION,False,,,0,0,0,0,0,0,0.0,1.3,,
2026-09-25,3150.0,8.3,6.2893,5.6725,1.1087,True,,0.0,0.462,0.4944,0.6589,5.16,0.6497,1.1149,8.83,-0.2294,0,False,False,False,False,BBRI,NO_INVESTIGATION,False,0,5,0.0,3.73,,financials,27,0.0,0.0,1,0.037037037037037035,0,0.0,0.7777777777777778,3,0.0,0.0,0.6666666666666666,GOOD,0.7489711934156379,0.6666666666666666,71.60493827160495,False,,NO_ACTIVITY_CONTEXT,False,NO_INVESTIGATION,False,,,0,0,0,0,0,0,0.0,3.73,,
2026-09-28,3140.0,51.27,5.0794,5.8113,0.8741,True,,0.0,0.5453,0.5828,0.7432,0.0,0.6874,0.611,78.06,0.1537,0,False,False,False,False,BBRI,NO_INVESTIGATION,False,0,5,0.0,20.62,,financials,27,0.0,4.0649999999999995,1,0.037037037037037035,0,0.0,0.5555555555555556,3,5.48,0.0,0.3333333333333333,GOOD,0.5349794238683128,0.3333333333333333,45.432098765432094,False,,NO_ACTIVITY_CONTEXT,False,NO_INVESTIGATION,False,,,0,0,0,0,0,0,0.0,20.62,,
2026-09-29,3170.0,83.47,3.8095,5.8113,0.6555,True,,0.0,0.8067,0.857,0.7186,11.1,1.052,1.1701,75.41,0.1361,0,True,False,False,False,BBRI,NO_INVESTIGATION,False,0,5,0.0,30.07,,financials,27,13.22,41.695,3,0.1111111111111111,0,0.0,0.3333333333333333,3,43.19,0.3333333333333333,0.0,GOOD,0.2962962962962963,0.0,17.777777777777775,False,,NO_ACTIVITY_CONTEXT,False,NO_INVESTIGATION,False,,,0,0,0,0,0,0,0.0,30.07,,
2026-06-12,4200.0,0.0,16.4286,6.9438,2.366,True,,0.0,0.8013,0.783,0.905,2.62,1.0383,0.6762,17.16,-0.1627,0,False,False,False,False,BMRI,NO_INVESTIGATION,False,0,5,0.0,2.11,,financials,27,7.79,25.415,4,0.14814814814814814,0,0.0,0.4074074074074074,3,28.36,0.0,0.0,GOOD,0.34705075445816186,0.0,20.82304526748971,False,,NO_ACTIVITY_CONTEXT,False,NO_INVESTIGATION,False,,,0,0,0,0,0,0,0.0,2.11,,
2026-06-15,4500.0,0.0,20.0,8.2453,2.4256,True,,21.02,1.0924,1.0106,1.3738,27.42,0.9458,1.4615,100.0,0.3949,1,False,False,False,False,BMRI,NO_INVESTIGATION,False,0,5,0.0,20.42,,financials,27,42.94,64.585,13,0.48148148148148145,0,0.0,0.37037037037037035,3,71.43,1.0,0.0,GOOD,0.19204389574759947,0.0,11.522633744855968,True,11.522633744855968,PEER_CLUSTERED_ACTIVITY,False,NO_INVESTIGATION,False,,,0,0,0,0,0,0,0.0,20.42,,
2026-06-17,4490.0,0.0,12.2066,8.2453,1.4804,True,,9.91,1.0194,0.9323,1.2101,0.16,1.002,0.55,48.42,-0.0063,1,False,False,False,False,BMRI,NO_INVESTIGATION,False,0,5,0.0,7.84,,financials,27,0.0,18.119999999999997,4,0.14814814814814814,0,0.0,0.7407407407407407,3,36.98,0.3333333333333333,0.0,GOOD,0.6310013717421125,0.0,37.86008230452675,True,37.86008230452675,MIXED_CONTEXT,False,NO_INVESTIGATION,False,,,0,0,0,0,0,0,0.0,7.84,,
2026-06-18,4470.0,7.59,9.6197,8.2453,1.1667,True,,0.0,0.6571,0.6194,0.672,39.64,1.1783,1.4562,74.08,0.1272,0,False,False,False,False,BMRI,NO_INVESTIGATION,False,0,5,0.0,15.25,,financials,27,0.0,2.745,1,0.037037037037037035,0,0.0,0.7037037037037037,3,0.0,0.0,0.6666666666666666,GOOD,0.6776406035665296,0.6666666666666666,67.32510288065843,False,,NO_ACTIVITY_CONTEXT,False,NO_INVESTIGATION,False,,,0,0,0,0,0,0,0.0,15.25,,
2026-06-19,4310.0,24.15,8.2774,8.2453,1.0039,True,,24.38,1.2787,1.2262,0.8125,87.14,1.8627,1.6218,13.45,-0.1924,2,False,False,True,False,BMRI,NO_INVESTIGATION,False,0,5,0.0,27.77,,financials,27,66.7,70.0,17,0.6296296296296297,6,0.2222222222222222,0.3333333333333333,3,21.39,0.0,1.0,GOOD,0.12345679012345678,1.0,47.40740740740741,True,47.40740740740741,MIXED_CONTEXT,False,NO_INVESTIGATION,False,,,0,0,0,0,0,0,0.0,27.77,,
2026-06-22,4220.0,22.17,7.83,7.6926,1.0179,True,,0.0,0.3369,0.3294,0.5673,0.0,0.6885,0.9226,9.8,-0.2216,0,False,False,False,False,BMRI,NO_INVESTIGATION,False,0,5,0.0,6.52,,financials,27,0.0,14.54,1,0.037037037037037035,0,0.0,0.6296296296296297,3,0.0,0.0,1.0,GOOD,0.6063100137174212,1.0,76.37860082304528,False,,NO_ACTIVITY_CONTEXT,False,NO_INVESTIGATION,False,,,0,0,0,0,0,0,0.0,6.52,,
2026-06-23,4120.0,0.0,11.1369,8.0537,1.3828,True,,0.0,0.8127,0.8343,0.9957,9.56,0.9552,1.1917,0.0,-0.3767,0,False,False,False,False,BMRI,NO_INVESTIGATION,False,0,5,0.0,1.43,,financials,27,0.0,0.0,1,0.037037037037037035,0,0.0,0.8148148148148148,3,0.0,0.0,0.6666666666666666,GOOD,0.7846364883401921,0.6666666666666666,73.74485596707818,False,,NO_ACTIVITY_CONTEXT,False,NO_INVESTIGATION,False,,,0,0,0,0,0,0,0.0,1.43,,
2026-06-24,3970.0,0.0,11.8483,8.8301,1.3418,True,,8.72,0.85,0.8856,1.2228,0.0,0.7923,0.9137,32.74,-0.069,1,False,False,False,False,BMRI,NO_INVESTIGATION,False,0,5,0.0,5.89,,financials,27,0.0,10.780000000000001,1,0.037037037037037035,0,0.0,0.7407407407407407,3,5.1,0.0,0.6666666666666666,GOOD,0.7133058984910837,0.6666666666666666,69.46502057613169,True,69.46502057613169,STOCK_SPECIFIC_ACTIVITY,False,NO_INVESTIGATION,False,,,0,0,0,0,0,0,0.0,5.89,,
2026-06-25,4000.0,1.07,12.3786,9.5012,1.3029,True,,0.0,0.9152,0.9594,0.8434,19.9,1.2347,0.7809,12.15,-0.2028,0,False,False,False,False,BMRI,NO_INVESTIGATION,False,0,5,0.0,4.47,,financials,27,0.0,12.219999999999999,5,0.18518518518518517,1,0.037037037037037035,0.5185185185185185,3,0.0,0.0,1.0,GOOD,0.4224965706447188,1.0,65.34979423868312,False,,NO_ACTIVITY_CONTEXT,False,NO_INVESTIGATION,False,,,0,0,0,0,0,0,0.0,4.47,,
2026-06-26,3990.0,16.68,11.0,10.3783,1.0599,True,,0.0,0.8092,0.8617,0.9872,0.0,0.9161,0.7658,15.26,-0.1779,0,False,False,False,False,BMRI,NO_INVESTIGATION,False,0,5,0.0,5.7,,financials,27,0.0,0.0,1,0.037037037037037035,0,0.0,0.8148148148148148,3,0.0,0.0,1.0,GOOD,0.7846364883401921,1.0,87.07818930041152,False,,NO_ACTIVITY_CONTEXT,False,NO_INVESTIGATION,False,,,0,0,0,0,0,0,0.0,5.7,,
2026-06-29,3940.0,66.01,7.7694,11.0684,0.7019,True,,0.0,0.3955,0.4206,0.5098,4.25,0.8679,1.0917,11.91,-0.2048,0,True,False,False,False,BMRI,NO_INVESTIGATION,False,0,5,0.0,18.33,,financials,27,0.0,0.0,1,0.037037037037037035,0,0.0,0.9629629629629629,3,0.0,0.0,1.0,GOOD,0.9272976680384087,1.0,95.63786008230453,False,,NO_ACTIVITY_CONTEXT,False,NO_INVESTIGATION,False,,,0,0,0,0,0,0,0.0,18.33,,
2026-06-30,3850.0,54.37,8.8161,11.0684,0.7965,True,,0.0,0.6426,0.6986,0.802,5.39,0.8965,1.1126,12.11,-0.2032,0,False,False,False,False,BMRI,NO_INVESTIGATION,False,0,5,0.0,15.61,,financials,27,0.0,25.9,2,0.07407407407407407,0,0.0,0.5925925925925926,3,0.0,0.0,0.6666666666666666,GOOD,0.5486968449931413,0.6666666666666666,59.58847736625514,False,,NO_ACTIVITY_CONTEXT,False,NO_INVESTIGATION,False,,,0,0,0,0,0,0,0.0,15.61,,
2026-07-01,3810.0,71.07,7.3604,11.0684,0.665,True,,0.0,0.4764,0.5052,0.7921,13.2,0.6485,1.2421,0.0,-0.4544,0,True,False,False,False,BMRI,NO_INVESTIGATION,False,0,5,0.0,19.75,,financials,27,0.0,0.0,1,0.037037037037037035,0,0.0,0.8518518518518519,3,0.0,0.0,0.6666666666666666,GOOD,0.8203017832647462,0.6666666666666666,75.88477366255144,False,,NO_ACTIVITY_CONTEXT,False,NO_INVESTIGATION,False,,,0,0,0,0,0,0,0.0,19.75,,
2026-07-02,3900.0,84.16,6.1538,11.0684,0.556,True,,0.0,0.6258,0.6472,0.7708,40.0,0.8793,2.1145,70.86,0.1058,0,True,False,False,False,BMRI,NO_INVESTIGATION,False,0,5,0.0,34.13,,financials,27,0.0,0.0,1,0.037037037037037035,0,0.0,0.8888888888888888,3,0.0,0.0,1.0,GOOD,0.8559670781893004,1.0,91.35802469135803,False,,NO_ACTIVITY_CONTEXT,False,NO_INVESTIGATION,False,,,0,0,0,0,0,0,0.0,34.13,,
2026-07-03,4010.0,84.16,6.1538,11.0684,0.556,True,,0.0,0.3669,0.3689,0.4058,35.54,0.9357,1.8924,79.33,0.1622,0,True,False,False,False,BMRI,NO_INVESTIGATION,False,0,5,0.0,34.3,,financials,27,0.0,0.0,1,0.037037037037037035,0,0.0,0.7777777777777778,3,0.0,0.0,1.0,GOOD,0.7489711934156379,1.0,84.93827160493828,False,,NO_ACTIVITY_CONTEXT,False,NO_INVESTIGATION,False,,,0,0,0,0,0,0,0.0,34.3,,
2026-07-06,4030.0,84.16,6.1538,11.0684,0.556,True,,17.81,0.5569,0.5715,1.495,5.83,0.3915,1.1313,18.76,-0.1499,1,True,False,False,False,BMRI,NO_INVESTIGATION,False,0,5,0.0,29.13,,financials,27,0.0,0.0,0,0.0,0,0.0,1.0,3,0.0,0.0,1.0,GOOD,1.0,1.0,100.0,True,100.0,STOCK_SPECIFIC_ACTIVITY,True,NO_INVESTIGATION,False,,,0,0,0,0,0,0,0.0,29.13,,
2026-07-07,4070.0,71.77,7.2319,11.0684,0.6534,True,,0.0,0.7139,0.7316,0.6242,19.3,1.221,0.9145,7.05,-0.2436,0,True,False,False,False,BMRI,NO_INVESTIGATION,False,0,5,0.0,21.54,,financials,27,0.0,6.77,1,0.037037037037037035,1,0.037037037037037035,0.7037037037037037,3,0.0,0.0,0.6666666666666666,GOOD,0.6776406035665296,0.6666666666666666,67.32510288065843,False,,NO_ACTIVITY_CONTEXT,False,NO_INVESTIGATION,False,,,0,0,0,0,0,0,0.0,21.54,,
2026-07-08,3970.0,69.13,6.9825,10.3098,0.6773,True,,0.0,0.4303,0.4391,0.6378,15.82,0.7596,1.3378,57.18,0.0359,0,True,False,False,False,BMRI,NO_INVESTIGATION,False,0,5,0.0,25.37,,financials,27,0.0,0.02,0,0.0,0,0.0,0.7407407407407407,3,0.0,0.0,1.0,GOOD,0.7407407407407407,1.0,84.44444444444444,False,,NO_ACTIVITY_CONTEXT,False,NO_INVESTIGATION,False,,,0,0,0,0,0,0,0.0,25.37,,
2026-07-09,4040.0,92.68,3.7221,9.2179,0.4038,True,,0.0,0.4805,0.4933,0.5241,21.82,1.0143,1.4633,85.03,0.2002,0,True,False,False,False,BMRI,NO_INVESTIGATION,False,0,5,0.0,34.95,,financials,27,0.0,0.0,0,0.0,0,0.0,0.8148148148148148,3,0.0,0.0,1.0,GOOD,0.8148148148148148,1.0,88.88888888888889,False,,NO_ACTIVITY_CONTEXT,False,NO_INVESTIGATION,False,,,0,0,0,0,0,0,0.0,34.95,,
2026-07-10,4080.0,91.13,3.7129,8.5468,0.4344,True,,0.0,0.3709,0.3784,0.4763,12.65,0.7839,1.2888,78.44,0.1563,0,True,False,False,False,BMRI,NO_INVESTIGATION,False,0,5,0.0,32.52,,financials,27,0.0,0.0,0,0.0,0,0.0,0.7777777777777778,3,0.0,0.0,1.0,GOOD,0.7777777777777778,1.0,86.66666666666667,False,,NO_ACTIVITY_CONTEXT,False,NO_INVESTIGATION,False,,,0,0,0,0,0,0,0.0,32.52,,
2026-07-13,4250.0,32.86,7.6167,8.0537,0.9457,True,,0.0,0.7716,0.7537,0.7499,10.33,0.9935,1.2398,71.95,0.113,0,False,False,False,False,BMRI,NO_INVESTIGATION,False,0,5,0.0,16.96,,financials,27,0.0,0.0,2,0.07407407407407407,0,0.0,0.7777777777777778,3,0.0,0.0,1.0,GOOD,0.720164609053498,1.0,83.20987654320989,False,,NO_ACTIVITY_CONTEXT,False,NO_INVESTIGATION,False,,,0,0,0,0,0,0,0.0,16.96,,
2026-07-14,4160.0,28.67,7.598,7.7997,0.9741,True,,5.8,1.0796,1.0289,1.0568,0.0,0.9725,0.9185,0.0,-0.3176,0,False,False,False,False,BMRI,NO_INVESTIGATION,False,0,5,0.0,8.91,,financials,27,4.74,24.61,6,0.2222222222222222,0,0.0,0.5555555555555556,3,0.0,0.0,1.0,GOOD,0.4320987654320988,1.0,65.92592592592592,False,,NO_ACTIVITY_CONTEXT,False,NO_INVESTIGATION,False,,,0,0,0,0,0,0,0.0,8.91,,
2026-07-15,4200.0,24.68,7.6923,7.6931,0.9999,True,,0.0,0.8484,0.7997,0.7786,32.21,1.0414,1.6477,100.0,0.3003,0,False,False,False,False,BMRI,NO_INVESTIGATION,False,0,5,0.0,21.0,,financials,27,3.06,20.625,3,0.1111111111111111,2,0.07407407407407407,0.3333333333333333,3,0.0,0.0,1.0,GOOD,0.2962962962962963,1.0,57.77777777777777,False,,NO_ACTIVITY_CONTEXT,False,NO_INVESTIGATION,False,,,0,0,0,0,0,0,0.0,21.0,,
2026-07-16,4310.0,35.58,7.1429,7.6545,0.9332,True,,0.0,0.6668,0.6332,0.7229,18.85,0.8743,1.3934,100.0,0.4074,0,False,False,False,False,BMRI,NO_INVESTIGATION,False,0,5,0.0,21.72,,financials,27,2.62,37.715,5,0.18518518518518517,2,0.07407407407407407,0.4444444444444444,3,0.0,0.0,1.0,GOOD,0.36213991769547327,1.0,61.728395061728406,False,,NO_ACTIVITY_CONTEXT,False,NO_INVESTIGATION,False,,,0,0,0,0,0,0,0.0,21.72,,
2026-07-17,4480.0,0.0,11.0588,7.6074,1.4537,True,,68.88,1.9522,1.8229,1.2998,51.31,1.3633,1.3092,100.0,0.3212,3,False,True,True,False,BMRI,NO_INVESTIGATION,False,0,5,0.0,38.36,,financials,27,10.93,54.2,8,0.2962962962962963,2,0.07407407407407407,0.8888888888888888,3,76.93,1.0,0.0,GOOD,0.625514403292181,0.0,37.53086419753086,True,37.53086419753086,PEER_CLUSTERED_ACTIVITY,False,NO_INVESTIGATION,False,,,0,0,0,0,0,0,0.0,38.36,,
2026-07-20,4450.0,2.98,9.0487,7.6074,1.1895,True,,53.57,1.473,1.3642,1.6779,3.7,0.7969,1.0811,3.59,-0.2713,3,False,True,True,False,BMRI,NO_INVESTIGATION,False,0,5,0.0,17.73,,financials,27,31.73,51.675,7,0.25925925925925924,2,0.07407407407407407,0.7777777777777778,3,58.62,0.6666666666666666,0.3333333333333333,GOOD,0.5761316872427983,0.11111111111111112,39.01234567901234,True,39.01234567901234,PEER_CLUSTERED_ACTIVITY,False,NO_INVESTIGATION,False,,,0,0,0,0,0,0,0.0,17.73,,
2026-07-21,4480.0,19.75,7.8652,7.6074,1.0339,True,,0.0,0.9077,0.8269,0.8545,15.32,0.9442,1.3135,70.46,0.1031,0,False,False,False,False,BMRI,NO_INVESTIGATION,False,0,5,0.0,14.28,,financials,27,21.74,66.245,9,0.3333333333333333,5,0.18518518518518517,0.14814814814814814,3,14.03,0.0,0.3333333333333333,GOOD,0.09876543209876544,0.3333333333333333,19.25925925925926,False,,NO_ACTIVITY_CONTEXT,False,NO_INVESTIGATION,False,,,0,0,0,0,0,0,0.0,14.28,,
2026-07-22,4420.0,43.23,6.7416,7.6074,0.8862,True,,30.7,1.3584,0.6447,1.4386,0.0,0.8491,0.4069,36.06,-0.0558,2,False,False,True,False,BMRI,NO_INVESTIGATION,False,0,5,0.0,23.62,,financials,27,44.55,85.55000000000001,13,0.48148148148148145,3,0.1111111111111111,0.37037037037037035,3,0.0,0.0,0.6666666666666666,GOOD,0.19204389574759947,0.6666666666666666,38.18930041152263,True,38.18930041152263,MIXED_CONTEXT,True,NO_INVESTIGATION,False,,,0,0,0,0,0,0,0.0,23.62,,
2026-07-23,4380.0,66.23,5.618,7.4792,0.7511,True,,12.64,1.1628,1.1233,1.0544,0.0,0.9916,0.3637,50.1,0.0005,0,True,False,False,False,BMRI,NO_INVESTIGATION,False,0,5,0.0,25.36,,financials,27,50.68,81.85,14,0.5185185185185185,2,0.07407407407407407,0.18518518518518517,3,0.0,0.0,0.6666666666666666,GOOD,0.08916323731138547,0.6666666666666666,32.01646090534979,False,,NO_ACTIVITY_CONTEXT,False,NO_INVESTIGATION,False,,,0,0,0,0,0,0,0.0,25.36,,
2026-07-24,4130.0,0.45,9.0498,7.2962,1.2403,True,,100.0,2.7806,2.822,2.5283,1.54,1.0047,1.0229,0.0,-0.3786,3,False,True,True,False,BMRI,NO_INVESTIGATION,False,0,5,0.0,30.34,,financials,27,11.43,44.915,6,0.2222222222222222,1,0.037037037037037035,1.0,3,11.43,0.0,1.0,GOOD,0.7777777777777778,1.0,86.66666666666667,True,86.66666666666667,STOCK_SPECIFIC_ACTIVITY,False,NO_INVESTIGATION,False,,,0,0,0,0,0,0,0.0,30.34,,
2026-07-27,4160.0,0.0,9.8174,7.2962,1.3455,True,,56.9,1.5779,1.6347,1.3704,5.38,1.0519,0.8506,45.28,-0.0189,3,False,True,True,False,BMRI,NO_INVESTIGATION,False,0,5,0.0,22.41,,financials,27,0.0,14.01,1,0.037037037037037035,0,0.0,1.0,3,0.0,0.0,1.0,GOOD,0.962962962962963,1.0,97.77777777777779,True,97.77777777777779,STOCK_SPECIFIC_ACTIVITY,False,NO_INVESTIGATION,False,,,0,0,0,0,0,0,0.0,22.41,,
2026-07-28,4100.0,0.0,10.3365,7.2962,1.4167,True,,4.94,1.0195,1.1271,0.7668,26.79,1.2281,0.8023,9.6,-0.2232,0,False,False,False,False,BMRI,NO_INVESTIGATION,False,0,5,0.0,6.46,,financials,27,0.0,4.82,1,0.037037037037037035,1,0.037037037037037035,0.7777777777777778,3,0.0,0.0,1.0,GOOD,0.7489711934156379,1.0,84.93827160493828,False,,NO_ACTIVITY_CONTEXT,False,NO_INVESTIGATION,False,,,0,0,0,0,0,0,0.0,6.46,,
2026-07-29,4090.0,0.0,9.9274,7.2962,1.3606,True,,0.0,0.7972,0.8697,0.8661,0.0,0.8883,0.0,28.08,-0.0877,0,False,False,False,False,BMRI,NO_INVESTIGATION,False,0,5,0.0,2.81,,financials,27,2.68,28.005,3,0.1111111111111111,1,0.037037037037037035,0.48148148148148145,3,0.0,0.0,1.0,GOOD,0.42798353909465014,1.0,65.67901234567901,False,,NO_ACTIVITY_CONTEXT,False,NO_INVESTIGATION,False,,,0,0,0,0,0,0,0.0,2.81,,
2026-07-30,4160.0,63.94,5.569,7.415,0.751,True,,0.0,0.6517,0.6984,0.7077,0.0,0.9861,0.4682,41.74,-0.033,0,True,False,False,False,BMRI,NO_INVESTIGATION,False,0,5,0.0,20.16,,financials,27,0.45,16.86,2,0.07407407407407407,0,0.0,0.48148148148148145,3,0.0,0.0,0.6666666666666666,GOOD,0.4458161865569273,0.6666666666666666,53.4156378600823,False,,NO_ACTIVITY_CONTEXT,False,NO_INVESTIGATION,False,,,0,0,0,0,0,0,0.0,20.16,,
2026-07-31,4190.0,95.4,3.3654,7.415,0.4539,True,,0.0,0.6724,0.6876,0.6464,10.31,1.1035,0.8914,84.1,0.194,0,True,False,False,False,BMRI,NO_INVESTIGATION,False,0,5,0.0,33.81,,financials,27,9.39,62.57,8,0.2962962962962963,3,0.1111111111111111,0.2962962962962963,3,2.37,0.0,0.3333333333333333,GOOD,0.2085048010973937,0.3333333333333333,25.843621399176953,False,,NO_ACTIVITY_CONTEXT,False,NO_INVESTIGATION,False,,,0,0,0,0,0,0,0.0,33.81,,
2026-08-03,4170.0,86.47,4.0865,7.415,0.5511,True,,0.0,0.5236,0.5369,0.8368,0.0,0.6638,0.6937,2.77,-0.2778,0,True,False,False,False,BMRI,NO_INVESTIGATION,False,0,5,0.0,21.89,,financials,27,13.11,61.47,9,0.3333333333333333,1,0.037037037037037035,0.37037037037037035,3,0.0,0.0,1.0,GOOD,0.2469135802469136,1.0,54.81481481481482,False,,NO_ACTIVITY_CONTEXT,False,NO_INVESTIGATION,False,,,0,0,0,0,0,0,0.0,21.89,,
2026-08-04,4260.0,74.09,4.7962,7.415,0.6468,True,,0.0,0.8425,0.8813,0.7177,37.32,1.2592,1.2516,93.05,0.2537,0,True,False,False,False,BMRI,NO_INVESTIGATION,False,0,5,0.0,33.43,,financials,27,10.55,26.145000000000003,5,0.18518518518518517,0,0.0,0.4074074074074074,3,0.0,0.0,0.6666666666666666,GOOD,0.3319615912208505,0.6666666666666666,46.584362139917694,False,,NO_ACTIVITY_CONTEXT,False,NO_INVESTIGATION,False,,,0,0,0,0,0,0,0.0,33.43,,
2026-08-05,4220.0,81.44,4.2959,7.3704,0.5829,True,,0.0,0.88,0.9419,0.9162,7.31,1.0083,1.1363,41.3,-0.0348,0,True,False,False,False,BMRI,NO_INVESTIGATION,False,0,5,0.0,25.59,,financials,27,40.75,82.745,12,0.4444444444444444,1,0.037037037037037035,0.2222222222222222,3,0.0,0.0,0.6666666666666666,GOOD,0.12345679012345678,0.6666666666666666,34.074074074074076,False,,NO_ACTIVITY_CONTEXT,False,NO_INVESTIGATION,False,,,0,0,0,0,0,0,0.0,25.59,,
2026-08-06,4200.0,90.32,3.3333,7.3704,0.4523,True,,0.0,0.6836,0.7345,0.6887,3.57,1.0361,0.9745,71.11,0.1074,0,True,False,False,False,BMRI,NO_INVESTIGATION,False,0,5,0.0,30.23,,financials,27,18.02,56.93,10,0.37037037037037035,0,0.0,0.3333333333333333,3,0.0,0.0,1.0,GOOD,0.20987654320987653,1.0,52.59259259259259,False,,NO_ACTIVITY_CONTEXT,False,NO_INVESTIGATION,False,,,0,0,0,0,0,0,0.0,30.23,,
2026-08-07,4240.0,90.37,3.3175,7.3704,0.4501,True,,0.0,0.7879,0.8446,0.6967,20.02,1.1806,0.595,21.31,-0.1295,0,True,False,False,False,BMRI,NO_INVESTIGATION,False,0,5,0.0,27.73,,financials,27,0.0,28.735,4,0.14814814814814814,0,0.0,0.5185185185185185,3,0.0,0.3333333333333333,0.6666666666666666,GOOD,0.44170096021947874,0.4444444444444445,44.2798353909465,False,,NO_ACTIVITY_CONTEXT,False,NO_INVESTIGATION,False,,,0,0,0,0,0,0,0.0,27.73,,
2026-08-10,4180.0,92.6,2.6066,7.3704,0.3537,True,,21.5,1.0562,1.14,1.4406,0.0,0.7621,0.945,0.0,-0.4841,1,True,False,False,False,BMRI,NO_INVESTIGATION,False,0,5,0.0,29.6,,financials,27,12.47,68.595,8,0.2962962962962963,3,0.1111111111111111,0.6666666666666666,3,16.5,0.0,1.0,GOOD,0.4691358024691358,1.0,68.14814814814815,True,68.14814814814815,STOCK_SPECIFIC_ACTIVITY,True,NO_INVESTIGATION,False,,,0,0,0,0,0,0,0.0,29.6,,
2026-08-11,4120.0,74.02,4.2857,6.9422,0.6173,True,,13.2,1.0095,1.1384,1.2645,5.67,0.8422,1.1364,3.02,-0.2758,1,True,False,False,False,BMRI,NO_INVESTIGATION,False,0,5,0.0,23.62,,financials,27,2.88,13.344999999999999,2,0.07407407407407407,0,0.0,0.7407407407407407,3,3.67,0.0,0.6666666666666666,GOOD,0.6858710562414265,0.6666666666666666,67.81893004115226,True,67.81893004115226,STOCK_SPECIFIC_ACTIVITY,True,NO_INVESTIGATION,False,,,0,0,0,0,0,0,0.0,23.62,,
2026-08-12,4130.0,55.01,4.7847,6.1798,0.7742,True,,7.9,1.0397,1.1787,1.0062,10.11,1.0962,1.0383,0.0,-0.3889,0,True,False,False,False,BMRI,NO_INVESTIGATION,False,0,5,0.0,17.64,,financials,27,0.0,9.42,1,0.037037037037037035,0,0.0,0.7407407407407407,3,0.0,0.0,1.0,GOOD,0.7133058984910837,1.0,82.79835390946502,False,,NO_ACTIVITY_CONTEXT,False,NO_INVESTIGATION,False,,,0,0,0,0,0,0,0.0,17.64,,
2026-08-13,4130.0,48.96,4.6005,5.5935,0.8225,True,,0.0,0.7358,0.8339,0.7394,4.28,1.0486,0.8756,25.59,-0.0977,0,False,False,False,False,BMRI,NO_INVESTIGATION,False,0,5,0.0,15.44,,financials,27,0.0,3.51,1,0.037037037037037035,0,0.0,0.5925925925925926,3,0.0,0.0,1.0,GOOD,0.5706447187928669,1.0,74.23868312757203,False,,NO_ACTIVITY_CONTEXT,False,NO_INVESTIGATION,False,,,0,0,0,0,0,0,0.0,15.44,,
2026-08-14,4170.0,40.34,4.6005,5.1826,0.8877,True,,0.0,0.5168,0.5825,0.6513,0.0,0.8314,0.6184,40.6,-0.0376,0,False,False,False,False,BMRI,NO_INVESTIGATION,False,0,5,0.0,14.15,,financials,27,0.0,1.06,2,0.07407407407407407,0,0.0,0.7037037037037037,3,0.0,0.0,1.0,GOOD,0.6515775034293553,1.0,79.09465020576133,False,,NO_ACTIVITY_CONTEXT,False,NO_INVESTIGATION,False,,,0,0,0,0,0,0,0.0,14.15,,
2026-08-18,4150.0,64.49,3.3898,4.7904,0.7076,True,,0.0,0.8671,0.938,0.8189,5.09,1.0578,0.8919,50.59,0.003,0,True,False,False,False,BMRI,NO_INVESTIGATION,False,0,5,0.0,21.95,,financials,27,2.79,22.799999999999997,4,0.14814814814814814,1,0.037037037037037035,0.3333333333333333,3,2.61,0.0,0.3333333333333333,GOOD,0.2839506172839506,0.3333333333333333,30.37037037037037,False,,NO_ACTIVITY_CONTEXT,False,NO_INVESTIGATION,False,,,0,0,0,0,0,0,0.0,21.95,,
2026-08-19,4140.0,63.48,3.3816,4.6926,0.7206,True,,0.0,0.6374,0.6495,0.6311,15.72,0.9751,1.3375,22.42,-0.1206,0,True,False,False,False,BMRI,NO_INVESTIGATION,False,0,5,0.0,20.47,,financials,27,0.0,27.994999999999997,6,0.2222222222222222,0,0.0,0.5925925925925926,3,0.0,0.0,1.0,GOOD,0.46090534979423864,1.0,67.65432098765432,False,,NO_ACTIVITY_CONTEXT,False,NO_INVESTIGATION,False,,,0,0,0,0,0,0,0.0,20.47,,
2026-08-20,4150.0,68.77,3.1325,4.6005,0.6809,True,,0.0,0.606,0.6288,0.6726,0.0,0.9216,0.9431,0.0,-0.3311,0,True,False,False,False,BMRI,NO_INVESTIGATION,False,0,5,0.0,17.19,,financials,27,10.87,68.375,9,0.3333333333333333,1,0.037037037037037035,0.37037037037037035,3,0.0,0.0,0.6666666666666666,GOOD,0.2469135802469136,0.6666666666666666,41.48148148148148,False,,NO_ACTIVITY_CONTEXT,False,NO_INVESTIGATION,False,,,0,0,0,0,0,0,0.0,17.19,,
2026-08-21,4220.0,59.8,3.3735,4.4482,0.7584,True,,16.95,1.2048,1.2015,1.0393,33.37,1.2255,1.1819,50.0,0.0,2,True,False,True,False,BMRI,NO_INVESTIGATION,False,0,5,0.0,30.04,,financials,27,0.0,22.455,3,0.1111111111111111,1,0.037037037037037035,0.7037037037037037,3,83.07,0.6666666666666666,0.3333333333333333,GOOD,0.625514403292181,0.11111111111111112,41.9753086419753,True,41.9753086419753,PEER_CLUSTERED_ACTIVITY,True,NO_INVESTIGATION,False,,,0,0,0,0,0,0,0.0,30.04,,
2026-08-24,4200.0,85.52,2.4096,4.2908,0.5616,True,,6.5,0.7216,0.7234,1.1829,0.0,0.6325,0.5698,62.1,0.0605,0,True,False,False,False,BMRI,NO_INVESTIGATION,False,0,5,0.0,29.54,,financials,27,6.91,39.585,6,0.2222222222222222,0,0.0,0.48148148148148145,3,8.38,0.0,0.3333333333333333,GOOD,0.3744855967078189,0.3333333333333333,35.80246913580247,False,,NO_ACTIVITY_CONTEXT,False,NO_INVESTIGATION,False,,,0,0,0,0,0,0,0.0,29.54,,
2026-08-26,4160.0,85.29,2.4038,4.1861,0.5742,True,,37.93,1.3647,1.3782,1.2449,10.07,1.085,1.0592,100.0,0.3923,3,True,False,True,False,BMRI,NO_INVESTIGATION,False,0,5,0.0,44.21,,financials,27,50.01,74.195,14,0.5185185185185185,1,0.037037037037037035,0.37037037037037035,3,3.7,0.0,0.6666666666666666,GOOD,0.17832647462277093,0.6666666666666666,37.36625514403292,True,37.36625514403292,MARKET_WIDE_ACTIVITY,True,NO_INVESTIGATION,False,,,0,0,0,0,0,0,0.0,44.21,,
2026-08-27,4210.0,69.06,2.619,3.7382,0.7006,True,,0.0,0.5781,0.5828,0.7955,0.0,0.7192,0.9306,74.28,0.1285,0,True,False,False,False,BMRI,NO_INVESTIGATION,False,0,5,0.0,24.69,,financials,27,0.0,54.835,8,0.2962962962962963,2,0.07407407407407407,0.5185185185185185,3,3.01,0.3333333333333333,0.3333333333333333,GOOD,0.36488340192043894,0.22222222222222224,30.781893004115226,False,,NO_ACTIVITY_CONTEXT,False,NO_INVESTIGATION,False,,,0,0,0,0,0,0,0.0,24.69,,
2026-08-28,4250.0,37.8,3.0879,3.3857,0.912,True,,2.17,1.0349,1.0195,0.8734,61.3,1.2243,2.0677,100.0,0.5658,0,False,False,False,False,BMRI,NO_INVESTIGATION,False,0,5,0.0,29.3,,financials,27,0.0,48.61,7,0.25925925925925924,2,0.07407407407407407,0.5555555555555556,3,50.37,0.6666666666666666,0.3333333333333333,GOOD,0.411522633744856,0.11111111111111112,29.1358024691358,False,,NO_ACTIVITY_CONTEXT,False,NO_INVESTIGATION,False,,,0,0,0,0,0,0,0.0,29.3,,
2026-08-31,4230.0,16.96,3.5629,3.3776,1.0549,True,,77.65,2.1452,2.1146,1.2464,55.0,1.8017,0.893,54.44,0.0222,3,False,True,True,False,BMRI,NO_INVESTIGATION,False,0,5,0.0,41.23,,financials,27,69.98,80.765,17,0.6296296296296297,4,0.14814814814814814,0.6666666666666666,3,81.54,1.0,0.3333333333333333,GOOD,0.24691358024691357,0.0,14.814814814814813,True,14.814814814814813,MARKET_WIDE_ACTIVITY,False,NO_INVESTIGATION,False,,,0,0,0,0,0,0,0.0,41.23,,
2026-09-01,4320.0,0.0,4.4917,3.3776,1.3299,True,,66.87,1.756,1.7288,1.4078,41.5,1.2641,1.3267,86.33,0.2089,3,False,True,True,False,BMRI,NO_INVESTIGATION,False,0,5,0.0,34.92,,financials,27,54.42,84.5,14,0.5185185185185185,2,0.07407407407407407,0.6666666666666666,3,54.51,0.6666666666666666,0.6666666666666666,GOOD,0.32098765432098764,0.22222222222222224,28.148148148148145,True,28.148148148148145,MARKET_WIDE_ACTIVITY,False,NO_INVESTIGATION,False,,,0,0,0,0,0,0,0.0,34.92,,
2026-09-02,4360.0,0.0,6.1176,3.3857,1.8069,True,,24.02,1.2723,1.2309,1.1506,5.86,1.0804,0.0,50.0,0.0,2,False,False,True,False,BMRI,NO_INVESTIGATION,False,0,5,0.0,13.08,,financials,27,17.97,62.275000000000006,8,0.2962962962962963,0,0.0,0.5925925925925926,3,30.85,0.3333333333333333,0.3333333333333333,GOOD,0.4170096021947874,0.22222222222222224,33.909465020576135,True,33.909465020576135,MIXED_CONTEXT,False,NO_INVESTIGATION,False,,,0,0,0,0,0,0,0.0,13.08,,
2026-09-03,4460.0,0.0,6.0185,3.3857,1.7776,True,,85.38,2.0818,1.9757,1.5364,70.09,1.3548,2.1007,100.0,0.4533,3,False,True,True,False,BMRI,NO_INVESTIGATION,False,0,5,0.0,46.13,,financials,27,32.28,69.175,9,0.3333333333333333,1,0.037037037037037035,0.8518518518518519,3,47.03,0.3333333333333333,1.0,GOOD,0.5679012345679013,0.6666666666666667,60.74074074074075,True,60.74074074074075,MIXED_CONTEXT,False,NO_INVESTIGATION,False,,,0,0,0,0,0,0,0.0,46.13,,
2026-09-04,4420.0,0.0,6.422,3.3857,1.8968,True,,0.0,0.8403,0.7971,0.9784,0.0,0.8179,0.8919,30.36,-0.0786,0,False,False,False,False,BMRI,NO_INVESTIGATION,False,0,5,0.0,3.04,,financials,27,0.0,24.19,5,0.18518518518518517,1,0.037037037037037035,0.5185185185185185,3,1.47,0.0,0.3333333333333333,GOOD,0.4224965706447188,0.3333333333333333,38.68312757201646,False,,NO_ACTIVITY_CONTEXT,False,NO_INVESTIGATION,False,,,0,0,0,0,0,0,0.0,3.04,,
2026-09-07,4390.0,0.0,5.6948,3.3857,1.682,True,,0.15,0.8686,0.8322,1.0043,0.0,0.8043,0.5419,21.4,-0.1288,0,False,False,False,False,BMRI,NO_INVESTIGATION,False,0,5,0.0,2.19,,financials,27,0.77,43.894999999999996,6,0.2222222222222222,2,0.07407407407407407,0.48148148148148145,3,0.77,0.0,0.3333333333333333,GOOD,0.3744855967078189,0.3333333333333333,35.80246913580247,False,,NO_ACTIVITY_CONTEXT,False,NO_INVESTIGATION,False,,,0,0,0,0,0,0,0.0,2.19,,
2026-09-08,4430.0,19.03,3.6199,3.4764,1.0413,True,,0.0,0.8453,0.8062,0.7826,3.58,1.0006,1.0809,62.05,0.0602,0,False,False,False,False,BMRI,NO_INVESTIGATION,False,0,5,0.0,11.5,,financials,27,21.11,72.91999999999999,10,0.37037037037037035,1,0.037037037037037035,0.25925925925925924,3,15.56,0.3333333333333333,0.3333333333333333,GOOD,0.16323731138545952,0.22222222222222224,18.68312757201646,False,,NO_ACTIVITY_CONTEXT,False,NO_INVESTIGATION,False,,,0,0,0,0,0,0,0.0,11.5,,
2026-09-09,4390.0,59.36,2.7149,3.5914,0.7559,True,,13.24,1.1497,1.1017,1.1094,21.63,0.9618,1.4091,0.0,-0.3015,0,True,False,False,False,BMRI,NO_INVESTIGATION,False,0,5,0.0,22.06,,financials,27,51.62,75.14,14,0.5185185185185185,4,0.14814814814814814,0.37037037037037035,3,77.93,0.6666666666666666,0.3333333333333333,GOOD,0.17832647462277093,0.11111111111111112,15.144032921810702,False,,NO_ACTIVITY_CONTEXT,False,NO_INVESTIGATION,False,,,0,0,0,0,0,0,0.0,22.06,,
2026-09-10,4370.0,41.22,3.1891,3.5914,0.888,True,,23.38,1.2099,1.166,1.2479,22.76,0.8999,1.4531,40.25,-0.039,2,False,False,True,False,BMRI,NO_INVESTIGATION,False,0,5,0.0,24.76,,financials,27,23.38,67.435,12,0.4444444444444444,2,0.07407407407407407,0.5185185185185185,3,54.72,0.6666666666666666,0.3333333333333333,GOOD,0.2880658436213992,0.11111111111111112,21.7283950617284,True,21.7283950617284,PEER_CLUSTERED_ACTIVITY,True,NO_INVESTIGATION,False,,,0,0,0,0,0,0,0.0,24.76,,
2026-09-11,4360.0,27.18,3.4169,3.4764,0.9829,True,,10.51,1.1412,1.1099,1.024,21.45,1.0343,1.4225,65.19,0.0759,0,False,False,False,False,BMRI,NO_INVESTIGATION,False,0,5,0.0,19.68,,financials,27,18.62,50.334999999999994,7,0.25925925925925924,0,0.0,0.48148148148148145,3,53.58,0.6666666666666666,0.3333333333333333,GOOD,0.3566529492455418,0.11111111111111112,25.843621399176953,False,,NO_ACTIVITY_CONTEXT,False,NO_INVESTIGATION,False,,,0,0,0,0,0,0,0.0,19.68,,
2026-09-14,4440.0,0.0,4.5558,3.4033,1.3386,True,,89.99,2.0792,2.0097,1.6823,11.59,1.147,0.769,15.96,-0.1723,3,False,True,True,False,BMRI,NO_INVESTIGATION,False,0,5,0.0,30.33,,financials,27,26.07,74.15,11,0.4074074074074074,0,0.0,0.9259259259259259,3,77.56,1.0,1.0,GOOD,0.5486968449931413,0.0,32.92181069958848,True,32.92181069958848,PEER_CLUSTERED_ACTIVITY,False,NO_INVESTIGATION,False,,,0,0,0,0,0,0,0.0,30.33,,
2026-09-15,4340.0,0.0,4.5767,3.4033,1.3448,True,,10.97,1.0804,1.0599,1.1577,0.0,0.9183,0.9638,0.0,-0.5062,0,False,False,False,False,BMRI,NO_INVESTIGATION,False,0,5,0.0,3.29,,financials,27,0.0,11.379999999999999,4,0.14814814814814814,0,0.0,0.7037037037037037,3,0.93,0.0,0.6666666666666666,GOOD,0.5994513031550068,0.6666666666666666,62.63374485596708,False,,NO_ACTIVITY_CONTEXT,False,NO_INVESTIGATION,False,,,0,0,0,0,0,0,0.0,3.29,,
2026-09-16,4260.0,0.0,4.5872,3.4033,1.3478,True,,14.98,1.1002,1.1172,1.157,22.61,0.9573,1.5329,0.0,-0.3942,0,False,False,False,False,BMRI,NO_INVESTIGATION,False,0,5,0.0,7.89,,financials,27,0.0,19.835,2,0.07407407407407407,0,0.0,0.7037037037037037,3,0.0,0.0,1.0,GOOD,0.6515775034293553,1.0,79.09465020576133,False,,NO_ACTIVITY_CONTEXT,False,NO_INVESTIGATION,False,,,0,0,0,0,0,0,0.0,7.89,,
2026-09-17,4350.0,0.0,4.5977,3.4899,1.3174,True,,0.0,0.8626,0.8677,0.6495,47.22,1.3337,1.4316,100.0,0.4352,0,False,False,False,False,BMRI,NO_INVESTIGATION,False,0,5,0.0,17.08,,financials,27,0.0,8.625,3,0.1111111111111111,0,0.0,0.6666666666666666,3,0.0,0.0,1.0,GOOD,0.5925925925925926,1.0,75.55555555555556,False,,NO_ACTIVITY_CONTEXT,False,NO_INVESTIGATION,False,,,0,0,0,0,0,0,0.0,17.08,,
2026-09-18,4260.0,0.0,4.8387,3.5914,1.3473,True,,39.71,1.431,1.4613,1.0625,26.54,1.3043,0.9867,3.25,-0.274,2,False,False,True,False,BMRI,NO_INVESTIGATION,False,0,5,0.0,16.22,,financials,27,48.09,72.95,12,0.4444444444444444,1,0.037037037037037035,0.4444444444444444,3,48.09,0.3333333333333333,0.3333333333333333,GOOD,0.24691358024691357,0.22222222222222224,23.703703703703706,True,23.703703703703706,MIXED_CONTEXT,False,NO_INVESTIGATION,False,,,0,0,0,0,0,0,0.0,16.22,,
2026-09-21,4200.0,0.0,5.8685,4.0558,1.4469,True,,0.0,0.5533,0.572,0.909,0.0,0.5806,0.68,0.0,-0.446,0,False,False,False,False,BMRI,NO_INVESTIGATION,False,0,5,0.0,0.0,,financials,27,0.0,3.005,2,0.07407407407407407,0,0.0,0.7037037037037037,3,0.0,0.0,1.0,GOOD,0.6515775034293553,1.0,79.09465020576133,False,,NO_ACTIVITY_CONTEXT,False,NO_INVESTIGATION,False,,,0,0,0,0,0,0,0.0,0.0,,
2026-09-22,4160.0,26.72,4.4601,4.5238,0.9859,True,,5.89,0.9274,0.9661,1.1216,0.0,0.7897,0.8883,16.81,-0.1655,0,False,False,False,False,BMRI,NO_INVESTIGATION,False,0,5,0.0,10.13,,financials,27,2.89,15.330000000000002,4,0.14814814814814814,0,0.0,0.6296296296296297,3,0.0,0.3333333333333333,0.6666666666666666,GOOD,0.5363511659807957,0.4444444444444445,49.95884773662552,False,,NO_ACTIVITY_CONTEXT,False,NO_INVESTIGATION,False,,,0,0,0,0,0,0,0.0,10.13,,
2026-09-23,4190.0,10.5,5.0,4.5238,1.1053,True,,0.0,0.6647,0.6928,0.7384,0.0,0.8596,0.7079,0.0,-0.3488,0,False,False,False,False,BMRI,NO_INVESTIGATION,False,0,5,0.0,2.62,,financials,27,0.0,4.3549999999999995,2,0.07407407407407407,0,0.0,0.6296296296296297,3,0.0,0.0,0.6666666666666666,GOOD,0.5829903978052127,0.6666666666666666,61.64609053497942,False,,NO_ACTIVITY_CONTEXT,False,NO_INVESTIGATION,False,,,0,0,0,0,0,0,0.0,2.62,,
2026-09-24,4070.0,0.0,6.6826,4.5662,1.4635,True,,60.18,1.3609,1.4439,1.8926,23.21,0.7148,1.6019,0.0,-0.7111,3,False,True,True,False,BMRI,NO_INVESTIGATION,False,0,5,0.0,21.54,,financials,27,0.0,0.0,2,0.07407407407407407,0,0.0,1.0,3,0.0,0.0,1.0,GOOD,0.9259259259259259,1.0,95.55555555555556,True,95.55555555555556,STOCK_SPECIFIC_ACTIVITY,False,NO_INVESTIGATION,False,,,0,0,0,0,0,0,0.0,21.54,,
2026-09-25,4080.0,17.77,4.8077,4.5819,1.0493,True,,0.0,0.5196,0.5536,0.8442,0.0,0.6095,0.7892,6.73,-0.2461,0,False,False,False,False,BMRI,NO_INVESTIGATION,False,0,5,0.0,5.12,,financials,27,0.0,0.0,1,0.037037037037037035,0,0.0,0.7777777777777778,3,0.0,0.0,0.6666666666666666,GOOD,0.7489711934156379,0.6666666666666666,71.60493827160495,False,,NO_ACTIVITY_CONTEXT,False,NO_INVESTIGATION,False,,,0,0,0,0,0,0,0.0,5.12,,
2026-09-28,4020.0,9.04,5.1471,4.5924,1.1208,True,,22.57,0.9092,0.9791,1.5195,5.32,0.6051,1.1321,0.0,-0.4784,1,False,False,False,False,BMRI,NO_INVESTIGATION,False,0,5,0.0,9.83,,financials,27,0.0,4.0649999999999995,1,0.037037037037037035,0,0.0,0.8888888888888888,3,0.0,0.0,1.0,GOOD,0.8559670781893004,1.0,91.35802469135803,True,91.35802469135803,STOCK_SPECIFIC_ACTIVITY,False,NO_INVESTIGATION,False,,,0,0,0,0,0,0,0.0,9.83,,
2026-09-29,4030.0,17.84,4.914,4.7027,1.0449,True,,43.19,1.39,1.5032,1.1816,17.88,1.1716,1.1082,0.0,-0.3615,2,False,False,True,False,BMRI,NO_INVESTIGATION,False,0,5,0.0,20.1,,financials,27,13.22,41.695,3,0.1111111111111111,0,0.0,0.8148148148148148,3,41.17,0.3333333333333333,0.6666666666666666,GOOD,0.7242798353909464,0.4444444444444445,61.23456790123456,True,61.23456790123456,MIXED_CONTEXT,False,NO_INVESTIGATION,False,,,0,0,0,0,0,0,0.0,20.1,,
2026-06-12,530.0,34.93,22.7723,24.4175,0.9326,True,,63.01,1.5671,1.7586,1.3733,26.62,1.0954,1.37,91.34,0.2422,3,False,True,True,False,BRMS,NO_INVESTIGATION,False,0,5,0.0,40.76,,basic_materials,27,7.79,25.415,4,0.14814814814814814,0,0.0,0.9259259259259259,6,0.0,0.0,1.0,GOOD,0.7887517146776406,1.0,87.32510288065843,True,87.32510288065843,STOCK_SPECIFIC_ACTIVITY,False,NO_INVESTIGATION,False,,,0,0,0,0,0,0,0.0,40.76,,
2026-06-15,660.0,0.0,37.6923,24.4175,1.5437,True,,95.25,2.2422,2.1591,2.026,8.12,1.0967,0.6535,17.83,-0.1574,3,False,True,True,False,BRMS,NO_INVESTIGATION,False,0,5,0.0,31.58,,basic_materials,27,42.94,64.585,13,0.48148148148148145,0,0.0,0.9629629629629629,6,38.629999999999995,0.3333333333333333,1.0,GOOD,0.49931412894375865,0.6666666666666667,56.625514403292186,True,56.625514403292186,MIXED_CONTEXT,False,NO_INVESTIGATION,False,,,0,0,0,0,0,0,0.0,31.58,,
2026-06-17,665.0,0.0,48.1132,26.3088,1.8288,True,,100.0,3.6468,3.163,3.2437,7.64,1.0947,0.6486,21.16,-0.1307,3,False,True,True,False,BRMS,NO_INVESTIGATION,False,0,5,0.0,33.26,,basic_materials,27,0.0,18.119999999999997,4,0.14814814814814814,0,0.0,1.0,6,0.0,0.16666666666666666,1.0,GOOD,0.8518518518518519,0.8333333333333334,84.44444444444444,True,84.44444444444444,STOCK_SPECIFIC_ACTIVITY,False,NO_INVESTIGATION,False,,,0,0,0,0,0,0,0.0,33.26,,
2026-06-18,670.0,0.0,38.6364,27.8581,1.3869,True,,4.85,1.038,0.8567,1.0991,0.0,0.8689,0.6325,35.76,-0.057,0,False,False,False,False,BRMS,NO_INVESTIGATION,False,0,5,0.0,5.03,,basic_materials,27,0.0,2.745,1,0.037037037037037035,0,0.0,0.8148148148148148,6,0.0,0.0,1.0,GOOD,0.7846364883401921,1.0,87.07818930041152,False,,NO_ACTIVITY_CONTEXT,False,NO_INVESTIGATION,False,,,0,0,0,0,0,0,0.0,5.03,,
2026-06-19,660.0,3.69,35.0,29.2726,1.1957,True,,54.32,1.9744,1.6405,0.9485,69.8,1.8526,1.309,30.73,-0.0771,2,False,True,True,False,BRMS,NO_INVESTIGATION,False,0,5,0.0,30.76,,basic_materials,27,66.7,70.0,17,0.6296296296296297,6,0.2222222222222222,0.4074074074074074,6,14.885,0.3333333333333333,0.6666666666666666,GOOD,0.15089163237311384,0.4444444444444445,26.83127572016461,True,26.83127572016461,MARKET_WIDE_ACTIVITY,False,NO_INVESTIGATION,False,,,0,0,0,0,0,0,0.0,30.76,,
2026-06-22,635.0,49.07,25.0,29.7521,0.8403,True,,0.0,0.6896,0.5661,0.7642,1.53,0.8158,1.0366,31.05,-0.0758,0,False,False,False,False,BRMS,NO_INVESTIGATION,False,0,5,0.0,15.6,,basic_materials,27,0.0,14.54,1,0.037037037037037035,0,0.0,0.6296296296296297,6,0.0,0.0,0.6666666666666666,GOOD,0.6063100137174212,0.6666666666666666,63.04526748971193,False,,NO_ACTIVITY_CONTEXT,False,NO_INVESTIGATION,False,,,0,0,0,0,0,0,0.0,15.6,,
2026-06-23,640.0,80.29,18.1818,29.7521,0.6111,True,,0.0,0.6738,0.5522,0.6857,0.0,0.9009,0.7326,67.11,0.0856,0,True,False,False,False,BRMS,NO_INVESTIGATION,False,0,5,0.0,26.78,,basic_materials,27,0.0,0.0,1,0.037037037037037035,0,0.0,0.8148148148148148,6,0.0,0.0,1.0,GOOD,0.7846364883401921,1.0,87.07818930041152,False,,NO_ACTIVITY_CONTEXT,False,NO_INVESTIGATION,False,,,0,0,0,0,0,0,0.0,26.78,,
2026-06-24,550.0,66.75,21.0938,29.7521,0.709,True,,40.06,1.3923,1.235,1.4633,0.0,0.8982,0.5187,20.8,-0.1336,3,True,False,True,False,BRMS,NO_INVESTIGATION,False,0,5,0.0,30.79,,basic_materials,27,0.0,10.780000000000001,1,0.037037037037037035,0,0.0,0.9259259259259259,6,0.0,0.0,1.0,GOOD,0.8916323731138547,1.0,93.49794238683128,True,93.49794238683128,STOCK_SPECIFIC_ACTIVITY,True,NO_INVESTIGATION,False,,,0,0,0,0,0,0,0.0,30.79,,
2026-06-25,545.0,46.09,25.1969,29.2726,0.8608,True,,0.0,0.7112,0.6631,0.7546,0.0,0.9317,0.8929,21.97,-0.1242,0,False,False,False,False,BRMS,NO_INVESTIGATION,False,0,5,0.0,13.72,,basic_materials,27,0.0,12.219999999999999,5,0.18518518518518517,1,0.037037037037037035,0.5185185185185185,6,0.0,0.0,0.6666666666666666,GOOD,0.4224965706447188,0.6666666666666666,52.016460905349795,False,,NO_ACTIVITY_CONTEXT,False,NO_INVESTIGATION,False,,,0,0,0,0,0,0,0.0,13.72,,
2026-06-26,498.0,1.07,34.1818,27.8581,1.227,True,,60.23,1.5093,1.6369,1.5426,14.09,1.0388,1.244,41.21,-0.0351,3,False,True,True,False,BRMS,NO_INVESTIGATION,False,0,5,0.0,24.57,,basic_materials,27,0.0,0.0,1,0.037037037037037035,0,0.0,1.0,6,0.0,0.0,1.0,GOOD,0.962962962962963,1.0,97.77777777777779,True,97.77777777777779,STOCK_SPECIFIC_ACTIVITY,False,NO_INVESTIGATION,False,,,0,0,0,0,0,0,0.0,24.57,,
2026-06-29,500.0,18.69,28.9908,27.8581,1.0407,True,,0.0,0.7837,0.8108,0.8674,17.42,0.9094,1.3828,22.74,-0.1181,0,False,False,False,False,BRMS,NO_INVESTIGATION,False,0,5,0.0,9.56,,basic_materials,27,0.0,0.0,1,0.037037037037037035,0,0.0,0.9629629629629629,6,0.0,0.0,1.0,GOOD,0.9272976680384087,1.0,95.63786008230453,False,,NO_ACTIVITY_CONTEXT,False,NO_INVESTIGATION,False,,,0,0,0,0,0,0,0.0,9.56,,
2026-06-30,474.0,0.0,38.0,27.8581,1.3641,True,,26.45,1.1813,1.3048,1.265,19.88,0.9656,1.434,16.07,-0.1714,2,False,False,True,False,BRMS,NO_INVESTIGATION,False,0,5,0.0,12.52,,basic_materials,27,0.0,25.9,2,0.07407407407407407,0,0.0,0.7777777777777778,6,0.0,0.0,1.0,GOOD,0.720164609053498,1.0,83.20987654320989,True,83.20987654320989,STOCK_SPECIFIC_ACTIVITY,False,NO_INVESTIGATION,False,,,0,0,0,0,0,0,0.0,12.52,,
2026-07-01,476.0,40.22,25.1004,27.8581,0.901,True,,83.28,1.8191,1.9291,1.9605,4.05,0.9771,1.0919,44.87,-0.0205,3,False,True,True,False,BRMS,NO_INVESTIGATION,False,0,5,0.0,40.13,,basic_materials,27,0.0,0.0,1,0.037037037037037035,0,0.0,1.0,6,0.0,0.0,1.0,GOOD,0.962962962962963,1.0,97.77777777777779,True,97.77777777777779,STOCK_SPECIFIC_ACTIVITY,True,NO_INVESTIGATION,False,,,0,0,0,0,0,0,0.0,40.13,,
2026-07-02,484.0,68.35,19.6281,27.8581,0.7046,True,,33.18,1.3134,1.3374,1.2907,6.76,1.0566,0.5461,19.01,-0.1479,3,True,False,True,False,BRMS,NO_INVESTIGATION,False,0,5,0.0,29.96,,basic_materials,27,0.0,0.0,1,0.037037037037037035,0,0.0,0.9629629629629629,6,0.0,0.0,1.0,GOOD,0.9272976680384087,1.0,95.63786008230453,True,95.63786008230453,STOCK_SPECIFIC_ACTIVITY,True,NO_INVESTIGATION,False,,,0,0,0,0,0,0,0.0,29.96,,
2026-07-03,498.0,90.33,14.4628,27.8581,0.5192,True,,0.0,0.8797,0.8631,0.7902,30.83,1.221,1.0161,67.52,0.0876,0,True,False,False,False,BRMS,NO_INVESTIGATION,False,0,5,0.0,33.96,,basic_materials,27,0.0,0.0,1,0.037037037037037035,0,0.0,0.7777777777777778,6,0.0,0.0,0.8333333333333334,GOOD,0.7489711934156379,0.8333333333333334,78.27160493827161,False,,NO_ACTIVITY_CONTEXT,False,NO_INVESTIGATION,False,,,0,0,0,0,0,0,0.0,33.96,,
2026-07-06,525.0,82.75,15.4959,26.06,0.5946,True,,0.0,0.7271,0.7015,0.722,14.44,1.1045,0.927,67.57,0.0878,0,True,False,False,False,BRMS,NO_INVESTIGATION,False,0,5,0.0,29.61,,basic_materials,27,0.0,0.0,0,0.0,0,0.0,0.8148148148148148,6,0.0,0.0,1.0,GOOD,0.8148148148148148,1.0,88.88888888888889,False,,NO_ACTIVITY_CONTEXT,False,NO_INVESTIGATION,False,,,0,0,0,0,0,0,0.0,29.61,,
2026-07-07,510.0,75.55,16.0643,25.1486,0.6388,True,,0.0,0.4599,0.4439,0.6281,9.38,0.7886,1.2127,0.0,-0.3581,0,True,False,False,False,BRMS,NO_INVESTIGATION,False,0,5,0.0,20.29,,basic_materials,27,0.0,6.77,1,0.037037037037037035,1,0.037037037037037035,0.7037037037037037,6,0.0,0.0,1.0,GOOD,0.6776406035665296,1.0,80.65843621399178,False,,NO_ACTIVITY_CONTEXT,False,NO_INVESTIGATION,False,,,0,0,0,0,0,0,0.0,20.29,,
2026-07-08,476.0,92.95,10.8434,25.0502,0.4329,True,,5.95,0.7375,0.7679,1.1841,1.05,0.6756,1.0236,0.0,-0.345,0,True,False,False,False,BRMS,NO_INVESTIGATION,False,0,5,0.0,25.18,,basic_materials,27,0.0,0.02,0,0.0,0,0.0,0.8518518518518519,6,0.0,0.0,0.8333333333333334,GOOD,0.8518518518518519,0.8333333333333334,84.44444444444444,False,,NO_ACTIVITY_CONTEXT,False,NO_INVESTIGATION,False,,,0,0,0,0,0,0,0.0,25.18,,
2026-07-09,492.0,89.71,11.6466,23.8861,0.4876,True,,0.0,0.8459,0.8793,0.8819,0.0,0.9461,0.7892,34.25,-0.063,0,True,False,False,False,BRMS,NO_INVESTIGATION,False,0,5,0.0,25.85,,basic_materials,27,0.0,0.0,0,0.0,0,0.0,0.8148148148148148,6,0.0,0.0,1.0,GOOD,0.8148148148148148,1.0,88.88888888888889,False,,NO_ACTIVITY_CONTEXT,False,NO_INVESTIGATION,False,,,0,0,0,0,0,0,0.0,25.85,,
2026-07-10,505.0,87.82,11.4851,23.8861,0.4808,True,,0.0,0.7656,0.7903,0.7519,14.31,1.0147,1.276,82.1,0.1807,0,True,False,False,False,BRMS,NO_INVESTIGATION,False,0,5,0.0,32.31,,basic_materials,27,0.0,0.0,0,0.0,0,0.0,0.7777777777777778,6,0.0,0.0,0.8333333333333334,GOOD,0.7777777777777778,0.8333333333333334,80.0,False,,NO_ACTIVITY_CONTEXT,False,NO_INVESTIGATION,False,,,0,0,0,0,0,0,0.0,32.31,,
2026-07-13,530.0,84.06,12.4752,23.8861,0.5223,True,,0.0,0.943,0.9461,0.9349,26.5,1.0003,1.5747,87.43,0.2162,0,True,False,False,False,BRMS,NO_INVESTIGATION,False,0,5,0.0,33.73,,basic_materials,27,0.0,0.0,2,0.07407407407407407,0,0.0,0.7777777777777778,6,0.0,0.0,0.8333333333333334,GOOD,0.720164609053498,0.8333333333333334,76.54320987654322,False,,NO_ACTIVITY_CONTEXT,False,NO_INVESTIGATION,False,,,0,0,0,0,0,0,0.0,33.73,,
2026-07-14,575.0,11.73,25.3465,23.0469,1.0998,True,,94.98,2.3581,2.13,2.2651,5.32,1.0405,0.9066,55.8,0.029,3,False,True,True,False,BRMS,NO_INVESTIGATION,False,0,5,0.0,37.8,,basic_materials,27,4.74,24.61,6,0.2222222222222222,0,0.0,0.9629629629629629,6,23.705,0.3333333333333333,0.8333333333333334,GOOD,0.7489711934156378,0.5555555555555557,67.1604938271605,True,67.1604938271605,STOCK_SPECIFIC_ACTIVITY,False,NO_INVESTIGATION,False,,,0,0,0,0,0,0,0.0,37.8,,
2026-07-15,555.0,18.34,24.1509,23.0469,1.0479,True,,5.99,1.0541,0.9551,1.1113,0.0,0.9479,0.9778,0.0,-0.4168,0,False,False,False,False,BRMS,NO_INVESTIGATION,False,0,5,0.0,6.38,,basic_materials,27,3.06,20.625,3,0.1111111111111111,2,0.07407407407407407,0.5925925925925926,6,9.405,0.16666666666666666,0.5,GOOD,0.5267489711934156,0.4166666666666667,48.2716049382716,False,,NO_ACTIVITY_CONTEXT,False,NO_INVESTIGATION,False,,,0,0,0,0,0,0,0.0,6.38,,
2026-07-16,560.0,47.0,19.0991,22.6223,0.8443,True,,0.0,0.9015,0.8519,0.7868,56.87,1.1512,1.7646,13.02,-0.1959,0,False,False,False,False,BRMS,NO_INVESTIGATION,False,0,5,0.0,21.58,,basic_materials,27,2.62,37.715,5,0.18518518518518517,2,0.07407407407407407,0.4444444444444444,6,17.48,0.3333333333333333,0.16666666666666666,GOOD,0.36213991769547327,0.11111111111111112,26.172839506172842,False,,NO_ACTIVITY_CONTEXT,False,NO_INVESTIGATION,False,,,0,0,0,0,0,0,0.0,21.58,,
2026-07-17,545.0,33.97,19.0991,20.3609,0.938,True,,10.93,1.1669,1.1166,0.9488,67.15,1.2297,1.8521,21.56,-0.1275,0,False,False,False,False,BRMS,NO_INVESTIGATION,False,0,5,0.0,24.0,,basic_materials,27,10.93,54.2,8,0.2962962962962963,2,0.07407407407407407,0.5185185185185185,6,0.0,0.0,1.0,GOOD,0.36488340192043894,1.0,61.89300411522633,False,,NO_ACTIVITY_CONTEXT,False,NO_INVESTIGATION,False,,,0,0,0,0,0,0,0.0,24.0,,
2026-07-20,575.0,72.06,12.5,19.3636,0.6455,True,,56.0,1.5059,1.4195,1.4569,8.17,1.0609,0.6902,73.28,0.1219,3,True,True,True,True,BRMS,EMERGING,True,1,5,20.0,47.37,47.37,basic_materials,27,31.73,51.675,7,0.25925925925925924,2,0.07407407407407407,0.8148148148148148,6,21.259999999999998,0.0,1.0,GOOD,0.6035665294924554,1.0,76.21399176954733,True,76.21399176954733,STOCK_SPECIFIC_ACTIVITY,True,EMERGING,True,BRMS-20260720-01,2026-07-20,1,1,1,1,1,0,20.0,47.37,47.37,
2026-07-21,620.0,53.74,15.1786,19.0991,0.7947,True,,99.29,3.1734,2.7544,2.285,42.0,1.3799,0.6868,40.56,-0.0378,3,False,True,True,False,BRMS,WEAKENING,True,1,5,20.0,57.58,57.58,basic_materials,27,21.74,66.245,9,0.3333333333333333,5,0.18518518518518517,0.9629629629629629,6,67.56,0.6666666666666666,0.8333333333333334,GOOD,0.6419753086419754,0.27777777777777785,49.62962962962964,True,49.62962962962964,PEER_CLUSTERED_ACTIVITY,True,DEVELOPING,True,BRMS-20260720-01,2026-07-20,2,1,2,2,1,0,40.0,61.58,61.58,
2026-07-22,605.0,43.86,16.5217,19.0991,0.8651,True,,86.04,1.9688,1.6707,1.9736,0.0,0.9628,0.7949,21.37,-0.1291,3,False,True,True,False,BRMS,WEAKENING,True,1,5,20.0,42.91,42.91,basic_materials,27,44.55,85.55000000000001,13,0.48148148148148145,3,0.1111111111111111,0.7777777777777778,6,81.725,0.8333333333333334,0.6666666666666666,GOOD,0.4032921810699589,0.11111111111111108,28.641975308641975,True,28.641975308641975,PEER_CLUSTERED_ACTIVITY,True,DEVELOPING,True,BRMS-20260720-01,2026-07-20,3,1,3,3,1,0,60.0,50.91,50.91,
2026-07-23,610.0,15.7,19.0083,17.8104,1.0673,True,,82.59,2.1622,1.7826,1.6558,34.72,1.2603,0.9739,65.08,0.0754,3,False,True,True,False,BRMS,WEAKENING,True,1,5,20.0,44.42,44.42,basic_materials,27,50.68,81.85,14,0.5185185185185185,2,0.07407407407407407,0.7777777777777778,6,83.255,0.8333333333333334,0.5,GOOD,0.37448559670781895,0.08333333333333331,25.80246913580247,True,25.80246913580247,MARKET_WIDE_ACTIVITY,False,WEAKENING,True,BRMS-20260720-01,2026-07-20,4,1,3,3,1,1,60.0,52.42,52.42,
2026-07-24,585.0,21.5,18.1818,17.765,1.0235,True,,0.0,0.8849,0.8063,0.8076,0.0,0.9968,0.8539,18.23,-0.1541,0,False,False,False,False,BRMS,WEAKENING,True,1,5,20.0,11.2,11.2,basic_materials,27,11.43,44.915,6,0.2222222222222222,1,0.037037037037037035,0.2962962962962963,6,68.27000000000001,0.6666666666666666,0.16666666666666666,GOOD,0.23045267489711932,0.05555555555555556,16.049382716049383,False,,NO_ACTIVITY_CONTEXT,False,CLOSED,False,BRMS-20260720-01,2026-07-20,5,1,3,3,1,2,60.0,19.2,,TWO_UNSUPPORTED_SESSIONS
2026-07-27,575.0,39.21,15.7025,17.3518,0.9049,True,,0.0,0.7324,0.6546,0.6199,22.49,1.13,1.1063,25.18,-0.0993,0,False,False,False,False,BRMS,NO_INVESTIGATION,False,0,5,0.0,15.69,,basic_materials,27,0.0,14.01,1,0.037037037037037035,0,0.0,0.5925925925925926,6,7.865,0.0,0.5,GOOD,0.5706447187928669,0.5,54.23868312757202,False,,NO_ACTIVITY_CONTEXT,False,NO_INVESTIGATION,False,,,0,0,0,0,0,0,0.0,15.69,,
2026-07-28,555.0,25.19,16.2393,16.293,0.9967,True,,0.0,0.4861,0.4451,0.5826,2.41,0.7859,1.0516,24.18,-0.1065,0,False,False,False,False,BRMS,NO_INVESTIGATION,False,0,5,0.0,9.08,,basic_materials,27,0.0,4.82,1,0.037037037037037035,1,0.037037037037037035,0.6296296296296297,6,0.0,0.0,0.8333333333333334,GOOD,0.6063100137174212,0.8333333333333334,69.7119341563786,False,,NO_ACTIVITY_CONTEXT,False,NO_INVESTIGATION,False,,,0,0,0,0,0,0,0.0,9.08,,
2026-07-29,545.0,0.55,20.0,16.1518,1.2383,True,,0.0,0.635,0.5953,0.6312,0.0,0.9756,0.7842,57.88,0.0394,0,False,False,False,False,BRMS,NO_INVESTIGATION,False,0,5,0.0,5.93,,basic_materials,27,2.68,28.005,3,0.1111111111111111,1,0.037037037037037035,0.48148148148148145,6,16.875,0.16666666666666666,0.3333333333333333,GOOD,0.42798353909465014,0.2777777777777778,36.79012345679012,False,,NO_ACTIVITY_CONTEXT,False,NO_INVESTIGATION,False,,,0,0,0,0,0,0,0.0,5.93,,
2026-07-30,555.0,50.97,13.5135,16.1518,0.8367,True,,0.0,0.6996,0.6583,0.6799,7.15,1.0128,1.1227,20.99,-0.1321,0,False,False,False,False,BRMS,NO_INVESTIGATION,False,0,5,0.0,15.91,,basic_materials,27,0.45,16.86,2,0.07407407407407407,0,0.0,0.48148148148148145,6,21.0,0.16666666666666666,0.16666666666666666,GOOD,0.4458161865569273,0.1388888888888889,32.3045267489712,False,,NO_ACTIVITY_CONTEXT,False,NO_INVESTIGATION,False,,,0,0,0,0,0,0,0.0,15.91,,
2026-07-31,560.0,78.64,9.9099,15.8834,0.6239,True,,0.0,0.7543,0.7242,0.6397,29.54,1.1848,1.1538,30.51,-0.078,0,True,False,False,False,BRMS,NO_INVESTIGATION,False,0,5,0.0,27.14,,basic_materials,27,9.39,62.57,8,0.2962962962962963,3,0.1111111111111111,0.2962962962962963,6,53.635,0.5,0.16666666666666666,GOOD,0.2085048010973937,0.08333333333333333,15.843621399176955,False,,NO_ACTIVITY_CONTEXT,False,NO_INVESTIGATION,False,,,0,0,0,0,0,0,0.0,27.14,,
2026-08-03,560.0,92.5,8.1081,15.8834,0.5105,True,,1.68,1.0261,1.0151,0.872,29.14,1.1363,1.2629,73.9,0.126,0,True,False,False,False,BRMS,NO_INVESTIGATION,False,0,5,0.0,35.39,,basic_materials,27,13.11,61.47,9,0.3333333333333333,1,0.037037037037037035,0.4444444444444444,6,44.0,0.5,0.3333333333333333,GOOD,0.29629629629629634,0.16666666666666666,24.444444444444446,False,,NO_ACTIVITY_CONTEXT,False,NO_INVESTIGATION,False,,,0,0,0,0,0,0,0.0,35.39,,
2026-08-04,580.0,92.73,8.0357,15.8834,0.5059,True,,0.0,0.7725,0.7618,0.7149,27.83,1.0769,1.4109,80.63,0.1709,0,True,False,False,False,BRMS,NO_INVESTIGATION,False,0,5,0.0,35.42,,basic_materials,27,10.55,26.145000000000003,5,0.18518518518518517,0,0.0,0.4074074074074074,6,39.295,0.5,0.3333333333333333,GOOD,0.3319615912208505,0.16666666666666666,26.584362139917694,False,,NO_ACTIVITY_CONTEXT,False,NO_INVESTIGATION,False,,,0,0,0,0,0,0,0.0,35.42,,
2026-08-05,610.0,44.67,13.3929,15.4405,0.8674,True,,58.98,1.5993,1.48,1.4928,5.52,1.0561,0.9069,66.77,0.0838,3,False,True,True,False,BRMS,NO_INVESTIGATION,False,0,5,0.0,36.37,,basic_materials,27,40.75,82.745,12,0.4444444444444444,1,0.037037037037037035,0.5925925925925926,6,65.75,0.5,0.5,GOOD,0.3292181069958848,0.25,29.75308641975308,True,29.75308641975308,PEER_CLUSTERED_ACTIVITY,True,NO_INVESTIGATION,False,,,0,0,0,0,0,0,0.0,36.37,,
2026-08-06,610.0,16.17,16.3793,15.4405,1.0608,True,,65.7,1.773,1.5661,1.5111,17.01,1.1548,0.7404,10.37,-0.217,3,False,True,True,False,BRMS,NO_INVESTIGATION,False,0,5,0.0,27.34,,basic_materials,27,18.02,56.93,10,0.37037037037037035,0,0.0,0.8518518518518519,6,51.065,0.6666666666666666,0.8333333333333334,GOOD,0.5363511659807957,0.27777777777777785,43.29218106995886,True,43.29218106995886,PEER_CLUSTERED_ACTIVITY,False,NO_INVESTIGATION,False,,,0,0,0,0,0,0,0.0,27.34,,
2026-08-07,615.0,28.6,15.5738,15.9709,0.9751,True,,0.0,0.9369,0.8369,0.6248,57.5,1.4417,1.2779,30.57,-0.0777,0,False,False,False,False,BRMS,NO_INVESTIGATION,False,0,5,0.0,18.83,,basic_materials,27,0.0,28.735,4,0.14814814814814814,0,0.0,0.5185185185185185,6,6.805,0.0,0.3333333333333333,GOOD,0.44170096021947874,0.3333333333333333,39.83539094650206,False,,NO_ACTIVITY_CONTEXT,False,NO_INVESTIGATION,False,,,0,0,0,0,0,0,0.0,18.83,,
2026-08-10,615.0,44.89,13.9344,15.9709,0.8725,True,,18.42,1.2604,1.1066,1.1314,4.48,1.047,0.5941,38.38,-0.0465,1,False,False,False,False,BRMS,NO_INVESTIGATION,False,0,5,0.0,21.26,,basic_materials,27,12.47,68.595,8,0.2962962962962963,3,0.1111111111111111,0.6296296296296297,6,5.865,0.16666666666666666,0.8333333333333334,GOOD,0.4430727023319616,0.6944444444444445,54.36213991769547,True,54.36213991769547,MIXED_CONTEXT,True,NO_INVESTIGATION,False,,,0,0,0,0,0,0,0.0,21.26,,
2026-08-11,600.0,87.76,9.0164,15.9709,0.5646,True,,0.0,0.8605,0.8012,0.7312,13.46,1.1236,0.9662,73.99,0.1266,0,True,False,False,False,BRMS,NO_INVESTIGATION,False,0,5,0.0,31.36,,basic_materials,27,2.88,13.344999999999999,2,0.07407407407407407,0,0.0,0.37037037037037035,6,10.71,0.0,0.16666666666666666,GOOD,0.34293552812071326,0.16666666666666666,27.242798353909464,False,,NO_ACTIVITY_CONTEXT,False,NO_INVESTIGATION,False,,,0,0,0,0,0,0,0.0,31.36,,
2026-08-12,635.0,92.76,8.1301,15.6381,0.5199,True,,0.28,1.0065,0.9312,0.737,70.73,1.3158,1.8874,100.0,0.3588,0,True,False,False,False,BRMS,NO_INVESTIGATION,False,0,5,0.0,43.88,,basic_materials,27,0.0,9.42,1,0.037037037037037035,0,0.0,0.5925925925925926,6,0.0,0.0,0.6666666666666666,GOOD,0.5706447187928669,0.6666666666666666,60.90534979423868,False,,NO_ACTIVITY_CONTEXT,False,NO_INVESTIGATION,False,,,0,0,0,0,0,0,0.0,43.88,,
2026-08-13,625.0,78.29,9.7561,15.3762,0.6345,True,,22.77,1.2713,1.2067,1.1229,28.68,1.1816,1.1992,8.85,-0.2292,2,True,False,True,False,BRMS,NO_INVESTIGATION,False,0,5,0.0,31.59,,basic_materials,27,0.0,3.51,1,0.037037037037037035,0,0.0,0.9259259259259259,6,1.625,0.0,1.0,GOOD,0.8916323731138547,1.0,93.49794238683128,True,93.49794238683128,STOCK_SPECIFIC_ACTIVITY,True,NO_INVESTIGATION,False,,,0,0,0,0,0,0,0.0,31.59,,
2026-08-14,620.0,73.7,9.6774,14.5565,0.6648,True,,0.0,0.6968,0.6496,0.5625,21.81,1.201,0.948,22.47,-0.1202,0,True,False,False,False,BRMS,NO_INVESTIGATION,False,0,5,0.0,23.94,,basic_materials,27,0.0,1.06,2,0.07407407407407407,0,0.0,0.7037037037037037,6,9.55,0.16666666666666666,0.5,GOOD,0.6515775034293553,0.4166666666666667,55.76131687242798,False,,NO_ACTIVITY_CONTEXT,False,NO_INVESTIGATION,False,,,0,0,0,0,0,0,0.0,23.94,,
2026-08-18,645.0,34.78,12.8,13.724,0.9327,True,,89.52,2.0129,1.8589,1.92,22.8,1.1539,1.1579,52.78,0.0139,3,False,True,True,False,BRMS,NO_INVESTIGATION,False,0,5,0.0,44.25,,basic_materials,27,2.79,22.799999999999997,4,0.14814814814814814,1,0.037037037037037035,0.9259259259259259,6,0.0,0.0,1.0,GOOD,0.7887517146776406,1.0,87.32510288065843,True,87.32510288065843,STOCK_SPECIFIC_ACTIVITY,False,NO_INVESTIGATION,False,,,0,0,0,0,0,0,0.0,44.25,,
2026-08-19,625.0,52.3,11.2,13.724,0.8161,True,,0.0,0.7035,0.6698,0.8491,3.33,0.8898,1.0687,21.86,-0.1251,0,False,False,False,False,BRMS,NO_INVESTIGATION,False,0,5,0.0,15.76,,basic_materials,27,0.0,27.994999999999997,6,0.2222222222222222,0,0.0,0.5925925925925926,6,0.0,0.16666666666666666,0.6666666666666666,GOOD,0.46090534979423864,0.5555555555555556,49.876543209876544,False,,NO_ACTIVITY_CONTEXT,False,NO_INVESTIGATION,False,,,0,0,0,0,0,0,0.0,15.76,,
2026-08-20,685.0,14.91,14.4,13.4532,1.0704,True,,99.97,2.8286,2.5463,3.0029,22.7,1.116,1.2076,89.94,0.2329,3,False,True,True,False,BRMS,NO_INVESTIGATION,False,0,5,0.0,46.12,,basic_materials,27,10.87,68.375,9,0.3333333333333333,1,0.037037037037037035,1.0,6,29.995,0.3333333333333333,1.0,GOOD,0.6666666666666667,0.6666666666666667,66.66666666666667,True,66.66666666666667,STOCK_SPECIFIC_ACTIVITY,False,NO_INVESTIGATION,False,,,0,0,0,0,0,0,0.0,46.12,,
2026-08-21,695.0,7.13,15.5039,13.4532,1.1524,True,,39.74,1.3262,1.1744,1.5314,5.95,1.0011,1.1112,50.0,0.0,2,False,False,True,False,BRMS,NO_INVESTIGATION,False,0,5,0.0,19.6,,basic_materials,27,0.0,22.455,3,0.1111111111111111,1,0.037037037037037035,0.8888888888888888,6,0.0,0.0,1.0,GOOD,0.7901234567901234,1.0,87.4074074074074,True,87.4074074074074,STOCK_SPECIFIC_ACTIVITY,False,NO_INVESTIGATION,False,,,0,0,0,0,0,0,0.0,19.6,,
2026-08-24,730.0,0.0,17.5182,13.4532,1.3022,True,,86.12,1.9482,1.6399,2.1258,11.96,1.0686,1.1086,76.74,0.1449,3,False,True,True,False,BRMS,NO_INVESTIGATION,False,0,5,0.0,35.3,,basic_materials,27,6.91,39.585,6,0.2222222222222222,0,0.0,0.8888888888888888,6,4.195,0.0,1.0,GOOD,0.691358024691358,1.0,81.4814814814815,True,81.4814814814815,STOCK_SPECIFIC_ACTIVITY,False,NO_INVESTIGATION,False,,,0,0,0,0,0,0,0.0,35.3,,
2026-08-26,720.0,0.0,19.4245,13.4532,1.4439,True,,66.71,1.6532,1.3685,1.922,0.0,0.9846,0.9169,64.3,0.0715,3,False,True,True,False,BRMS,NO_INVESTIGATION,False,0,5,0.0,26.44,,basic_materials,27,50.01,74.195,14,0.5185185185185185,1,0.037037037037037035,0.7037037037037037,6,33.45,0.16666666666666666,0.8333333333333334,GOOD,0.3388203017832648,0.6944444444444445,48.106995884773674,True,48.106995884773674,MIXED_CONTEXT,False,NO_INVESTIGATION,False,,,0,0,0,0,0,0,0.0,26.44,,
2026-08-27,765.0,4.73,15.9722,13.4532,1.1872,True,,18.8,1.2184,0.9582,1.2764,31.45,1.0156,1.5507,82.06,0.1804,2,False,False,True,False,BRMS,NO_INVESTIGATION,False,0,5,0.0,19.75,,basic_materials,27,0.0,54.835,8,0.2962962962962963,2,0.07407407407407407,0.6666666666666666,6,0.0,0.0,1.0,GOOD,0.4691358024691358,1.0,68.14814814814815,True,68.14814814814815,STOCK_SPECIFIC_ACTIVITY,False,NO_INVESTIGATION,False,,,0,0,0,0,0,0,0.0,19.75,,
2026-08-28,750.0,9.37,15.0685,13.4532,1.1201,True,,0.0,0.8437,0.725,0.9771,0.0,0.8848,0.9294,2.32,-0.2814,0,False,False,False,False,BRMS,NO_INVESTIGATION,False,0,5,0.0,2.57,,basic_materials,27,0.0,48.61,7,0.25925925925925924,2,0.07407407407407407,0.5185185185185185,6,0.0,0.0,1.0,GOOD,0.38408779149519884,1.0,63.04526748971193,False,,NO_ACTIVITY_CONTEXT,False,NO_INVESTIGATION,False,,,0,0,0,0,0,0,0.0,2.57,,
2026-08-31,750.0,49.35,11.3333,13.4532,0.8424,True,,78.55,2.6171,2.3112,1.3058,100.0,2.0286,2.5091,65.59,0.078,3,False,True,True,False,BRMS,NO_INVESTIGATION,False,0,5,0.0,57.46,,basic_materials,27,69.98,80.765,17,0.6296296296296297,4,0.14814814814814814,0.7037037037037037,6,0.86,0.16666666666666666,0.8333333333333334,GOOD,0.2606310013717421,0.6944444444444445,43.41563786008231,True,43.41563786008231,MIXED_CONTEXT,True,NO_INVESTIGATION,False,,,0,0,0,0,0,0,0.0,57.46,,
2026-09-01,730.0,59.67,10.0,13.0964,0.7636,True,,8.7,1.0241,0.946,1.2483,10.18,0.866,1.1735,18.4,-0.1528,1,True,False,False,False,BRMS,NO_INVESTIGATION,False,0,5,0.0,20.89,,basic_materials,27,54.42,84.5,14,0.5185185185185185,2,0.07407407407407407,0.3333333333333333,6,0.065,0.0,0.6666666666666666,GOOD,0.16049382716049382,0.6666666666666666,36.29629629629629,True,36.29629629629629,MARKET_WIDE_ACTIVITY,True,NO_INVESTIGATION,False,,,0,0,0,0,0,0,0.0,20.89,,
2026-09-02,720.0,59.79,10.0,13.0964,0.7636,True,,0.0,0.4941,0.4813,0.7623,0.0,0.6524,0.0,50.0,0.0,0,True,False,False,False,BRMS,NO_INVESTIGATION,False,0,5,0.0,19.95,,basic_materials,27,17.97,62.275000000000006,8,0.2962962962962963,0,0.0,0.18518518518518517,6,1.0499999999999998,0.16666666666666666,0.3333333333333333,GOOD,0.13031550068587106,0.2777777777777778,18.930041152263374,False,,NO_ACTIVITY_CONTEXT,False,NO_INVESTIGATION,False,,,0,0,0,0,0,0,0.0,19.95,,
2026-09-03,730.0,57.1,10.274,13.0964,0.7845,True,,0.0,0.7832,0.7606,0.7226,8.32,1.0911,0.9012,0.0,-0.3191,0,True,False,False,False,BRMS,NO_INVESTIGATION,False,0,5,0.0,15.52,,basic_materials,27,32.28,69.175,9,0.3333333333333333,1,0.037037037037037035,0.2222222222222222,6,12.445,0.0,0.5,GOOD,0.14814814814814817,0.5,28.888888888888893,False,,NO_ACTIVITY_CONTEXT,False,NO_INVESTIGATION,False,,,0,0,0,0,0,0,0.0,15.52,,
2026-09-04,715.0,93.56,6.1644,13.0964,0.4707,True,,0.0,0.5157,0.505,0.5675,22.13,0.8967,1.4,3.4,-0.2728,0,True,False,False,False,BRMS,NO_INVESTIGATION,False,0,5,0.0,27.05,,basic_materials,27,0.0,24.19,5,0.18518518518518517,1,0.037037037037037035,0.5185185185185185,6,0.0,0.16666666666666666,0.8333333333333334,GOOD,0.4224965706447188,0.6944444444444445,53.12757201646091,False,,NO_ACTIVITY_CONTEXT,False,NO_INVESTIGATION,False,,,0,0,0,0,0,0,0.0,27.05,,
2026-09-07,715.0,90.38,6.25,12.0667,0.518,True,,0.0,0.359,0.372,0.4858,0.02,0.7667,1.0003,41.66,-0.0334,0,True,False,False,False,BRMS,NO_INVESTIGATION,False,0,5,0.0,26.76,,basic_materials,27,0.77,43.894999999999996,6,0.2222222222222222,2,0.07407407407407407,0.4444444444444444,6,18.89,0.16666666666666666,0.5,GOOD,0.345679012345679,0.4166666666666667,37.40740740740741,False,,NO_ACTIVITY_CONTEXT,False,NO_INVESTIGATION,False,,,0,0,0,0,0,0,0.0,26.76,,
2026-09-08,710.0,83.59,6.2937,11.2667,0.5586,True,,7.24,0.6221,0.5998,1.2295,13.24,0.5016,1.2268,5.56,-0.2555,1,True,False,False,False,BRMS,NO_INVESTIGATION,False,0,5,0.0,25.61,,basic_materials,27,21.11,72.91999999999999,10,0.37037037037037035,1,0.037037037037037035,0.37037037037037035,6,25.725,0.3333333333333333,0.3333333333333333,GOOD,0.23319615912208505,0.22222222222222224,22.880658436213995,True,22.880658436213995,MIXED_CONTEXT,True,NO_INVESTIGATION,False,,,0,0,0,0,0,0,0.0,25.61,,
2026-09-09,705.0,64.29,7.6923,10.737,0.7164,True,,0.0,0.6639,0.6461,0.731,3.71,0.8661,1.073,7.84,-0.2373,0,True,False,False,False,BRMS,NO_INVESTIGATION,False,0,5,0.0,17.41,,basic_materials,27,51.62,75.14,14,0.5185185185185185,4,0.14814814814814814,0.18518518518518517,6,81.235,0.8333333333333334,0.0,GOOD,0.08916323731138547,0.0,5.349794238683128,False,,NO_ACTIVITY_CONTEXT,False,NO_INVESTIGATION,False,,,0,0,0,0,0,0,0.0,17.41,,
2026-09-10,690.0,58.92,7.7465,10.137,0.7642,True,,0.0,0.6139,0.564,0.7226,0.0,0.7801,0.7856,20.03,-0.1398,0,True,False,False,False,BRMS,NO_INVESTIGATION,False,0,5,0.0,16.73,,basic_materials,27,23.38,67.435,12,0.4444444444444444,2,0.07407407407407407,0.2962962962962963,6,80.91499999999999,0.8333333333333334,0.16666666666666666,GOOD,0.1646090534979424,0.02777777777777777,10.987654320987653,False,,NO_ACTIVITY_CONTEXT,False,NO_INVESTIGATION,False,,,0,0,0,0,0,0,0.0,16.73,,
2026-09-11,675.0,27.72,9.9291,10.137,0.9795,True,,0.0,0.8333,0.8334,0.8948,2.26,0.8684,1.0426,73.79,0.1253,0,False,False,False,False,BRMS,NO_INVESTIGATION,False,0,5,0.0,14.65,,basic_materials,27,18.62,50.334999999999994,7,0.25925925925925924,0,0.0,0.2962962962962963,6,50.334999999999994,0.5,0.0,GOOD,0.21947873799725648,0.0,13.16872427983539,False,,NO_ACTIVITY_CONTEXT,False,NO_INVESTIGATION,False,,,0,0,0,0,0,0,0.0,14.65,,
2026-09-14,730.0,17.84,10.6383,10.137,1.0495,True,,82.14,2.2567,2.3588,1.5179,59.7,1.3856,1.4141,98.71,0.2914,3,False,True,True,False,BRMS,NO_INVESTIGATION,False,0,5,0.0,47.93,,basic_materials,27,26.07,74.15,11,0.4074074074074074,0,0.0,0.8148148148148148,6,78.945,0.8333333333333334,0.5,GOOD,0.48285322359396426,0.08333333333333331,32.304526748971185,True,32.304526748971185,PEER_CLUSTERED_ACTIVITY,False,NO_INVESTIGATION,False,,,0,0,0,0,0,0,0.0,47.93,,
2026-09-15,735.0,7.37,12.0567,10.4561,1.1531,True,,62.49,1.6583,1.6814,1.5611,0.0,0.957,0.9372,93.56,0.2571,3,False,True,True,False,BRMS,NO_INVESTIGATION,False,0,5,0.0,29.95,,basic_materials,27,0.0,11.379999999999999,4,0.14814814814814814,0,0.0,0.8888888888888888,6,1.4549999999999998,0.16666666666666666,0.8333333333333334,GOOD,0.757201646090535,0.6944444444444445,73.20987654320987,True,73.20987654320987,STOCK_SPECIFIC_ACTIVITY,False,NO_INVESTIGATION,False,,,0,0,0,0,0,0,0.0,29.95,,
2026-09-16,730.0,5.18,13.0137,10.9191,1.1918,True,,30.93,1.3526,1.3541,1.2274,35.43,1.0622,1.5653,98.16,0.2877,3,False,False,True,False,BRMS,NO_INVESTIGATION,False,0,5,0.0,25.7,,basic_materials,27,0.0,19.835,2,0.07407407407407407,0,0.0,0.8518518518518519,6,28.575000000000003,0.3333333333333333,0.5,GOOD,0.7887517146776406,0.33333333333333337,60.65843621399176,True,60.65843621399176,MIXED_CONTEXT,False,NO_INVESTIGATION,False,,,0,0,0,0,0,0,0.0,25.7,,
2026-09-17,735.0,5.18,13.0137,10.9191,1.1918,True,,0.0,0.776,0.7877,0.8034,0.1,0.9311,1.0019,49.43,-0.0023,0,False,False,False,False,BRMS,NO_INVESTIGATION,False,0,5,0.0,6.25,,basic_materials,27,0.0,8.625,3,0.1111111111111111,0,0.0,0.6666666666666666,6,0.0,0.3333333333333333,0.6666666666666666,GOOD,0.5925925925925926,0.4444444444444445,53.333333333333336,False,,NO_ACTIVITY_CONTEXT,False,NO_INVESTIGATION,False,,,0,0,0,0,0,0,0.0,6.25,,
2026-09-18,720.0,51.93,8.9041,10.9858,0.8105,True,,66.84,2.7638,2.837,0.7714,100.0,3.4535,2.2682,70.25,0.1016,2,False,True,True,False,BRMS,NO_INVESTIGATION,False,0,5,0.0,55.06,,basic_materials,27,48.09,72.95,12,0.4444444444444444,1,0.037037037037037035,0.7037037037037037,6,15.085,0.16666666666666666,0.8333333333333334,GOOD,0.3909465020576132,0.6944444444444445,51.23456790123457,True,51.23456790123457,MIXED_CONTEXT,True,NO_INVESTIGATION,False,,,0,0,0,0,0,0,0.0,55.06,,
2026-09-21,690.0,56.18,8.2192,10.4561,0.7861,True,,0.0,0.5075,0.5326,0.7672,9.65,0.7083,1.192,50.03,0.0001,0,True,False,False,False,BRMS,NO_INVESTIGATION,False,0,5,0.0,20.5,,basic_materials,27,0.0,3.005,2,0.07407407407407407,0,0.0,0.7037037037037037,6,0.0,0.16666666666666666,0.6666666666666666,GOOD,0.6515775034293553,0.5555555555555556,61.31687242798354,False,,NO_ACTIVITY_CONTEXT,False,NO_INVESTIGATION,False,,,0,0,0,0,0,0,0.0,20.5,,
2026-09-22,665.0,0.0,13.1944,10.137,1.3016,True,,5.45,0.7675,0.8511,1.17,0.0,0.6839,0.8907,52.63,0.0132,0,False,False,False,False,BRMS,NO_INVESTIGATION,False,0,5,0.0,6.9,,basic_materials,27,2.89,15.330000000000002,4,0.14814814814814814,0,0.0,0.5925925925925926,6,0.12,0.16666666666666666,0.6666666666666666,GOOD,0.50480109739369,0.5555555555555556,52.510288065843625,False,,NO_ACTIVITY_CONTEXT,False,NO_INVESTIGATION,False,,,0,0,0,0,0,0,0.0,6.9,,
2026-09-23,695.0,0.0,12.9496,10.137,1.2775,True,,0.0,0.541,0.5744,0.5949,11.52,0.8986,1.2313,72.75,0.1183,0,False,False,False,False,BRMS,NO_INVESTIGATION,False,0,5,0.0,9.0,,basic_materials,27,0.0,4.3549999999999995,2,0.07407407407407407,0,0.0,0.6296296296296297,6,0.0,0.16666666666666666,0.8333333333333334,GOOD,0.5829903978052127,0.6944444444444445,62.75720164609054,False,,NO_ACTIVITY_CONTEXT,False,NO_INVESTIGATION,False,,,0,0,0,0,0,0,0.0,9.0,,
2026-09-24,680.0,0.0,13.0435,10.137,1.2867,True,,0.0,0.5513,0.5659,0.4265,60.74,1.268,1.8008,59.24,0.0462,0,False,False,False,False,BRMS,NO_INVESTIGATION,False,0,5,0.0,15.04,,basic_materials,27,0.0,0.0,2,0.07407407407407407,0,0.0,0.8148148148148148,6,0.0,0.16666666666666666,0.8333333333333334,GOOD,0.7544581618655692,0.6944444444444445,73.04526748971195,False,,NO_ACTIVITY_CONTEXT,False,NO_INVESTIGATION,False,,,0,0,0,0,0,0,0.0,15.04,,
2026-09-25,660.0,22.51,10.2941,10.137,1.0155,True,,0.0,0.5264,0.5446,0.5548,0.0,0.8844,0.7399,24.55,-0.1036,0,False,False,False,False,BRMS,NO_INVESTIGATION,False,0,5,0.0,8.08,,basic_materials,27,0.0,0.0,1,0.037037037037037035,0,0.0,0.7777777777777778,6,0.0,0.0,0.8333333333333334,GOOD,0.7489711934156379,0.8333333333333334,78.27160493827161,False,,NO_ACTIVITY_CONTEXT,False,NO_INVESTIGATION,False,,,0,0,0,0,0,0,0.0,8.08,,
2026-09-28,620.0,4.21,12.0301,10.137,1.1868,True,,0.0,0.6165,0.665,0.7533,0.0,0.7328,0.4109,39.47,-0.0421,0,False,False,False,False,BRMS,NO_INVESTIGATION,False,0,5,0.0,5.0,,basic_materials,27,0.0,4.0649999999999995,1,0.037037037037037035,0,0.0,0.5555555555555556,6,0.39,0.0,0.5,GOOD,0.5349794238683128,0.5,52.09876543209877,False,,NO_ACTIVITY_CONTEXT,False,NO_INVESTIGATION,False,,,0,0,0,0,0,0,0.0,5.0,,
2026-09-29,595.0,0.0,17.4242,10.137,1.7189,True,,33.26,1.3649,1.6086,0.9877,33.35,1.2433,1.2304,74.63,0.1309,2,False,False,True,False,BRMS,NO_INVESTIGATION,False,0,5,0.0,22.44,,basic_materials,27,13.22,41.695,3,0.1111111111111111,0,0.0,0.7037037037037037,6,6.61,0.0,0.8333333333333334,GOOD,0.625514403292181,0.8333333333333334,70.86419753086419,True,70.86419753086419,STOCK_SPECIFIC_ACTIVITY,False,NO_INVESTIGATION,False,,,0,0,0,0,0,0,0.0,22.44,,
2026-06-12,610.0,0.0,16.3793,10.1583,1.6124,True,,1.54,0.9784,1.0487,0.6092,33.36,1.422,1.0797,9.94,-0.2205,0,False,False,False,False,BSDE,NO_INVESTIGATION,False,0,5,0.0,6.46,,property,27,7.79,25.415,4,0.14814814814814814,0,0.0,0.4444444444444444,1,0.0,0.0,1.0,THIN,0.3786008230452675,1.0,37.86008230452675,False,,NO_ACTIVITY_CONTEXT,False,NO_INVESTIGATION,False,,,0,0,0,0,0,0,0.0,6.46,,
2026-06-15,620.0,0.0,16.8067,11.2782,1.4902,True,,63.38,1.827,1.7717,1.2726,25.36,1.2935,1.1133,0.0,-0.527,3,False,True,True,False,BSDE,NO_INVESTIGATION,False,0,5,0.0,22.82,,property,27,42.94,64.585,13,0.48148148148148145,0,0.0,0.7037037037037037,1,97.87,1.0,0.0,THIN,0.364883401920439,0.0,36.4883401920439,True,36.4883401920439,MIXED_CONTEXT,False,NO_INVESTIGATION,False,,,0,0,0,0,0,0,0.0,22.82,,
2026-06-17,610.0,42.32,11.4754,13.0947,0.8763,True,,0.0,0.7801,0.7863,0.8494,0.0,0.7935,0.9295,0.0,-0.5296,0,False,False,False,False,BSDE,NO_INVESTIGATION,False,0,5,0.0,10.58,,property,27,0.0,18.119999999999997,4,0.14814814814814814,0,0.0,0.5185185185185185,1,2.53,0.0,0.0,THIN,0.44170096021947874,0.0,44.17009602194788,False,,NO_ACTIVITY_CONTEXT,False,NO_INVESTIGATION,False,,,0,0,0,0,0,0,0.0,10.58,,
2026-06-18,595.0,59.4,9.8361,13.0947,0.7511,True,,0.0,0.3967,0.4121,0.4407,2.61,0.8008,1.049,0.0,-0.529,0,True,False,False,False,BSDE,NO_INVESTIGATION,False,0,5,0.0,15.24,,property,27,0.0,2.745,1,0.037037037037037035,0,0.0,0.7037037037037037,1,89.67,1.0,0.0,THIN,0.6776406035665296,0.0,67.76406035665296,False,,NO_ACTIVITY_CONTEXT,False,NO_INVESTIGATION,False,,,0,0,0,0,0,0,0.0,15.24,,
2026-06-19,555.0,24.46,13.1148,13.0947,1.0015,True,,88.74,4.6192,4.9496,1.5945,61.17,2.7455,1.0203,0.0,-0.4938,3,False,True,True,False,BSDE,NO_INVESTIGATION,False,0,5,0.0,41.91,,property,27,66.7,70.0,17,0.6296296296296297,6,0.2222222222222222,1.0,1,70.0,1.0,1.0,THIN,0.37037037037037035,0.0,37.03703703703704,True,37.03703703703704,MARKET_WIDE_ACTIVITY,False,NO_INVESTIGATION,False,,,0,0,0,0,0,0,0.0,41.91,,
2026-06-22,565.0,26.71,13.4454,13.637,0.9859,True,,27.23,1.2899,1.4005,1.0892,7.28,1.1149,0.9621,0.0,-0.3868,2,False,False,True,False,BSDE,NO_INVESTIGATION,False,0,5,0.0,15.94,,property,27,0.0,14.54,1,0.037037037037037035,0,0.0,0.8518518518518519,1,67.3,1.0,0.0,THIN,0.8203017832647462,0.0,82.03017832647463,True,82.03017832647463,STOCK_SPECIFIC_ACTIVITY,False,NO_INVESTIGATION,False,,,0,0,0,0,0,0,0.0,15.94,,
2026-06-23,580.0,24.76,13.7931,13.8023,0.9993,True,,1.11,1.0011,1.0341,0.8243,29.57,1.0624,1.3863,0.0,-0.3914,0,False,False,False,False,BSDE,NO_INVESTIGATION,False,0,5,0.0,10.96,,property,27,0.0,0.0,1,0.037037037037037035,0,0.0,0.8518518518518519,1,41.1,0.0,0.0,THIN,0.8203017832647462,0.0,82.03017832647463,False,,NO_ACTIVITY_CONTEXT,False,NO_INVESTIGATION,False,,,0,0,0,0,0,0,0.0,10.96,,
2026-06-24,555.0,68.22,9.7345,13.9762,0.6965,True,,0.0,0.5942,0.6047,0.6046,17.01,0.8847,1.2465,0.0,-0.405,0,True,False,False,False,BSDE,NO_INVESTIGATION,False,0,5,0.0,19.61,,property,27,0.0,10.780000000000001,1,0.037037037037037035,0,0.0,0.6296296296296297,1,0.0,0.0,1.0,THIN,0.6063100137174212,1.0,60.63100137174212,False,,NO_ACTIVITY_CONTEXT,False,NO_INVESTIGATION,False,,,0,0,0,0,0,0,0.0,19.61,,
2026-06-25,570.0,91.62,7.0796,13.9762,0.5066,True,,0.0,0.6359,0.6646,0.4689,22.82,1.3205,1.0031,0.0,-0.4747,0,True,False,False,False,BSDE,NO_INVESTIGATION,False,0,5,0.0,26.33,,property,27,0.0,12.219999999999999,5,0.18518518518518517,1,0.037037037037037035,0.5185185185185185,1,49.36,0.0,0.0,THIN,0.4224965706447188,0.0,42.249657064471876,False,,NO_ACTIVITY_CONTEXT,False,NO_INVESTIGATION,False,,,0,0,0,0,0,0,0.0,26.33,,
2026-06-26,555.0,93.72,6.1947,13.9762,0.4432,True,,0.0,0.458,0.4874,0.429,14.6,0.9886,1.2027,0.0,-0.4977,0,True,False,False,False,BSDE,NO_INVESTIGATION,False,0,5,0.0,25.62,,property,27,0.0,0.0,1,0.037037037037037035,0,0.0,0.8148148148148148,1,0.0,0.0,1.0,THIN,0.7846364883401921,1.0,78.46364883401921,False,,NO_ACTIVITY_CONTEXT,False,NO_INVESTIGATION,False,,,0,0,0,0,0,0,0.0,25.62,,
2026-06-29,570.0,93.8,6.1404,13.9762,0.4393,True,,0.0,0.3977,0.3998,0.5421,29.35,0.6575,1.4617,25.0,-0.1,0,True,False,False,False,BSDE,NO_INVESTIGATION,False,0,5,0.0,30.35,,property,27,0.0,0.0,1,0.037037037037037035,0,0.0,0.9629629629629629,1,0.0,0.0,1.0,THIN,0.9272976680384087,1.0,92.72976680384087,False,,NO_ACTIVITY_CONTEXT,False,NO_INVESTIGATION,False,,,0,0,0,0,0,0,0.0,30.35,,
2026-06-30,545.0,82.56,8.1081,13.9762,0.5801,True,,39.57,1.3469,1.3975,1.4493,4.17,0.8651,1.0734,0.0,-0.5752,3,True,False,True,False,BSDE,NO_INVESTIGATION,False,0,5,0.0,33.14,,property,27,0.0,25.9,2,0.07407407407407407,0,0.0,0.8888888888888888,1,0.0,0.0,1.0,THIN,0.8230452674897119,1.0,82.30452674897118,True,82.30452674897118,STOCK_SPECIFIC_ACTIVITY,True,NO_INVESTIGATION,False,,,0,0,0,0,0,0,0.0,33.14,,
2026-07-01,540.0,70.58,9.009,13.6192,0.6615,True,,25.18,1.3193,1.3974,0.9827,29.92,1.3,1.1225,0.0,-0.4822,2,True,False,True,False,BSDE,NO_INVESTIGATION,False,0,5,0.0,29.69,,property,27,0.0,0.0,1,0.037037037037037035,0,0.0,0.9629629629629629,1,0.0,0.0,1.0,THIN,0.9272976680384087,1.0,92.72976680384087,True,92.72976680384087,STOCK_SPECIFIC_ACTIVITY,True,NO_INVESTIGATION,False,,,0,0,0,0,0,0,0.0,29.69,,
2026-07-02,545.0,69.06,9.1743,13.6192,0.6736,True,,0.0,0.6508,0.6827,0.7676,31.42,0.8365,1.5093,0.0,-0.6444,0,True,False,False,False,BSDE,NO_INVESTIGATION,False,0,5,0.0,21.98,,property,27,0.0,0.0,1,0.037037037037037035,0,0.0,0.8888888888888888,1,0.0,0.0,1.0,THIN,0.8559670781893004,1.0,85.59670781893004,False,,NO_ACTIVITY_CONTEXT,False,NO_INVESTIGATION,False,,,0,0,0,0,0,0,0.0,21.98,,
2026-07-03,570.0,66.88,9.1743,13.2801,0.6908,True,,8.08,1.0938,1.1348,0.9387,39.73,1.109,1.5266,6.06,-0.2515,0,True,False,False,False,BSDE,NO_INVESTIGATION,False,0,5,0.0,25.71,,property,27,0.0,0.0,1,0.037037037037037035,0,0.0,0.8888888888888888,1,8.12,0.0,0.0,THIN,0.8559670781893004,0.0,85.59670781893004,False,,NO_ACTIVITY_CONTEXT,False,NO_INVESTIGATION,False,,,0,0,0,0,0,0,0.0,25.71,,
2026-07-06,555.0,60.91,9.1743,12.2951,0.7462,True,,6.54,0.6218,0.6621,1.1966,0.0,0.5115,0.9076,0.0,-0.6267,0,True,False,False,False,BSDE,NO_INVESTIGATION,False,0,5,0.0,17.19,,property,27,0.0,0.0,0,0.0,0,0.0,0.8888888888888888,1,0.95,0.0,1.0,THIN,0.8888888888888888,1.0,88.88888888888889,False,,NO_ACTIVITY_CONTEXT,False,NO_INVESTIGATION,False,,,0,0,0,0,0,0,0.0,17.19,,
2026-07-07,585.0,34.87,9.9099,10.6557,0.93,True,,14.07,1.1383,1.1823,1.0804,13.48,1.0371,1.1521,0.0,-0.5205,0,False,False,False,False,BSDE,NO_INVESTIGATION,False,0,5,0.0,14.96,,property,27,0.0,6.77,1,0.037037037037037035,1,0.037037037037037035,0.8888888888888888,1,83.73,1.0,0.0,THIN,0.8559670781893004,0.0,85.59670781893004,False,,NO_ACTIVITY_CONTEXT,False,NO_INVESTIGATION,False,,,0,0,0,0,0,0,0.0,14.96,,
2026-07-08,550.0,37.19,9.009,9.873,0.9125,True,,8.73,0.7617,0.8057,1.2583,0.0,0.5738,0.7803,0.0,-0.5917,1,False,False,False,False,BSDE,NO_INVESTIGATION,False,0,5,0.0,11.92,,property,27,0.0,0.02,0,0.0,0,0.0,0.9629629629629629,1,8.73,0.0,1.0,THIN,0.9629629629629629,1.0,96.29629629629629,True,96.29629629629629,STOCK_SPECIFIC_ACTIVITY,False,NO_INVESTIGATION,False,,,0,0,0,0,0,0,0.0,11.92,,
2026-07-09,550.0,63.34,7.2072,9.7853,0.7365,True,,0.0,0.691,0.7447,0.7179,6.56,0.8822,1.1138,0.0,-0.523,0,True,False,False,False,BSDE,NO_INVESTIGATION,False,0,5,0.0,16.82,,property,27,0.0,0.0,0,0.0,0,0.0,0.8148148148148148,1,42.73,0.0,0.0,THIN,0.8148148148148148,0.0,81.48148148148148,False,,NO_ACTIVITY_CONTEXT,False,NO_INVESTIGATION,False,,,0,0,0,0,0,0,0.0,16.82,,
2026-07-10,555.0,60.04,7.2072,9.4544,0.7623,True,,0.0,0.6882,0.7462,0.9176,0.0,0.6396,0.7138,0.0,-0.4443,0,True,False,False,False,BSDE,NO_INVESTIGATION,False,0,5,0.0,15.01,,property,27,0.0,0.0,0,0.0,0,0.0,0.7777777777777778,1,0.0,0.0,1.0,THIN,0.7777777777777778,1.0,77.77777777777779,False,,NO_ACTIVITY_CONTEXT,False,NO_INVESTIGATION,False,,,0,0,0,0,0,0,0.0,15.01,,
2026-07-13,555.0,42.61,8.1081,9.1743,0.8838,True,,43.52,1.6361,1.7457,0.9442,55.25,1.3682,1.5311,10.23,-0.2181,2,False,False,True,False,BSDE,NO_INVESTIGATION,False,0,5,0.0,33.02,,property,27,0.0,0.0,2,0.07407407407407407,0,0.0,0.8888888888888888,1,0.0,0.0,1.0,THIN,0.8230452674897119,1.0,82.30452674897118,True,82.30452674897118,STOCK_SPECIFIC_ACTIVITY,True,NO_INVESTIGATION,False,,,0,0,0,0,0,0,0.0,33.02,,
2026-07-14,565.0,43.92,8.1081,9.1743,0.8838,True,,0.55,0.8805,0.9167,1.0171,8.2,0.6835,1.1485,8.63,-0.2309,0,False,False,False,False,BSDE,NO_INVESTIGATION,False,0,5,0.0,13.24,,property,27,4.74,24.61,6,0.2222222222222222,0,0.0,0.48148148148148145,1,0.0,0.0,1.0,THIN,0.3744855967078189,1.0,37.44855967078189,False,,NO_ACTIVITY_CONTEXT,False,NO_INVESTIGATION,False,,,0,0,0,0,0,0,0.0,13.24,,
2026-07-15,555.0,77.5,6.3063,9.0917,0.6936,True,,26.32,1.2636,1.2744,1.2289,0.0,0.8031,0.7786,13.43,-0.1926,3,True,False,True,False,BSDE,NO_INVESTIGATION,False,0,5,0.0,28.61,,property,27,3.06,20.625,3,0.1111111111111111,2,0.07407407407407407,0.8518518518518519,1,0.0,0.0,1.0,THIN,0.757201646090535,1.0,75.7201646090535,True,75.7201646090535,STOCK_SPECIFIC_ACTIVITY,True,NO_INVESTIGATION,False,,,0,0,0,0,0,0,0.0,28.61,,
2026-07-16,570.0,77.76,6.3063,9.009,0.7,True,,2.3,0.9294,0.9162,1.0697,0.0,0.6787,0.5108,35.2,-0.0592,0,True,False,False,False,BSDE,NO_INVESTIGATION,False,0,5,0.0,23.65,,property,27,2.62,37.715,5,0.18518518518518517,2,0.07407407407407407,0.48148148148148145,1,2.62,0.0,0.0,THIN,0.39231824417009603,0.0,39.231824417009605,False,,NO_ACTIVITY_CONTEXT,False,NO_INVESTIGATION,False,,,0,0,0,0,0,0,0.0,23.65,,
2026-07-17,575.0,36.32,7.9646,8.5586,0.9306,True,,52.62,1.6363,1.5936,1.2425,0.02,1.0003,0.5848,6.4,-0.2488,3,False,True,True,False,BSDE,NO_INVESTIGATION,False,0,5,0.0,25.51,,property,27,10.93,54.2,8,0.2962962962962963,2,0.07407407407407407,0.7407407407407407,1,30.55,0.0,1.0,THIN,0.5212620027434842,1.0,52.12620027434842,True,52.12620027434842,MIXED_CONTEXT,False,NO_INVESTIGATION,False,,,0,0,0,0,0,0,0.0,25.51,,
2026-07-20,580.0,48.64,7.0175,8.1081,0.8655,True,,34.29,1.3261,1.272,1.335,0.0,0.7573,0.9138,0.0,-0.5832,3,False,False,True,False,BSDE,NO_INVESTIGATION,False,0,5,0.0,22.45,,property,27,31.73,51.675,7,0.25925925925925924,2,0.07407407407407407,0.5555555555555556,1,0.0,0.0,1.0,THIN,0.411522633744856,1.0,41.1522633744856,True,41.1522633744856,MIXED_CONTEXT,True,NO_INVESTIGATION,False,,,0,0,0,0,0,0,0.0,22.45,,
2026-07-21,590.0,30.87,7.8261,8.1081,0.9652,True,,67.76,1.9371,1.845,1.2592,12.6,1.1881,0.787,0.0,-0.5527,3,False,True,True,False,BSDE,NO_INVESTIGATION,False,0,5,0.0,29.94,,property,27,21.74,66.245,9,0.3333333333333333,5,0.18518518518518517,0.7777777777777778,1,0.0,0.0,1.0,THIN,0.5185185185185186,1.0,51.85185185185186,True,51.85185185185186,MIXED_CONTEXT,False,NO_INVESTIGATION,False,,,0,0,0,0,0,0,0.0,29.94,,
2026-07-22,585.0,13.02,8.6207,8.0364,1.0727,True,,36.0,1.3272,1.2544,1.4009,0.0,0.7259,0.6157,15.49,-0.1761,3,False,False,True,False,BSDE,NO_INVESTIGATION,False,0,5,0.0,15.6,,property,27,44.55,85.55000000000001,13,0.48148148148148145,3,0.1111111111111111,0.4444444444444444,1,4.35,0.0,1.0,THIN,0.23045267489711938,1.0,23.045267489711936,True,23.045267489711936,MIXED_CONTEXT,False,NO_INVESTIGATION,False,,,0,0,0,0,0,0,0.0,15.6,,
2026-07-23,595.0,3.74,9.4017,8.0364,1.1699,True,,60.48,1.6342,1.5229,1.4478,1.44,1.0216,0.9667,5.7,-0.2544,3,False,True,True,False,BSDE,NO_INVESTIGATION,False,0,5,0.0,19.86,,property,27,50.68,81.85,14,0.5185185185185185,2,0.07407407407407407,0.5555555555555556,1,81.11,1.0,0.0,THIN,0.2674897119341564,0.0,26.74897119341564,True,26.74897119341564,MARKET_WIDE_ACTIVITY,False,NO_INVESTIGATION,False,,,0,0,0,0,0,0,0.0,19.86,,
2026-07-24,575.0,53.16,6.8376,8.1081,0.8433,True,,1.25,0.5802,0.5743,1.0346,0.0,0.5635,0.584,7.04,-0.2437,0,False,False,False,False,BSDE,NO_INVESTIGATION,False,0,5,0.0,14.37,,property,27,11.43,44.915,6,0.2222222222222222,1,0.037037037037037035,0.37037037037037035,1,6.8,0.0,0.0,THIN,0.28806584362139914,0.0,28.806584362139915,False,,NO_ACTIVITY_CONTEXT,False,NO_INVESTIGATION,False,,,0,0,0,0,0,0,0.0,14.37,,
2026-07-27,565.0,0.0,10.2564,8.1081,1.265,True,,0.0,0.694,0.7041,0.8546,0.0,0.8725,0.8222,9.18,-0.2266,0,False,False,False,False,BSDE,NO_INVESTIGATION,False,0,5,0.0,0.92,,property,27,0.0,14.01,1,0.037037037037037035,0,0.0,0.5925925925925926,1,0.0,0.0,1.0,THIN,0.5706447187928669,1.0,57.06447187928669,False,,NO_ACTIVITY_CONTEXT,False,NO_INVESTIGATION,False,,,0,0,0,0,0,0,0.0,0.92,,
2026-07-28,560.0,0.0,10.4348,8.1081,1.287,True,,0.0,0.4106,0.4201,0.6267,0.0,0.7039,0.5589,46.24,-0.0151,0,False,False,False,False,BSDE,NO_INVESTIGATION,False,0,5,0.0,4.62,,property,27,0.0,4.82,1,0.037037037037037035,1,0.037037037037037035,0.6296296296296297,1,0.0,0.0,1.0,THIN,0.6063100137174212,1.0,60.63100137174212,False,,NO_ACTIVITY_CONTEXT,False,NO_INVESTIGATION,False,,,0,0,0,0,0,0,0.0,4.62,,
2026-07-29,565.0,0.0,10.6195,8.3644,1.2696,True,,0.0,0.6575,0.6612,0.6916,8.94,1.021,1.1755,0.0,-0.3104,0,False,False,False,False,BSDE,NO_INVESTIGATION,False,0,5,0.0,1.34,,property,27,2.68,28.005,3,0.1111111111111111,1,0.037037037037037035,0.48148148148148145,1,0.0,0.0,1.0,THIN,0.42798353909465014,1.0,42.798353909465014,False,,NO_ACTIVITY_CONTEXT,False,NO_INVESTIGATION,False,,,0,0,0,0,0,0,0.0,1.34,,
2026-07-30,580.0,51.98,7.0796,8.3644,0.8464,True,,0.0,0.8998,0.866,0.5972,42.92,1.408,1.2936,63.13,0.0657,0,False,False,False,False,BSDE,NO_INVESTIGATION,False,0,5,0.0,25.75,,property,27,0.45,16.86,2,0.07407407407407407,0,0.0,0.48148148148148145,1,0.0,0.0,1.0,THIN,0.4458161865569273,1.0,44.58161865569273,False,,NO_ACTIVITY_CONTEXT,False,NO_INVESTIGATION,False,,,0,0,0,0,0,0,0.0,25.75,,
2026-07-31,570.0,64.96,6.1947,8.1081,0.764,True,,21.37,1.2994,1.2574,0.8239,56.83,1.474,1.5468,10.99,-0.212,2,True,False,True,False,BSDE,NO_INVESTIGATION,False,0,5,0.0,32.27,,property,27,9.39,62.57,8,0.2962962962962963,3,0.1111111111111111,0.5925925925925926,1,0.0,0.0,1.0,THIN,0.4170096021947874,1.0,41.70096021947874,True,41.70096021947874,MIXED_CONTEXT,True,NO_INVESTIGATION,False,,,0,0,0,0,0,0,0.0,32.27,,
2026-08-03,565.0,63.74,6.1947,8.0364,0.7708,True,,11.62,1.1626,1.1416,0.9243,33.72,1.1755,1.4963,1.59,-0.2873,0,True,False,False,False,BSDE,NO_INVESTIGATION,False,0,5,0.0,24.64,,property,27,13.11,61.47,9,0.3333333333333333,1,0.037037037037037035,0.48148148148148145,1,0.0,0.0,1.0,THIN,0.3209876543209877,1.0,32.098765432098766,False,,NO_ACTIVITY_CONTEXT,False,NO_INVESTIGATION,False,,,0,0,0,0,0,0,0.0,24.64,,
2026-08-04,575.0,62.48,6.1404,7.8953,0.7777,True,,0.0,0.8573,0.8492,0.6688,34.82,1.3226,1.2491,6.65,-0.2468,0,True,False,False,False,BSDE,NO_INVESTIGATION,False,0,5,0.0,21.51,,property,27,10.55,26.145000000000003,5,0.18518518518518517,0,0.0,0.4074074074074074,1,0.79,0.0,0.0,THIN,0.3319615912208505,0.0,33.19615912208505,False,,NO_ACTIVITY_CONTEXT,False,NO_INVESTIGATION,False,,,0,0,0,0,0,0,0.0,21.51,,
2026-08-05,585.0,72.78,5.2174,7.5166,0.6941,True,,71.08,1.9672,1.8768,1.2731,36.59,1.4954,0.9917,0.0,-0.3417,3,True,True,True,True,BSDE,EMERGING,True,1,5,20.0,49.01,49.01,property,27,40.75,82.745,12,0.4444444444444444,1,0.037037037037037035,0.7037037037037037,1,67.31,1.0,1.0,THIN,0.3909465020576132,0.0,39.09465020576132,True,39.09465020576132,MIXED_CONTEXT,True,EMERGING,True,BSDE-20260805-01,2026-08-05,1,1,1,1,1,0,20.0,49.01,49.01,
2026-08-06,605.0,10.94,7.8261,7.2072,1.0859,True,,67.24,1.8762,1.7661,1.2437,34.73,1.4406,0.8095,14.19,-0.1864,3,False,True,True,False,BSDE,WEAKENING,True,1,5,20.0,33.54,33.54,property,27,18.02,56.93,10,0.37037037037037035,0,0.0,0.8888888888888888,1,18.02,0.0,1.0,THIN,0.5596707818930041,1.0,55.96707818930041,True,55.96707818930041,MIXED_CONTEXT,False,WEAKENING,True,BSDE-20260805-01,2026-08-05,2,1,1,1,1,1,20.0,33.54,33.54,
2026-08-07,600.0,21.12,7.6923,7.5166,1.0234,True,,29.61,1.4138,1.3267,1.042,37.26,1.434,1.1033,64.15,0.0708,2,False,False,True,False,BSDE,WEAKENING,True,1,5,20.0,30.17,30.17,property,27,0.0,28.735,4,0.14814814814814814,0,0.0,0.7777777777777778,1,15.5,0.0,1.0,THIN,0.6625514403292181,1.0,66.2551440329218,True,66.2551440329218,STOCK_SPECIFIC_ACTIVITY,False,CLOSED,False,BSDE-20260805-01,2026-08-05,3,1,1,1,1,2,20.0,30.17,,TWO_UNSUPPORTED_SESSIONS
2026-08-10,595.0,28.95,7.563,7.7592,0.9747,True,,5.95,1.1069,1.0473,0.859,21.05,1.2765,1.0452,0.0,-0.4198,0,False,False,False,False,BSDE,WEAKENING,True,1,5,20.0,16.18,16.18,property,27,12.47,68.595,8,0.2962962962962963,3,0.1111111111111111,0.4074074074074074,1,62.6,1.0,0.0,THIN,0.28669410150891633,0.0,28.669410150891633,False,,NO_ACTIVITY_CONTEXT,False,NO_INVESTIGATION,False,,,0,0,0,0,0,0,0.0,12.18,,
2026-08-11,585.0,62.36,5.8824,7.6277,0.7712,True,,0.0,0.6306,0.611,0.665,12.07,0.9393,1.2509,0.0,-0.3458,0,True,False,False,False,BSDE,WEAKENING,True,1,5,20.0,21.4,21.4,property,27,2.88,13.344999999999999,2,0.07407407407407407,0,0.0,0.37037037037037035,1,2.88,0.0,0.0,THIN,0.34293552812071326,0.0,34.293552812071326,False,,NO_ACTIVITY_CONTEXT,False,NO_INVESTIGATION,False,,,0,0,0,0,0,0,0.0,17.4,,
2026-08-12,595.0,74.25,5.042,7.3213,0.6887,True,,0.0,0.3311,0.318,0.3255,28.52,1.0076,1.5941,13.2,-0.1944,0,True,False,False,False,BSDE,NO_INVESTIGATION,False,0,5,0.0,24.16,,property,27,0.0,9.42,1,0.037037037037037035,0,0.0,0.5185185185185185,1,0.0,0.0,1.0,THIN,0.4993141289437586,1.0,49.93141289437586,False,,NO_ACTIVITY_CONTEXT,False,NO_INVESTIGATION,False,,,0,0,0,0,0,0,0.0,24.16,,
2026-08-13,585.0,73.54,5.042,7.3213,0.6887,True,,0.0,0.3953,0.3846,0.4271,18.68,0.9049,1.3745,0.0,-0.301,0,True,False,False,False,BSDE,NO_INVESTIGATION,False,0,5,0.0,21.19,,property,27,0.0,3.51,1,0.037037037037037035,0,0.0,0.5925925925925926,1,0.0,0.0,1.0,THIN,0.5706447187928669,1.0,57.06447187928669,False,,NO_ACTIVITY_CONTEXT,False,NO_INVESTIGATION,False,,,0,0,0,0,0,0,0.0,21.19,,
2026-08-14,595.0,73.21,5.042,7.3213,0.6887,True,,0.0,0.3052,0.2979,0.3524,2.32,0.9026,1.0491,17.97,-0.1563,0,True,False,False,False,BSDE,NO_INVESTIGATION,False,0,5,0.0,20.45,,property,27,0.0,1.06,2,0.07407407407407407,0,0.0,0.7037037037037037,1,0.0,0.0,1.0,THIN,0.6515775034293553,1.0,65.15775034293553,False,,NO_ACTIVITY_CONTEXT,False,NO_INVESTIGATION,False,,,0,0,0,0,0,0,0.0,20.45,,
2026-08-18,610.0,13.48,7.563,7.0486,1.073,True,,93.04,3.7772,3.5323,1.8077,58.05,1.9874,0.8002,4.43,-0.2645,3,False,True,True,False,BSDE,NO_INVESTIGATION,False,0,5,0.0,40.43,,property,27,2.79,22.799999999999997,4,0.14814814814814814,1,0.037037037037037035,0.9629629629629629,1,46.52,0.0,1.0,THIN,0.8203017832647462,1.0,82.03017832647463,True,82.03017832647463,STOCK_SPECIFIC_ACTIVITY,False,NO_INVESTIGATION,False,,,0,0,0,0,0,0,0.0,40.43,,
2026-08-19,650.0,0.0,21.0084,7.3213,2.8695,True,,100.0,13.3093,11.3393,9.5348,20.77,1.293,0.4376,24.3,-0.1056,3,False,True,True,False,BSDE,NO_INVESTIGATION,False,0,5,0.0,35.55,,property,27,0.0,27.994999999999997,6,0.2222222222222222,0,0.0,1.0,1,94.52,1.0,1.0,THIN,0.7777777777777778,0.0,77.77777777777779,True,77.77777777777779,STOCK_SPECIFIC_ACTIVITY,False,NO_INVESTIGATION,False,,,0,0,0,0,0,0,0.0,35.55,,
2026-08-20,645.0,0.0,20.4918,7.3213,2.7989,True,,87.58,2.309,2.0296,2.1096,0.95,1.0138,0.5661,28.06,-0.0878,3,False,True,True,False,BSDE,NO_INVESTIGATION,False,0,5,0.0,29.22,,property,27,10.87,68.375,9,0.3333333333333333,1,0.037037037037037035,0.8888888888888888,1,0.0,0.0,1.0,THIN,0.5925925925925927,1.0,59.25925925925927,True,59.25925925925927,MIXED_CONTEXT,False,NO_INVESTIGATION,False,,,0,0,0,0,0,0,0.0,29.22,,
2026-08-21,635.0,0.0,19.685,7.3213,2.6887,True,,29.51,1.216,1.0793,1.6253,0.0,0.6851,0.9158,45.42,-0.0183,2,False,False,True,False,BSDE,NO_INVESTIGATION,False,0,5,0.0,13.39,,property,27,0.0,22.455,3,0.1111111111111111,1,0.037037037037037035,0.8148148148148148,1,0.0,0.0,1.0,THIN,0.7242798353909464,1.0,72.42798353909464,True,72.42798353909464,STOCK_SPECIFIC_ACTIVITY,False,NO_INVESTIGATION,False,,,0,0,0,0,0,0,0.0,13.39,,
2026-08-24,635.0,0.0,18.1102,7.3213,2.4736,True,,76.35,1.9157,1.7508,1.9505,0.0,0.9077,0.4634,22.06,-0.1235,3,False,True,True,False,BSDE,NO_INVESTIGATION,False,0,5,0.0,25.11,,property,27,6.91,39.585,6,0.2222222222222222,0,0.0,0.8518518518518519,1,0.0,0.0,1.0,THIN,0.6625514403292181,1.0,66.2551440329218,True,66.2551440329218,STOCK_SPECIFIC_ACTIVITY,False,NO_INVESTIGATION,False,,,0,0,0,0,0,0,0.0,25.11,,
2026-08-26,625.0,0.0,13.3858,7.563,1.7699,True,,58.83,1.5318,1.4635,2.0693,0.0,0.793,0.704,0.0,-0.3548,3,False,True,True,False,BSDE,NO_INVESTIGATION,False,0,5,0.0,17.65,,property,27,50.01,74.195,14,0.5185185185185185,1,0.037037037037037035,0.5555555555555556,1,67.31,1.0,0.0,THIN,0.2674897119341564,0.0,26.74897119341564,True,26.74897119341564,MARKET_WIDE_ACTIVITY,False,NO_INVESTIGATION,False,,,0,0,0,0,0,0,0.0,17.65,,
2026-08-27,645.0,33.6,7.0866,7.563,0.937,True,,14.43,0.9911,0.9322,1.4713,0.0,0.74,0.8975,26.86,-0.0925,1,False,False,False,False,BSDE,NO_INVESTIGATION,False,0,5,0.0,15.41,,property,27,0.0,54.835,8,0.2962962962962963,2,0.07407407407407407,0.6296296296296297,1,0.0,0.0,1.0,THIN,0.4430727023319616,1.0,44.307270233196164,True,44.307270233196164,MIXED_CONTEXT,False,NO_INVESTIGATION,False,,,0,0,0,0,0,0,0.0,15.41,,
2026-08-28,640.0,45.68,6.2992,7.3248,0.86,True,,59.68,1.7396,1.6148,1.5973,7.41,1.1032,0.8796,17.64,-0.1589,3,False,True,True,False,BSDE,NO_INVESTIGATION,False,0,5,0.0,32.2,,property,27,0.0,48.61,7,0.25925925925925924,2,0.07407407407407407,0.8518518518518519,1,8.82,0.0,1.0,THIN,0.6310013717421125,1.0,63.10013717421125,True,63.10013717421125,MIXED_CONTEXT,True,NO_INVESTIGATION,False,,,0,0,0,0,0,0,0.0,32.2,,
2026-08-31,650.0,44.68,6.25,7.0831,0.8824,True,,50.03,1.5963,1.4627,1.5252,0.0,0.939,0.8357,4.81,-0.2615,3,False,True,True,False,BSDE,NO_INVESTIGATION,False,0,5,0.0,26.66,,property,27,69.98,80.765,17,0.6296296296296297,4,0.14814814814814814,0.4074074074074074,1,57.71,1.0,0.0,THIN,0.15089163237311384,0.0,15.089163237311384,True,15.089163237311384,MARKET_WIDE_ACTIVITY,True,NO_INVESTIGATION,False,,,0,0,0,0,0,0,0.0,26.66,,
2026-09-01,650.0,18.28,6.9767,6.6929,1.0424,True,,74.2,2.4375,2.2476,1.282,72.89,1.9153,1.3081,0.0,-0.3837,3,False,True,True,False,BSDE,NO_INVESTIGATION,False,0,5,0.0,37.76,,property,27,54.42,84.5,14,0.5185185185185185,2,0.07407407407407407,0.7037037037037037,1,0.0,0.0,1.0,THIN,0.3388203017832648,1.0,33.88203017832648,True,33.88203017832648,MARKET_WIDE_ACTIVITY,False,NO_INVESTIGATION,False,,,0,0,0,0,0,0,0.0,37.76,,
2026-09-02,655.0,10.21,7.6923,7.0317,1.094,True,,10.99,1.18,1.1159,0.9851,24.35,1.2999,0.0,50.0,0.0,0,False,False,False,False,BSDE,NO_INVESTIGATION,False,0,5,0.0,14.5,,property,27,17.97,62.275000000000006,8,0.2962962962962963,0,0.0,0.4074074074074074,1,0.0,0.0,1.0,THIN,0.28669410150891633,1.0,28.669410150891633,False,,NO_ACTIVITY_CONTEXT,False,NO_INVESTIGATION,False,,,0,0,0,0,0,0,0.0,14.5,,
2026-09-03,665.0,50.53,6.1538,7.3248,0.8401,True,,30.06,1.3819,1.3038,1.1484,24.73,1.3029,1.0418,0.0,-0.37,2,False,False,True,False,BSDE,NO_INVESTIGATION,False,0,5,0.0,25.36,,property,27,32.28,69.175,9,0.3333333333333333,1,0.037037037037037035,0.48148148148148145,1,82.35,1.0,0.0,THIN,0.3209876543209877,0.0,32.098765432098766,True,32.098765432098766,MIXED_CONTEXT,True,NO_INVESTIGATION,False,,,0,0,0,0,0,0,0.0,25.36,,
2026-09-04,670.0,18.47,7.6336,7.3248,1.0422,True,,24.26,1.3284,1.2124,1.1171,16.85,1.2403,0.9259,0.0,-0.4103,2,False,False,True,False,BSDE,NO_INVESTIGATION,False,0,5,0.0,14.42,,property,27,0.0,24.19,5,0.18518518518518517,1,0.037037037037037035,0.7777777777777778,1,57.3,1.0,0.0,THIN,0.6337448559670783,0.0,63.37448559670783,True,63.37448559670783,MIXED_CONTEXT,False,NO_INVESTIGATION,False,,,0,0,0,0,0,0,0.0,14.42,,
2026-09-07,655.0,55.79,6.1069,7.563,0.8075,True,,0.0,0.9686,0.9116,0.8489,9.7,1.1433,0.9266,87.38,0.2159,0,True,False,False,False,BSDE,NO_INVESTIGATION,False,0,5,0.0,24.14,,property,27,0.77,43.894999999999996,6,0.2222222222222222,2,0.07407407407407407,0.4444444444444444,1,0.0,0.0,1.0,THIN,0.345679012345679,1.0,34.5679012345679,False,,NO_ACTIVITY_CONTEXT,False,NO_INVESTIGATION,False,,,0,0,0,0,0,0,0.0,24.14,,
2026-09-08,660.0,53.37,6.0606,7.3248,0.8274,True,,0.0,0.6575,0.6341,0.5911,7.08,1.102,0.7217,21.17,-0.1307,0,False,False,False,False,BSDE,NO_INVESTIGATION,False,0,5,0.0,16.52,,property,27,21.11,72.91999999999999,10,0.37037037037037035,1,0.037037037037037035,0.25925925925925924,1,42.03,0.0,0.0,THIN,0.16323731138545952,0.0,16.323731138545952,False,,NO_ACTIVITY_CONTEXT,False,NO_INVESTIGATION,False,,,0,0,0,0,0,0,0.0,16.52,,
2026-09-09,645.0,66.08,5.303,7.0317,0.7542,True,,0.0,0.7712,0.7589,0.8404,0.0,0.9091,0.7561,0.0,-0.4802,0,True,False,False,False,BSDE,NO_INVESTIGATION,False,0,5,0.0,16.52,,property,27,51.62,75.14,14,0.5185185185185185,4,0.14814814814814814,0.18518518518518517,1,30.56,0.0,0.0,THIN,0.08916323731138547,0.0,8.916323731138547,False,,NO_ACTIVITY_CONTEXT,False,NO_INVESTIGATION,False,,,0,0,0,0,0,0,0.0,16.52,,
2026-09-10,635.0,19.36,6.8702,6.638,1.035,True,,0.0,0.5946,0.5941,0.7102,0.0,0.8751,0.3793,23.95,-0.1084,0,False,False,False,False,BSDE,NO_INVESTIGATION,False,0,5,0.0,7.23,,property,27,23.38,67.435,12,0.4444444444444444,2,0.07407407407407407,0.2962962962962963,1,0.0,0.0,1.0,THIN,0.1646090534979424,1.0,16.46090534979424,False,,NO_ACTIVITY_CONTEXT,False,NO_INVESTIGATION,False,,,0,0,0,0,0,0,0.0,7.23,,
2026-09-11,645.0,0.86,8.5271,6.9235,1.2316,True,,0.0,0.4548,0.4611,0.5813,0.0,0.8177,0.5861,42.78,-0.0289,0,False,False,False,False,BSDE,NO_INVESTIGATION,False,0,5,0.0,4.49,,property,27,18.62,50.334999999999994,7,0.25925925925925924,0,0.0,0.2962962962962963,1,9.17,0.0,0.0,THIN,0.21947873799725648,0.0,21.94787379972565,False,,NO_ACTIVITY_CONTEXT,False,NO_INVESTIGATION,False,,,0,0,0,0,0,0,0.0,4.49,,
2026-09-14,650.0,1.74,8.5271,7.0317,1.2127,True,,0.0,0.6053,0.6127,0.6812,2.32,0.9288,1.0499,43.86,-0.0245,0,False,False,False,False,BSDE,NO_INVESTIGATION,False,0,5,0.0,5.17,,property,27,26.07,74.15,11,0.4074074074074074,0,0.0,0.2222222222222222,1,7.93,0.0,0.0,THIN,0.1316872427983539,0.0,13.16872427983539,False,,NO_ACTIVITY_CONTEXT,False,NO_INVESTIGATION,False,,,0,0,0,0,0,0,0.0,5.17,,
2026-09-15,640.0,15.95,7.7519,7.3248,1.0583,True,,0.0,0.3249,0.3255,0.3982,12.98,0.8528,1.2621,13.11,-0.1951,0,False,False,False,False,BSDE,NO_INVESTIGATION,False,0,5,0.0,7.25,,property,27,0.0,11.379999999999999,4,0.14814814814814814,0,0.0,0.5185185185185185,1,0.0,0.0,1.0,THIN,0.44170096021947874,1.0,44.17009602194788,False,,NO_ACTIVITY_CONTEXT,False,NO_INVESTIGATION,False,,,0,0,0,0,0,0,0.0,7.25,,
2026-09-16,635.0,81.42,4.6875,7.5983,0.6169,True,,0.0,0.342,0.3451,0.4524,8.16,0.7901,1.1709,22.94,-0.1164,0,True,False,False,False,BSDE,NO_INVESTIGATION,False,0,5,0.0,23.87,,property,27,0.0,19.835,2,0.07407407407407407,0,0.0,0.5185185185185185,1,1.51,0.0,0.0,THIN,0.4801097393689986,0.0,48.01097393689986,False,,NO_ACTIVITY_CONTEXT,False,NO_INVESTIGATION,False,,,0,0,0,0,0,0,0.0,23.87,,
2026-09-17,640.0,79.87,4.6875,7.3601,0.6369,True,,0.0,0.3478,0.3511,0.421,1.94,0.8995,1.0404,33.02,-0.0679,0,True,False,False,False,BSDE,NO_INVESTIGATION,False,0,5,0.0,23.56,,property,27,0.0,8.625,3,0.1111111111111111,0,0.0,0.6666666666666666,1,12.33,0.0,0.0,THIN,0.5925925925925926,0.0,59.25925925925925,False,,NO_ACTIVITY_CONTEXT,False,NO_INVESTIGATION,False,,,0,0,0,0,0,0,0.0,23.56,,
2026-09-18,605.0,8.04,7.8125,7.0317,1.111,True,,70.0,10.3573,11.0079,0.9406,85.71,11.7988,1.4641,0.0,-0.4508,2,False,True,True,False,BSDE,NO_INVESTIGATION,False,0,5,0.0,35.87,,property,27,48.09,72.95,12,0.4444444444444444,1,0.037037037037037035,0.7407407407407407,1,97.77,1.0,0.0,THIN,0.411522633744856,0.0,41.1522633744856,True,41.1522633744856,MIXED_CONTEXT,False,NO_INVESTIGATION,False,,,0,0,0,0,0,0,0.0,35.87,,
2026-09-21,595.0,0.0,10.2362,7.0317,1.4557,True,,94.5,3.8375,4.0941,1.8081,65.35,2.3616,1.1026,56.96,0.0348,3,False,True,True,False,BSDE,NO_INVESTIGATION,False,0,5,0.0,43.85,,property,27,0.0,3.005,2,0.07407407407407407,0,0.0,1.0,1,37.08,0.0,1.0,THIN,0.9259259259259259,1.0,92.5925925925926,True,92.5925925925926,STOCK_SPECIFIC_ACTIVITY,False,NO_INVESTIGATION,False,,,0,0,0,0,0,0,0.0,43.85,,
2026-09-22,575.0,0.0,13.2231,7.0317,1.8805,True,,96.82,2.9064,3.245,2.0245,54.63,1.7346,1.1097,23.88,-0.109,3,False,True,True,False,BSDE,NO_INVESTIGATION,False,0,5,0.0,39.63,,property,27,2.89,15.330000000000002,4,0.14814814814814814,0,0.0,1.0,1,0.0,0.0,1.0,THIN,0.8518518518518519,1.0,85.18518518518519,True,85.18518518518519,STOCK_SPECIFIC_ACTIVITY,False,NO_INVESTIGATION,False,,,0,0,0,0,0,0,0.0,39.63,,
2026-09-23,585.0,0.0,14.2857,7.0317,2.0316,True,,33.69,1.4267,1.5952,0.8833,55.05,1.8193,1.0906,70.32,0.1021,2,False,False,True,False,BSDE,NO_INVESTIGATION,False,0,5,0.0,25.4,,property,27,0.0,4.3549999999999995,2,0.07407407407407407,0,0.0,0.9259259259259259,1,0.0,0.0,1.0,THIN,0.8573388203017833,1.0,85.73388203017834,True,85.73388203017834,STOCK_SPECIFIC_ACTIVITY,False,NO_INVESTIGATION,False,,,0,0,0,0,0,0,0.0,25.4,,
2026-09-24,570.0,0.0,14.5299,7.0317,2.0664,True,,0.0,0.7964,0.9117,0.8186,38.07,1.0896,1.5271,9.77,-0.2219,0,False,False,False,False,BSDE,NO_INVESTIGATION,False,0,5,0.0,6.69,,property,27,0.0,0.0,2,0.07407407407407407,0,0.0,0.8148148148148148,1,0.0,0.0,1.0,THIN,0.7544581618655692,1.0,75.44581618655693,False,,NO_ACTIVITY_CONTEXT,False,NO_INVESTIGATION,False,,,0,0,0,0,0,0,0.0,6.69,,
2026-09-25,560.0,0.0,10.4348,7.3052,1.4284,True,,0.0,0.813,0.9458,0.7039,49.44,1.2468,1.5901,0.0,-0.3359,0,False,False,False,False,BSDE,NO_INVESTIGATION,False,0,5,0.0,7.42,,property,27,0.0,0.0,1,0.037037037037037035,0,0.0,0.7777777777777778,1,0.0,0.0,1.0,THIN,0.7489711934156379,1.0,74.8971193415638,False,,NO_ACTIVITY_CONTEXT,False,NO_INVESTIGATION,False,,,0,0,0,0,0,0,0.0,7.42,,
2026-09-28,550.0,7.01,8.7719,7.6629,1.1447,True,,0.0,0.8741,0.9635,0.8697,3.96,0.9824,1.071,36.93,-0.0523,0,False,False,False,False,BSDE,NO_INVESTIGATION,False,0,5,0.0,6.04,,property,27,0.0,4.0649999999999995,1,0.037037037037037035,0,0.0,0.5555555555555556,1,1.49,0.0,0.0,THIN,0.5349794238683128,0.0,53.49794238683128,False,,NO_ACTIVITY_CONTEXT,False,NO_INVESTIGATION,False,,,0,0,0,0,0,0,0.0,6.04,,
2026-09-29,545.0,6.29,8.9286,7.7221,1.1562,True,,22.34,1.3047,1.3492,1.0175,15.3,1.2367,0.868,43.19,-0.0272,2,False,False,True,False,BSDE,NO_INVESTIGATION,False,0,5,0.0,14.89,,property,27,13.22,41.695,3,0.1111111111111111,0,0.0,0.6666666666666666,1,42.22,0.0,0.0,THIN,0.5925925925925926,0.0,59.25925925925925,True,59.25925925925925,MIXED_CONTEXT,False,NO_INVESTIGATION,False,,,0,0,0,0,0,0,0.0,14.89,,
2026-06-12,3300.0,28.81,9.2025,9.4796,0.9708,True,,0.0,0.429,0.5037,0.5294,0.0,0.7538,0.6807,10.92,-0.2126,0,False,False,False,False,CPIN,NO_INVESTIGATION,False,0,5,0.0,8.29,,consumer_non_cyclical,27,7.79,25.415,4,0.14814814814814814,0,0.0,0.4074074074074074,3,14.1,0.3333333333333333,0.0,GOOD,0.34705075445816186,0.0,20.82304526748971,False,,NO_ACTIVITY_CONTEXT,False,NO_INVESTIGATION,False,,,0,0,0,0,0,0,0.0,8.29,,
2026-06-15,3410.0,0.0,12.7273,9.6364,1.3208,True,,15.74,1.1664,1.3192,0.9697,8.76,1.119,0.9627,31.07,-0.0757,1,False,False,False,False,CPIN,NO_INVESTIGATION,False,0,5,0.0,9.14,,consumer_non_cyclical,27,42.94,64.585,13,0.48148148148148145,0,0.0,0.2962962962962963,3,51.3,0.6666666666666666,0.3333333333333333,GOOD,0.15363511659807957,0.11111111111111112,13.662551440329217,True,13.662551440329217,PEER_CLUSTERED_ACTIVITY,False,NO_INVESTIGATION,False,,,0,0,0,0,0,0,0.0,9.14,,
2026-06-17,3350.0,16.78,10.9091,10.3225,1.0568,True,,0.0,0.8228,0.8458,0.8641,2.38,0.9779,1.0493,12.0,-0.204,0,False,False,False,False,CPIN,NO_INVESTIGATION,False,0,5,0.0,5.75,,consumer_non_cyclical,27,0.0,18.119999999999997,4,0.14814814814814814,0,0.0,0.5185185185185185,3,0.0,0.0,0.6666666666666666,GOOD,0.44170096021947874,0.6666666666666666,53.16872427983539,False,,NO_ACTIVITY_CONTEXT,False,NO_INVESTIGATION,False,,,0,0,0,0,0,0,0.0,5.75,,
2026-06-18,3340.0,24.19,10.7784,10.7419,1.0034,True,,0.0,0.9042,0.948,0.7222,55.35,1.2926,1.7152,0.0,-0.3147,0,False,False,False,False,CPIN,NO_INVESTIGATION,False,0,5,0.0,14.35,,consumer_non_cyclical,27,0.0,2.745,1,0.037037037037037035,0,0.0,0.7037037037037037,3,0.0,0.0,1.0,GOOD,0.6776406035665296,1.0,80.65843621399178,False,,NO_ACTIVITY_CONTEXT,False,NO_INVESTIGATION,False,,,0,0,0,0,0,0,0.0,14.35,,
2026-06-19,3320.0,51.35,8.982,10.8438,0.8283,True,,70.0,5.0535,5.3292,0.3567,90.85,14.5507,1.7331,36.88,-0.0525,2,False,True,True,False,CPIN,NO_INVESTIGATION,False,0,5,0.0,51.15,,consumer_non_cyclical,27,66.7,70.0,17,0.6296296296296297,6,0.2222222222222222,0.8518518518518519,3,70.0,1.0,1.0,GOOD,0.31550068587105623,0.0,18.930041152263374,True,18.930041152263374,MARKET_WIDE_ACTIVITY,True,NO_INVESTIGATION,False,,,0,0,0,0,0,0,0.0,51.15,,
2026-06-22,3170.0,17.66,11.3772,10.8438,1.0492,True,,17.02,0.9626,1.0257,1.5043,0.0,0.6911,0.9018,0.0,-0.3941,1,False,False,False,False,CPIN,NO_INVESTIGATION,False,0,5,0.0,9.52,,consumer_non_cyclical,27,0.0,14.54,1,0.037037037037037035,0,0.0,0.8148148148148148,3,0.0,0.0,1.0,GOOD,0.7846364883401921,1.0,87.07818930041152,True,87.07818930041152,STOCK_SPECIFIC_ACTIVITY,False,NO_INVESTIGATION,False,,,0,0,0,0,0,0,0.0,9.52,,
2026-06-23,3150.0,17.07,11.747,11.1432,1.0542,True,,7.5,0.7491,0.7921,1.2501,0.0,0.6283,0.8846,13.0,-0.196,1,False,False,False,False,CPIN,NO_INVESTIGATION,False,0,5,0.0,7.82,,consumer_non_cyclical,27,0.0,0.0,1,0.037037037037037035,0,0.0,0.9259259259259259,3,0.0,0.0,1.0,GOOD,0.8916323731138547,1.0,93.49794238683128,True,93.49794238683128,STOCK_SPECIFIC_ACTIVITY,False,NO_INVESTIGATION,False,,,0,0,0,0,0,0,0.0,7.82,,
2026-06-24,3120.0,43.97,10.0946,11.5507,0.8739,True,,0.0,0.8797,0.935,0.8858,11.1,0.9892,1.2479,33.02,-0.0679,0,False,False,False,False,CPIN,NO_INVESTIGATION,False,0,5,0.0,15.96,,consumer_non_cyclical,27,0.0,10.780000000000001,1,0.037037037037037035,0,0.0,0.6296296296296297,3,0.0,0.0,0.6666666666666666,GOOD,0.6063100137174212,0.6666666666666666,63.04526748971193,False,,NO_ACTIVITY_CONTEXT,False,NO_INVESTIGATION,False,,,0,0,0,0,0,0,0.0,15.96,,
2026-06-25,3210.0,39.95,10.4101,11.5507,0.9013,True,,0.0,0.8973,0.934,0.8508,5.88,1.0784,0.9716,75.35,0.1356,0,False,False,False,False,CPIN,NO_INVESTIGATION,False,0,5,0.0,18.4,,consumer_non_cyclical,27,0.0,12.219999999999999,5,0.18518518518518517,1,0.037037037037037035,0.5185185185185185,3,2.74,0.3333333333333333,0.3333333333333333,GOOD,0.4224965706447188,0.22222222222222224,34.23868312757202,False,,NO_ACTIVITY_CONTEXT,False,NO_INVESTIGATION,False,,,0,0,0,0,0,0,0.0,18.4,,
2026-06-26,3160.0,40.54,10.443,11.5507,0.9041,True,,0.0,0.5415,0.5725,0.7142,0.0,0.7552,0.8917,24.59,-0.1033,0,False,False,False,False,CPIN,NO_INVESTIGATION,False,0,5,0.0,12.59,,consumer_non_cyclical,27,0.0,0.0,1,0.037037037037037035,0,0.0,0.8148148148148148,3,0.0,0.0,1.0,GOOD,0.7846364883401921,1.0,87.07818930041152,False,,NO_ACTIVITY_CONTEXT,False,NO_INVESTIGATION,False,,,0,0,0,0,0,0,0.0,12.59,,
2026-06-29,3100.0,97.62,5.3968,11.5507,0.4672,True,,0.0,0.7492,0.8017,0.6825,25.86,1.1224,1.3027,17.37,-0.161,0,True,False,False,False,CPIN,NO_INVESTIGATION,False,0,5,0.0,30.02,,consumer_non_cyclical,27,0.0,0.0,1,0.037037037037037035,0,0.0,0.9629629629629629,3,0.0,0.0,1.0,GOOD,0.9272976680384087,1.0,95.63786008230453,False,,NO_ACTIVITY_CONTEXT,False,NO_INVESTIGATION,False,,,0,0,0,0,0,0,0.0,30.02,,
2026-06-30,3400.0,9.49,12.3418,11.1432,1.1076,True,,59.38,1.8198,1.8084,1.0291,77.26,1.8611,1.3921,87.72,0.2181,2,False,True,True,False,CPIN,NO_INVESTIGATION,False,0,5,0.0,40.55,,consumer_non_cyclical,27,0.0,25.9,2,0.07407407407407407,0,0.0,0.9629629629629629,3,29.63,0.0,1.0,GOOD,0.8916323731138546,1.0,93.49794238683128,True,93.49794238683128,STOCK_SPECIFIC_ACTIVITY,False,NO_INVESTIGATION,False,,,0,0,0,0,0,0,0.0,40.55,,
2026-07-01,3170.0,15.1,12.3028,11.5621,1.0641,True,,0.0,0.751,0.7667,0.9398,0.0,0.841,0.9254,0.0,-0.5369,0,False,False,False,False,CPIN,NO_INVESTIGATION,False,0,5,0.0,3.77,,consumer_non_cyclical,27,0.0,0.0,1,0.037037037037037035,0,0.0,0.8518518518518519,3,0.0,0.0,1.0,GOOD,0.8203017832647462,1.0,89.21810699588477,False,,NO_ACTIVITY_CONTEXT,False,NO_INVESTIGATION,False,,,0,0,0,0,0,0,0.0,3.77,,
2026-07-02,3110.0,20.74,12.3418,12.0249,1.0264,True,,0.0,0.8046,0.8319,0.897,0.0,0.9392,0.6182,38.11,-0.0475,0,False,False,False,False,CPIN,NO_INVESTIGATION,False,0,5,0.0,9.0,,consumer_non_cyclical,27,0.0,0.0,1,0.037037037037037035,0,0.0,0.8888888888888888,3,0.0,0.3333333333333333,0.6666666666666666,GOOD,0.8559670781893004,0.4444444444444445,69.1358024691358,False,,NO_ACTIVITY_CONTEXT,False,NO_INVESTIGATION,False,,,0,0,0,0,0,0,0.0,9.0,,
2026-07-03,3080.0,18.1,12.5402,12.0249,1.0429,True,,0.9,0.9837,1.0246,0.9093,14.45,1.1419,1.0757,18.22,-0.1542,0,False,False,False,False,CPIN,NO_INVESTIGATION,False,0,5,0.0,8.78,,consumer_non_cyclical,27,0.0,0.0,1,0.037037037037037035,0,0.0,0.8148148148148148,3,0.0,0.0,1.0,GOOD,0.7846364883401921,1.0,87.07818930041152,False,,NO_ACTIVITY_CONTEXT,False,NO_INVESTIGATION,False,,,0,0,0,0,0,0,0.0,8.78,,
2026-07-06,3070.0,17.93,12.5402,12.0249,1.0429,True,,0.0,0.8789,0.9072,0.9451,0.0,0.9954,0.9775,3.82,-0.2694,0,False,False,False,False,CPIN,NO_INVESTIGATION,False,0,5,0.0,4.86,,consumer_non_cyclical,27,0.0,0.0,0,0.0,0,0.0,0.8148148148148148,3,0.0,0.0,1.0,GOOD,0.8148148148148148,1.0,88.88888888888889,False,,NO_ACTIVITY_CONTEXT,False,NO_INVESTIGATION,False,,,0,0,0,0,0,0,0.0,4.86,,
2026-07-07,3180.0,79.78,8.0386,12.0249,0.6685,True,,22.39,1.218,1.2386,0.9191,66.19,1.4419,1.5703,100.0,0.3697,2,True,False,True,False,CPIN,NO_INVESTIGATION,False,0,5,0.0,46.59,,consumer_non_cyclical,27,0.0,6.77,1,0.037037037037037035,1,0.037037037037037035,0.9259259259259259,3,7.43,0.0,1.0,GOOD,0.8916323731138547,1.0,93.49794238683128,True,93.49794238683128,STOCK_SPECIFIC_ACTIVITY,True,NO_INVESTIGATION,False,,,0,0,0,0,0,0,0.0,46.59,,
2026-07-08,3060.0,100.0,5.1948,11.5621,0.4493,True,,0.0,0.933,0.962,0.8776,22.23,1.1527,1.2137,0.0,-0.6196,0,True,False,False,False,CPIN,NO_INVESTIGATION,False,0,5,0.0,28.33,,consumer_non_cyclical,27,0.0,0.02,0,0.0,0,0.0,0.7407407407407407,3,0.0,0.0,0.6666666666666666,GOOD,0.7407407407407407,0.6666666666666666,71.1111111111111,False,,NO_ACTIVITY_CONTEXT,False,NO_INVESTIGATION,False,,,0,0,0,0,0,0,0.0,28.33,,
2026-07-09,3070.0,100.0,4.886,11.1432,0.4385,True,,45.57,1.4231,1.483,0.598,97.32,2.4623,1.8931,24.04,-0.1077,2,True,False,True,False,CPIN,NO_INVESTIGATION,False,0,5,0.0,55.67,,consumer_non_cyclical,27,0.0,0.0,0,0.0,0,0.0,0.9629629629629629,3,0.0,0.0,1.0,GOOD,0.9629629629629629,1.0,97.77777777777777,True,97.77777777777777,STOCK_SPECIFIC_ACTIVITY,True,NO_INVESTIGATION,False,,,0,0,0,0,0,0,0.0,55.67,,
2026-07-10,3120.0,100.0,4.886,10.8438,0.4506,True,,0.0,0.6377,0.6566,0.7683,6.65,0.8589,1.1354,80.38,0.1692,0,True,False,False,False,CPIN,NO_INVESTIGATION,False,0,5,0.0,34.04,,consumer_non_cyclical,27,0.0,0.0,0,0.0,0,0.0,0.7777777777777778,3,0.0,0.0,0.6666666666666666,GOOD,0.7777777777777778,0.6666666666666666,73.33333333333334,False,,NO_ACTIVITY_CONTEXT,False,NO_INVESTIGATION,False,,,0,0,0,0,0,0,0.0,34.04,,
2026-07-13,3120.0,98.4,4.8077,10.6107,0.4531,True,,0.0,0.4126,0.4264,0.5735,0.0,0.7372,0.7043,13.33,-0.1933,0,True,False,False,False,CPIN,NO_INVESTIGATION,False,0,5,0.0,25.93,,consumer_non_cyclical,27,0.0,0.0,2,0.07407407407407407,0,0.0,0.7777777777777778,3,0.0,0.0,0.6666666666666666,GOOD,0.720164609053498,0.6666666666666666,69.87654320987656,False,,NO_ACTIVITY_CONTEXT,False,NO_INVESTIGATION,False,,,0,0,0,0,0,0,0.0,25.93,,
2026-07-14,3100.0,99.06,4.5161,10.6107,0.4256,True,,0.0,0.5918,0.6107,0.7304,0.0,0.8302,0.7292,13.32,-0.1934,0,True,False,False,False,CPIN,NO_INVESTIGATION,False,0,5,0.0,26.1,,consumer_non_cyclical,27,4.74,24.61,6,0.2222222222222222,0,0.0,0.4074074074074074,3,0.0,0.0,1.0,GOOD,0.3168724279835391,1.0,59.01234567901235,False,,NO_ACTIVITY_CONTEXT,False,NO_INVESTIGATION,False,,,0,0,0,0,0,0,0.0,26.1,,
2026-07-15,3070.0,100.0,3.2258,10.4266,0.3094,True,,11.62,1.11,1.1244,0.9909,26.17,1.1796,1.2703,0.0,-0.4152,0,True,False,False,False,CPIN,NO_INVESTIGATION,False,0,5,0.0,32.41,,consumer_non_cyclical,27,3.06,20.625,3,0.1111111111111111,2,0.07407407407407407,0.6666666666666666,3,8.64,0.3333333333333333,0.6666666666666666,GOOD,0.5925925925925926,0.4444444444444445,53.333333333333336,False,,NO_ACTIVITY_CONTEXT,False,NO_INVESTIGATION,False,,,0,0,0,0,0,0,0.0,32.41,,
2026-07-16,3110.0,100.0,1.9293,10.2524,0.1882,True,,0.0,0.6414,0.6636,0.5521,18.24,1.2447,0.9448,100.0,0.3217,0,True,False,False,False,CPIN,NO_INVESTIGATION,False,0,5,0.0,37.74,,consumer_non_cyclical,27,2.62,37.715,5,0.18518518518518517,2,0.07407407407407407,0.4444444444444444,3,0.0,0.3333333333333333,0.6666666666666666,GOOD,0.36213991769547327,0.4444444444444445,39.50617283950618,False,,NO_ACTIVITY_CONTEXT,False,NO_INVESTIGATION,False,,,0,0,0,0,0,0,0.0,37.74,,
2026-07-17,3120.0,94.51,1.9293,9.5383,0.2023,True,,0.0,0.9787,0.968,0.8813,13.61,1.134,1.0846,25.44,-0.0982,0,True,False,False,False,CPIN,NO_INVESTIGATION,False,0,5,0.0,28.21,,consumer_non_cyclical,27,10.93,54.2,8,0.2962962962962963,2,0.07407407407407407,0.3333333333333333,3,10.71,0.3333333333333333,0.3333333333333333,GOOD,0.2345679012345679,0.22222222222222224,22.962962962962962,False,,NO_ACTIVITY_CONTEXT,False,NO_INVESTIGATION,False,,,0,0,0,0,0,0,0.0,28.21,,
2026-07-20,3110.0,89.49,2.8939,9.0666,0.3192,True,,10.5,1.0826,1.0695,1.0835,0.0,0.9975,0.9969,13.05,-0.1956,0,True,False,False,False,CPIN,NO_INVESTIGATION,False,0,5,0.0,26.83,,consumer_non_cyclical,27,31.73,51.675,7,0.25925925925925924,2,0.07407407407407407,0.25925925925925924,3,42.29,0.3333333333333333,0.3333333333333333,GOOD,0.19204389574759942,0.22222222222222224,20.411522633744855,False,,NO_ACTIVITY_CONTEXT,False,NO_INVESTIGATION,False,,,0,0,0,0,0,0,0.0,26.83,,
2026-07-21,3130.0,84.34,2.8939,6.7177,0.4308,True,,91.74,1.8236,1.8074,1.7725,0.52,1.0064,0.8767,0.0,-0.3079,3,True,True,True,True,CPIN,EMERGING,True,1,5,20.0,52.69,52.69,consumer_non_cyclical,27,21.74,66.245,9,0.3333333333333333,5,0.18518518518518517,0.9259259259259259,3,5.75,0.0,1.0,GOOD,0.617283950617284,1.0,77.03703703703704,True,77.03703703703704,STOCK_SPECIFIC_ACTIVITY,True,EMERGING,True,CPIN-20260721-01,2026-07-21,1,1,1,1,1,0,20.0,52.69,52.69,
2026-07-22,3210.0,36.71,4.8077,5.2958,0.9078,True,,93.59,2.0676,2.0107,1.5919,27.36,1.2824,0.8084,75.49,0.1366,3,False,True,True,False,CPIN,WEAKENING,True,1,5,20.0,52.91,52.91,consumer_non_cyclical,27,44.55,85.55000000000001,13,0.48148148148148145,3,0.1111111111111111,0.8518518518518519,3,55.64,0.6666666666666666,0.6666666666666666,GOOD,0.4417009602194788,0.22222222222222224,35.390946502057616,True,35.390946502057616,PEER_CLUSTERED_ACTIVITY,False,WEAKENING,True,CPIN-20260721-01,2026-07-21,2,1,1,1,1,1,20.0,52.91,52.91,
2026-07-23,3310.0,1.83,7.0288,5.0404,1.3945,True,,85.78,2.1355,2.0085,1.4065,49.28,1.4576,1.2422,100.0,0.3325,3,False,True,True,False,CPIN,WEAKENING,True,1,5,20.0,47.58,47.58,consumer_non_cyclical,27,50.68,81.85,14,0.5185185185185185,2,0.07407407407407407,0.8518518518518519,3,50.68,0.6666666666666666,1.0,GOOD,0.4101508916323731,0.33333333333333337,37.94238683127572,True,37.94238683127572,MARKET_WIDE_ACTIVITY,False,CLOSED,False,CPIN-20260721-01,2026-07-21,3,1,1,1,1,2,20.0,47.58,,TWO_UNSUPPORTED_SESSIONS
2026-07-24,3230.0,2.23,6.5421,5.0404,1.2979,True,,27.33,1.4059,1.3485,0.8753,58.47,1.508,1.4017,0.0,-0.3434,2,False,False,True,False,CPIN,WEAKENING,True,1,5,20.0,21.53,21.53,consumer_non_cyclical,27,11.43,44.915,6,0.2222222222222222,1,0.037037037037037035,0.6666666666666666,3,25.06,0.3333333333333333,0.6666666666666666,GOOD,0.5185185185185185,0.4444444444444445,48.888888888888886,True,48.888888888888886,MIXED_CONTEXT,False,NO_INVESTIGATION,False,,,0,0,0,0,0,0,0.0,17.53,,
2026-07-27,3140.0,2.08,6.5421,5.0404,1.2979,True,,0.0,0.9368,0.9235,0.8424,5.04,1.0712,0.8508,2.75,-0.278,0,False,False,False,False,CPIN,WEAKENING,True,1,5,20.0,5.55,5.55,consumer_non_cyclical,27,0.0,14.01,1,0.037037037037037035,0,0.0,0.5925925925925926,3,0.0,0.0,0.6666666666666666,GOOD,0.5706447187928669,0.6666666666666666,60.90534979423868,False,,NO_ACTIVITY_CONTEXT,False,NO_INVESTIGATION,False,,,0,0,0,0,0,0,0.0,1.55,,
2026-07-28,3130.0,3.54,6.2305,5.0404,1.2361,True,,0.0,0.4144,0.4099,0.5596,20.25,0.7026,1.402,46.63,-0.0135,0,False,False,False,False,CPIN,NO_INVESTIGATION,False,0,5,0.0,8.59,,consumer_non_cyclical,27,0.0,4.82,1,0.037037037037037035,1,0.037037037037037035,0.6296296296296297,3,4.7,0.0,0.0,GOOD,0.6063100137174212,0.0,36.37860082304527,False,,NO_ACTIVITY_CONTEXT,False,NO_INVESTIGATION,False,,,0,0,0,0,0,0,0.0,8.59,,
2026-07-29,3160.0,2.34,6.3291,5.0404,1.2557,True,,0.0,0.6988,0.6815,0.5466,43.47,1.2282,1.5635,99.25,0.295,0,False,False,False,False,CPIN,NO_INVESTIGATION,False,0,5,0.0,17.03,,consumer_non_cyclical,27,2.68,28.005,3,0.1111111111111111,1,0.037037037037037035,0.48148148148148145,3,42.07,0.3333333333333333,0.0,GOOD,0.42798353909465014,0.0,25.67901234567901,False,,NO_ACTIVITY_CONTEXT,False,NO_INVESTIGATION,False,,,0,0,0,0,0,0,0.0,17.03,,
2026-07-30,3280.0,5.5,6.0127,5.0404,1.1929,True,,0.0,0.8891,0.846,0.7932,27.92,1.1251,1.3858,100.0,0.4883,0,False,False,False,False,CPIN,NO_INVESTIGATION,False,0,5,0.0,15.56,,consumer_non_cyclical,27,0.45,16.86,2,0.07407407407407407,0,0.0,0.48148148148148145,3,15.42,0.0,0.3333333333333333,GOOD,0.4458161865569273,0.3333333333333333,40.08230452674897,False,,NO_ACTIVITY_CONTEXT,False,NO_INVESTIGATION,False,,,0,0,0,0,0,0,0.0,15.56,,
2026-07-31,3290.0,9.24,5.6962,5.0404,1.1301,True,,3.43,1.0729,1.0097,1.0041,22.47,1.1009,1.3076,59.81,0.049,0,False,False,False,False,CPIN,NO_INVESTIGATION,False,0,5,0.0,12.69,,consumer_non_cyclical,27,9.39,62.57,8,0.2962962962962963,3,0.1111111111111111,0.4074074074074074,3,70.0,0.6666666666666666,0.3333333333333333,GOOD,0.28669410150891633,0.11111111111111112,21.646090534979425,False,,NO_ACTIVITY_CONTEXT,False,NO_INVESTIGATION,False,,,0,0,0,0,0,0,0.0,12.69,,
2026-08-03,3160.0,0.0,8.2278,5.0404,1.6324,True,,23.58,1.1758,1.1354,1.3247,0.0,0.892,0.7542,0.0,-0.5292,1,False,False,False,False,CPIN,NO_INVESTIGATION,False,0,5,0.0,7.07,,consumer_non_cyclical,27,13.11,61.47,9,0.3333333333333333,1,0.037037037037037035,0.5555555555555556,3,94.61,1.0,0.0,GOOD,0.3703703703703704,0.0,22.222222222222225,True,22.222222222222225,PEER_CLUSTERED_ACTIVITY,False,NO_INVESTIGATION,False,,,0,0,0,0,0,0,0.0,7.07,,
2026-08-04,3150.0,0.0,8.2278,5.0404,1.6324,True,,10.89,1.0422,1.0421,1.2288,0.51,0.8864,1.0114,0.0,-0.4002,1,False,False,False,False,CPIN,NO_INVESTIGATION,False,0,5,0.0,3.34,,consumer_non_cyclical,27,10.55,26.145000000000003,5,0.18518518518518517,0,0.0,0.5555555555555556,3,19.15,0.0,0.0,GOOD,0.4526748971193416,0.0,27.160493827160497,True,27.160493827160497,MIXED_CONTEXT,False,NO_INVESTIGATION,False,,,0,0,0,0,0,0,0.0,3.34,,
2026-08-05,3110.0,0.0,8.2278,5.0404,1.6324,True,,63.78,1.6247,1.6354,1.6538,4.47,1.0525,0.9737,0.0,-0.8033,3,False,True,True,False,CPIN,NO_INVESTIGATION,False,0,5,0.0,19.8,,consumer_non_cyclical,27,40.75,82.745,12,0.4444444444444444,1,0.037037037037037035,0.6296296296296297,3,84.64,1.0,0.0,GOOD,0.3497942386831276,0.0,20.987654320987655,True,20.987654320987655,PEER_CLUSTERED_ACTIVITY,False,NO_INVESTIGATION,False,,,0,0,0,0,0,0,0.0,19.8,,
2026-08-06,3160.0,0.0,8.2278,5.2911,1.555,True,,0.0,0.8499,0.863,0.7881,12.94,1.1544,0.878,51.83,0.0091,0,False,False,False,False,CPIN,NO_INVESTIGATION,False,0,5,0.0,7.12,,consumer_non_cyclical,27,18.02,56.93,10,0.37037037037037035,0,0.0,0.3333333333333333,3,43.75,0.3333333333333333,0.0,GOOD,0.20987654320987653,0.0,12.592592592592592,False,,NO_ACTIVITY_CONTEXT,False,NO_INVESTIGATION,False,,,0,0,0,0,0,0,0.0,7.12,,
2026-08-07,3140.0,0.0,8.254,5.8544,1.4099,True,,34.73,1.4069,1.4173,1.1503,26.38,1.2508,1.0825,0.0,-0.5757,2,False,False,True,False,CPIN,NO_INVESTIGATION,False,0,5,0.0,14.38,,consumer_non_cyclical,27,0.0,28.735,4,0.14814814814814814,0,0.0,0.8148148148148148,3,54.69,0.6666666666666666,0.3333333333333333,GOOD,0.6941015089163237,0.11111111111111112,46.09053497942387,True,46.09053497942387,PEER_CLUSTERED_ACTIVITY,False,NO_INVESTIGATION,False,,,0,0,0,0,0,0,0.0,14.38,,
2026-08-10,3080.0,80.27,3.5032,6.1216,0.5723,True,,76.75,1.841,1.8917,1.7087,20.47,1.1224,1.2243,0.0,-0.6062,3,True,True,True,True,CPIN,EMERGING,True,1,5,20.0,50.16,50.16,consumer_non_cyclical,27,12.47,68.595,8,0.2962962962962963,3,0.1111111111111111,0.8148148148148148,3,83.94,0.6666666666666666,0.3333333333333333,GOOD,0.5733882030178327,0.11111111111111112,38.84773662551441,True,38.84773662551441,PEER_CLUSTERED_ACTIVITY,True,EMERGING,True,CPIN-20260810-02,2026-08-10,1,1,1,1,1,0,20.0,50.16,50.16,
2026-08-11,3100.0,87.84,2.8939,6.1216,0.4727,True,,0.0,0.9709,0.9916,0.7457,38.75,1.2485,1.2967,79.57,0.1638,0,True,False,False,False,CPIN,WEAKENING,True,1,5,20.0,39.73,39.73,consumer_non_cyclical,27,2.88,13.344999999999999,2,0.07407407407407407,0,0.0,0.37037037037037035,3,7.72,0.3333333333333333,0.3333333333333333,GOOD,0.34293552812071326,0.22222222222222224,29.465020576131685,False,,NO_ACTIVITY_CONTEXT,False,WEAKENING,True,CPIN-20260810-02,2026-08-10,2,1,1,1,1,1,20.0,39.73,39.73,
2026-08-12,3150.0,87.92,2.8662,6.1216,0.4682,True,,0.36,0.9991,1.0109,0.7199,61.48,1.301,1.6384,100.0,0.5855,0,True,False,False,False,CPIN,WEAKENING,True,1,5,20.0,45.31,45.31,consumer_non_cyclical,27,0.0,9.42,1,0.037037037037037035,0,0.0,0.6296296296296297,3,0.0,0.0,0.6666666666666666,GOOD,0.6063100137174212,0.6666666666666666,63.04526748971193,False,,NO_ACTIVITY_CONTEXT,False,CLOSED,False,CPIN-20260810-02,2026-08-10,3,1,1,1,1,2,20.0,45.31,,TWO_UNSUPPORTED_SESSIONS
2026-08-13,3070.0,72.3,3.871,6.1216,0.6323,True,,46.57,1.4236,1.4554,1.3369,4.92,1.0597,0.7305,22.19,-0.1225,3,True,False,True,False,CPIN,WEAKENING,True,1,5,20.0,39.0,39.0,consumer_non_cyclical,27,0.0,3.51,1,0.037037037037037035,0,0.0,0.9629629629629629,3,0.0,0.0,1.0,GOOD,0.9272976680384087,1.0,95.63786008230453,True,95.63786008230453,STOCK_SPECIFIC_ACTIVITY,True,NO_INVESTIGATION,False,,,0,0,0,0,0,0,0.0,35.0,,
2026-08-14,3070.0,77.88,3.5714,6.1216,0.5834,True,,0.0,0.9174,0.9361,0.8969,0.0,0.9228,0.9748,0.0,-0.4815,0,True,False,False,False,CPIN,WEAKENING,True,1,5,20.0,23.47,23.47,consumer_non_cyclical,27,0.0,1.06,2,0.07407407407407407,0,0.0,0.7037037037037037,3,0.0,0.0,0.6666666666666666,GOOD,0.6515775034293553,0.6666666666666666,65.76131687242798,False,,NO_ACTIVITY_CONTEXT,False,NO_INVESTIGATION,False,,,0,0,0,0,0,0,0.0,19.47,,
2026-08-18,3010.0,59.14,4.5603,6.1216,0.7449,True,,75.21,1.5946,1.6456,2.1191,13.43,0.6789,1.2854,0.0,-0.744,3,True,True,True,True,CPIN,EMERGING,True,1,5,20.0,43.36,43.36,consumer_non_cyclical,27,2.79,22.799999999999997,4,0.14814814814814814,1,0.037037037037037035,0.8888888888888888,3,1.17,0.0,1.0,GOOD,0.757201646090535,1.0,85.4320987654321,True,85.4320987654321,STOCK_SPECIFIC_ACTIVITY,True,EMERGING,True,CPIN-20260818-03,2026-08-18,1,1,1,1,1,0,20.0,43.36,43.36,
2026-08-19,2960.0,23.21,6.1889,6.1216,1.011,True,,52.68,1.3336,1.4146,1.8327,0.0,0.6864,0.943,0.0,-0.4657,3,False,True,True,False,CPIN,WEAKENING,True,1,5,20.0,25.61,25.61,consumer_non_cyclical,27,0.0,27.994999999999997,6,0.2222222222222222,0,0.0,0.8148148148148148,3,0.0,0.0,1.0,GOOD,0.6337448559670782,1.0,78.0246913580247,True,78.0246913580247,STOCK_SPECIFIC_ACTIVITY,False,WEAKENING,True,CPIN-20260818-03,2026-08-18,2,1,1,1,1,1,20.0,25.61,25.61,
2026-08-20,3020.0,6.42,7.2848,6.2097,1.1731,True,,89.2,2.2421,2.4005,1.6963,24.69,1.2469,0.9681,8.75,-0.23,3,False,True,True,False,CPIN,WEAKENING,True,1,5,20.0,36.94,36.94,consumer_non_cyclical,27,10.87,68.375,9,0.3333333333333333,1,0.037037037037037035,0.9629629629629629,3,0.0,0.0,1.0,GOOD,0.6419753086419754,1.0,78.51851851851852,True,78.51851851851852,STOCK_SPECIFIC_ACTIVITY,False,CLOSED,False,CPIN-20260818-03,2026-08-18,3,1,1,1,1,2,20.0,36.94,,TWO_UNSUPPORTED_SESSIONS
2026-08-21,3030.0,10.68,6.9536,6.2798,1.1073,True,,0.0,0.5548,0.5834,0.6762,0.0,0.774,0.8056,50.0,0.0,0,False,False,False,False,CPIN,WEAKENING,True,1,5,20.0,11.67,11.67,consumer_non_cyclical,27,0.0,22.455,3,0.1111111111111111,1,0.037037037037037035,0.5185185185185185,3,0.0,0.0,0.6666666666666666,GOOD,0.46090534979423864,0.6666666666666666,54.32098765432099,False,,NO_ACTIVITY_CONTEXT,False,NO_INVESTIGATION,False,,,0,0,0,0,0,0,0.0,7.67,,
2026-08-24,3020.0,24.42,6.2914,6.2798,1.0018,True,,0.0,0.8685,0.9057,0.8412,2.71,1.0366,0.4743,3.02,-0.2758,0,False,False,False,False,CPIN,WEAKENING,True,1,5,20.0,10.81,10.81,consumer_non_cyclical,27,6.91,39.585,6,0.2222222222222222,0,0.0,0.4074074074074074,3,6.91,0.3333333333333333,0.3333333333333333,GOOD,0.3168724279835391,0.22222222222222224,27.901234567901234,False,,NO_ACTIVITY_CONTEXT,False,NO_INVESTIGATION,False,,,0,0,0,0,0,0,0.0,6.81,,
2026-08-26,2970.0,54.34,4.9669,6.261,0.7933,True,,59.96,1.5079,1.5932,1.5529,5.0,0.9851,1.1101,9.47,-0.2243,3,False,True,True,False,CPIN,NO_INVESTIGATION,False,0,5,0.0,33.27,,consumer_non_cyclical,27,50.01,74.195,14,0.5185185185185185,1,0.037037037037037035,0.5925925925925926,3,50.01,0.6666666666666666,0.6666666666666666,GOOD,0.28532235939643347,0.22222222222222224,26.008230452674898,True,26.008230452674898,MARKET_WIDE_ACTIVITY,True,NO_INVESTIGATION,False,,,0,0,0,0,0,0,0.0,33.27,,
2026-08-27,3020.0,59.94,4.6358,6.2097,0.7465,True,,72.12,2.3427,2.4454,1.2123,74.42,1.8019,1.3801,11.38,-0.209,3,True,True,True,True,CPIN,EMERGING,True,1,5,20.0,52.92,52.92,consumer_non_cyclical,27,0.0,54.835,8,0.2962962962962963,2,0.07407407407407407,0.8888888888888888,3,55.5,0.6666666666666666,0.6666666666666666,GOOD,0.625514403292181,0.22222222222222224,46.41975308641975,True,46.41975308641975,PEER_CLUSTERED_ACTIVITY,True,EMERGING,True,CPIN-20260827-04,2026-08-27,1,1,1,1,1,0,20.0,52.92,52.92,
2026-08-28,3060.0,64.74,4.3046,6.1008,0.7056,True,,57.25,1.8763,1.9549,0.9761,66.99,1.6609,1.3178,19.83,-0.1413,2,True,True,True,True,CPIN,DEVELOPING,True,2,5,40.0,53.39,53.39,consumer_non_cyclical,27,0.0,48.61,7,0.25925925925925924,2,0.07407407407407407,0.8148148148148148,3,5.63,0.3333333333333333,0.6666666666666666,GOOD,0.6035665294924554,0.4444444444444445,53.9917695473251,True,53.9917695473251,MIXED_CONTEXT,True,DEVELOPING,True,CPIN-20260827-04,2026-08-27,2,2,2,2,2,0,40.0,53.39,53.39,
2026-08-31,2980.0,38.3,5.298,5.8544,0.905,True,,98.96,32.6654,34.7122,2.5115,60.0,12.9096,0.7526,0.0,-0.484,3,False,True,True,False,CPIN,WEAKENING,True,2,5,40.0,56.26,56.26,consumer_non_cyclical,27,69.98,80.765,17,0.6296296296296297,4,0.14814814814814814,0.9629629629629629,3,98.49,1.0,1.0,GOOD,0.3566529492455418,0.0,21.399176954732507,True,21.399176954732507,MARKET_WIDE_ACTIVITY,False,WEAKENING,True,CPIN-20260827-04,2026-08-27,3,2,2,2,2,1,40.0,56.26,56.26,
2026-09-01,3060.0,29.84,5.298,5.4971,0.9638,True,,100.0,5.8305,5.9156,2.9778,59.01,2.0124,0.955,94.32,0.2621,3,False,True,True,False,CPIN,WEAKENING,True,2,5,40.0,63.74,63.74,consumer_non_cyclical,27,54.42,84.5,14,0.5185185185185185,2,0.07407407407407407,1.0,3,91.36,1.0,1.0,GOOD,0.4814814814814815,0.0,28.888888888888893,True,28.888888888888893,MARKET_WIDE_ACTIVITY,False,CLOSED,False,CPIN-20260827-04,2026-08-27,4,2,2,2,2,2,40.0,63.74,,TWO_UNSUPPORTED_SESSIONS
2026-09-02,3030.0,25.14,5.2805,5.298,0.9967,True,,77.95,2.096,2.1003,1.4684,31.73,1.4432,0.0,50.0,0.0,3,False,True,True,False,CPIN,WEAKENING,True,2,5,40.0,47.43,47.43,consumer_non_cyclical,27,17.97,62.275000000000006,8,0.2962962962962963,0,0.0,0.8148148148148148,3,72.03,0.6666666666666666,0.6666666666666666,GOOD,0.5733882030178327,0.22222222222222224,43.29218106995885,True,43.29218106995885,PEER_CLUSTERED_ACTIVITY,False,NO_INVESTIGATION,False,,,0,0,0,0,0,0,0.0,39.43,,
2026-09-03,3280.0,0.0,11.1111,5.2893,2.1007,True,,100.0,7.6907,7.1553,4.3396,55.5,1.8408,1.0748,100.0,0.3291,3,False,True,True,False,CPIN,WEAKENING,True,1,5,20.0,52.33,52.33,consumer_non_cyclical,27,32.28,69.175,9,0.3333333333333333,1,0.037037037037037035,1.0,3,40.38,0.3333333333333333,1.0,GOOD,0.6666666666666667,0.6666666666666667,66.66666666666667,True,66.66666666666667,STOCK_SPECIFIC_ACTIVITY,False,NO_INVESTIGATION,False,,,0,0,0,0,0,0,0.0,48.33,,
2026-09-04,3210.0,0.0,11.1111,5.2893,2.1007,True,,72.12,1.9993,1.8909,1.5531,18.83,1.2403,0.7605,0.0,-0.3743,3,False,True,True,False,CPIN,NO_INVESTIGATION,False,0,5,0.0,24.46,,consumer_non_cyclical,27,0.0,24.19,5,0.18518518518518517,1,0.037037037037037035,0.8888888888888888,3,24.12,0.3333333333333333,0.6666666666666666,GOOD,0.7242798353909465,0.4444444444444445,61.23456790123457,True,61.23456790123457,MIXED_CONTEXT,False,NO_INVESTIGATION,False,,,0,0,0,0,0,0,0.0,24.46,,
2026-09-07,3210.0,0.0,9.6573,5.2893,1.8258,True,,42.76,1.5896,1.4892,1.247,11.81,1.1646,0.8351,0.0,-0.4454,3,False,False,True,False,CPIN,NO_INVESTIGATION,False,0,5,0.0,14.6,,consumer_non_cyclical,27,0.77,43.894999999999996,6,0.2222222222222222,2,0.07407407407407407,0.7407407407407407,3,57.16,0.6666666666666666,0.0,GOOD,0.5761316872427983,0.0,34.56790123456789,True,34.56790123456789,PEER_CLUSTERED_ACTIVITY,False,NO_INVESTIGATION,False,,,0,0,0,0,0,0,0.0,14.6,,
2026-09-08,3340.0,0.0,11.5265,5.2893,2.1792,True,,72.27,2.0949,1.9529,1.5129,11.4,1.1683,0.9696,32.3,-0.0708,3,False,True,True,False,CPIN,NO_INVESTIGATION,False,0,5,0.0,26.62,,consumer_non_cyclical,27,21.11,72.91999999999999,10,0.37037037037037035,1,0.037037037037037035,0.7407407407407407,3,73.57,0.6666666666666666,0.3333333333333333,GOOD,0.4663923182441701,0.11111111111111112,32.427983539094654,True,32.427983539094654,PEER_CLUSTERED_ACTIVITY,False,NO_INVESTIGATION,False,,,0,0,0,0,0,0,0.0,26.62,,
2026-09-09,3260.0,0.0,10.4294,5.2893,1.9718,True,,86.05,2.887,2.7254,1.7768,37.78,1.3621,1.2561,0.0,-0.7314,3,False,True,True,False,CPIN,NO_INVESTIGATION,False,0,5,0.0,31.48,,consumer_non_cyclical,27,51.62,75.14,14,0.5185185185185185,4,0.14814814814814814,0.8148148148148148,3,36.11,0.3333333333333333,1.0,GOOD,0.39231824417009603,0.6666666666666667,50.20576131687243,True,50.20576131687243,MIXED_CONTEXT,False,NO_INVESTIGATION,False,,,0,0,0,0,0,0,0.0,31.48,,
2026-09-10,3280.0,11.14,5.8282,5.298,1.1001,True,,62.09,2.0347,1.9127,1.2739,39.99,1.4284,1.2624,0.0,-0.3769,3,False,True,True,False,CPIN,NO_INVESTIGATION,False,0,5,0.0,27.41,,consumer_non_cyclical,27,23.38,67.435,12,0.4444444444444444,2,0.07407407407407407,0.7037037037037037,3,0.0,0.0,1.0,GOOD,0.3909465020576132,1.0,63.4567901234568,True,63.4567901234568,MIXED_CONTEXT,False,NO_INVESTIGATION,False,,,0,0,0,0,0,0,0.0,27.41,,
2026-09-11,3160.0,0.0,7.362,5.5631,1.3234,True,,62.29,2.0057,1.9194,1.2388,30.5,1.4697,0.9006,0.0,-0.6078,3,False,True,True,False,CPIN,NO_INVESTIGATION,False,0,5,0.0,23.26,,consumer_non_cyclical,27,18.62,50.334999999999994,7,0.25925925925925924,0,0.0,0.8518518518518519,3,2.55,0.0,1.0,GOOD,0.6310013717421125,1.0,77.86008230452674,True,77.86008230452674,STOCK_SPECIFIC_ACTIVITY,False,NO_INVESTIGATION,False,,,0,0,0,0,0,0,0.0,23.26,,
2026-09-14,3130.0,0.0,9.5092,6.0086,1.5826,True,,3.98,1.0662,1.0494,0.9811,0.0,0.9452,0.8939,0.0,-0.3311,0,False,False,False,False,CPIN,NO_INVESTIGATION,False,0,5,0.0,1.19,,consumer_non_cyclical,27,26.07,74.15,11,0.4074074074074074,0,0.0,0.2962962962962963,3,0.0,0.0,1.0,GOOD,0.1755829903978052,1.0,50.53497942386831,False,,NO_ACTIVITY_CONTEXT,False,NO_INVESTIGATION,False,,,0,0,0,0,0,0,0.0,1.19,,
2026-09-15,3090.0,0.0,8.5443,6.2402,1.3692,True,,11.57,1.1694,1.1709,0.9052,10.98,1.1744,0.8271,0.0,-0.4646,0,False,False,False,False,CPIN,NO_INVESTIGATION,False,0,5,0.0,5.12,,consumer_non_cyclical,27,0.0,11.379999999999999,4,0.14814814814814814,0,0.0,0.7777777777777778,3,0.0,0.3333333333333333,0.6666666666666666,GOOD,0.6625514403292181,0.4444444444444445,57.53086419753086,False,,NO_ACTIVITY_CONTEXT,False,NO_INVESTIGATION,False,,,0,0,0,0,0,0,0.0,5.12,,
2026-09-16,3120.0,0.0,8.6262,6.6225,1.3026,True,,0.0,0.5926,0.5887,0.9177,0.0,0.61,0.8511,20.56,-0.1356,0,False,False,False,False,CPIN,NO_INVESTIGATION,False,0,5,0.0,2.06,,consumer_non_cyclical,27,0.0,19.835,2,0.07407407407407407,0,0.0,0.5185185185185185,3,0.0,0.0,0.6666666666666666,GOOD,0.4801097393689986,0.6666666666666666,55.47325102880658,False,,NO_ACTIVITY_CONTEXT,False,NO_INVESTIGATION,False,,,0,0,0,0,0,0,0.0,2.06,,
2026-09-17,3120.0,52.76,5.7692,7.1192,0.8104,True,,0.0,0.5475,0.5473,0.7252,2.29,0.7239,1.0436,30.73,-0.0771,0,False,False,False,False,CPIN,NO_INVESTIGATION,False,0,5,0.0,16.61,,consumer_non_cyclical,27,0.0,8.625,3,0.1111111111111111,0,0.0,0.6666666666666666,3,0.0,0.0,0.6666666666666666,GOOD,0.5925925925925926,0.6666666666666666,62.22222222222222,False,,NO_ACTIVITY_CONTEXT,False,NO_INVESTIGATION,False,,,0,0,0,0,0,0,0.0,16.61,,
2026-09-18,3150.0,90.75,3.5256,7.1192,0.4952,True,,30.62,1.465,1.4528,0.6718,57.55,2.1494,0.585,22.14,-0.1229,2,True,False,True,False,CPIN,NO_INVESTIGATION,False,0,5,0.0,42.72,,consumer_non_cyclical,27,48.09,72.95,12,0.4444444444444444,1,0.037037037037037035,0.37037037037037035,3,58.91,0.6666666666666666,0.3333333333333333,GOOD,0.205761316872428,0.11111111111111112,16.790123456790123,True,16.790123456790123,PEER_CLUSTERED_ACTIVITY,True,NO_INVESTIGATION,False,,,0,0,0,0,0,0,0.0,42.72,,
2026-09-21,3110.0,89.29,3.2051,6.6225,0.484,True,,0.0,0.6197,0.6156,0.6112,30.22,1.0095,1.5412,0.0,-0.3962,0,True,False,False,False,CPIN,NO_INVESTIGATION,False,0,5,0.0,26.86,,consumer_non_cyclical,27,0.0,3.005,2,0.07407407407407407,0,0.0,0.7037037037037037,3,0.0,0.0,0.6666666666666666,GOOD,0.6515775034293553,0.6666666666666666,65.76131687242798,False,,NO_ACTIVITY_CONTEXT,False,NO_INVESTIGATION,False,,,0,0,0,0,0,0,0.0,26.86,,
2026-09-22,3140.0,77.93,3.5256,6.0598,0.5818,True,,1.76,0.9428,0.9332,1.0555,0.0,0.8669,0.9691,81.23,0.1749,0,True,False,False,False,CPIN,NO_INVESTIGATION,False,0,5,0.0,28.13,,consumer_non_cyclical,27,2.89,15.330000000000002,4,0.14814814814814814,0,0.0,0.48148148148148145,3,0.0,0.0,0.6666666666666666,GOOD,0.4101508916323731,0.6666666666666666,51.27572016460905,False,,NO_ACTIVITY_CONTEXT,False,NO_INVESTIGATION,False,,,0,0,0,0,0,0,0.0,28.13,,
2026-09-23,3080.0,74.01,3.5256,5.7987,0.608,True,,0.0,0.6519,0.6537,0.8807,9.24,0.6922,1.1852,0.0,-0.4214,0,True,False,False,False,CPIN,NO_INVESTIGATION,False,0,5,0.0,19.89,,consumer_non_cyclical,27,0.0,4.3549999999999995,2,0.07407407407407407,0,0.0,0.6296296296296297,3,0.0,0.0,1.0,GOOD,0.5829903978052127,1.0,74.97942386831275,False,,NO_ACTIVITY_CONTEXT,False,NO_INVESTIGATION,False,,,0,0,0,0,0,0,0.0,19.89,,
2026-09-24,3020.0,24.93,5.7878,5.7987,0.9981,True,,3.0,0.6266,0.6391,1.0911,0.0,0.5371,0.8843,12.32,-0.2014,0,False,False,False,False,CPIN,NO_INVESTIGATION,False,0,5,0.0,8.36,,consumer_non_cyclical,27,0.0,0.0,2,0.07407407407407407,0,0.0,0.8518518518518519,3,0.0,0.0,1.0,GOOD,0.7887517146776406,1.0,87.32510288065843,False,,NO_ACTIVITY_CONTEXT,False,NO_INVESTIGATION,False,,,0,0,0,0,0,0,0.0,8.36,,
2026-09-25,3010.0,16.57,6.1688,5.808,1.0621,True,,0.0,0.3545,0.3657,0.5718,0.0,0.5985,0.9126,16.44,-0.1685,0,False,False,False,False,CPIN,NO_INVESTIGATION,False,0,5,0.0,5.79,,consumer_non_cyclical,27,0.0,0.0,1,0.037037037037037035,0,0.0,0.7777777777777778,3,0.0,0.0,0.6666666666666666,GOOD,0.7489711934156379,0.6666666666666666,71.60493827160495,False,,NO_ACTIVITY_CONTEXT,False,NO_INVESTIGATION,False,,,0,0,0,0,0,0,0.0,5.79,,
2026-09-28,2990.0,8.15,6.9536,5.9985,1.1592,True,,0.0,0.3465,0.3591,0.6832,18.04,0.5149,1.2648,14.72,-0.1822,0,False,False,False,False,CPIN,NO_INVESTIGATION,False,0,5,0.0,6.22,,consumer_non_cyclical,27,0.0,4.0649999999999995,1,0.037037037037037035,0,0.0,0.5555555555555556,3,0.0,0.0,0.6666666666666666,GOOD,0.5349794238683128,0.6666666666666666,58.76543209876544,False,,NO_ACTIVITY_CONTEXT,False,NO_INVESTIGATION,False,,,0,0,0,0,0,0,0.0,6.22,,
2026-09-29,2970.0,7.66,7.6412,6.5612,1.1646,True,,0.0,0.6535,0.6889,0.9572,0.0,0.7055,0.7319,0.0,-0.3219,0,False,False,False,False,CPIN,NO_INVESTIGATION,False,0,5,0.0,1.92,,consumer_non_cyclical,27,13.22,41.695,3,0.1111111111111111,0,0.0,0.3333333333333333,3,0.01,0.0,0.3333333333333333,GOOD,0.2962962962962963,0.3333333333333333,31.11111111111111,False,,NO_ACTIVITY_CONTEXT,False,NO_INVESTIGATION,False,,,0,0,0,0,0,0,0.0,1.92,,
2026-06-12,600.0,0.0,15.6522,7.4074,2.113,True,,0.0,0.8764,0.9433,0.6403,25.83,1.3132,0.9766,18.52,-0.1519,0,False,False,False,False,CTRA,NO_INVESTIGATION,False,0,5,0.0,5.73,,property,27,7.79,25.415,4,0.14814814814814814,0,0.0,0.4074074074074074,1,1.54,0.0,0.0,THIN,0.34705075445816186,0.0,34.705075445816185,False,,NO_ACTIVITY_CONTEXT,False,NO_INVESTIGATION,False,,,0,0,0,0,0,0,0.0,5.73,,
2026-06-15,585.0,0.0,17.2414,7.5205,2.2926,True,,97.87,3.5491,3.7316,2.2892,35.61,1.4524,1.0111,0.0,-0.3423,3,False,True,True,False,CTRA,NO_INVESTIGATION,False,0,5,0.0,34.7,,property,27,42.94,64.585,13,0.48148148148148145,0,0.0,1.0,1,63.38,1.0,1.0,THIN,0.5185185185185186,0.0,51.85185185185186,True,51.85185185185186,MIXED_CONTEXT,False,NO_INVESTIGATION,False,,,0,0,0,0,0,0,0.0,34.7,,
2026-06-17,590.0,0.0,12.8205,7.8314,1.6371,True,,2.53,0.9054,0.9448,1.0837,6.83,0.8188,1.1141,17.81,-0.1575,0,False,False,False,False,CTRA,NO_INVESTIGATION,False,0,5,0.0,3.56,,property,27,0.0,18.119999999999997,4,0.14814814814814814,0,0.0,0.5925925925925926,1,0.0,0.0,1.0,THIN,0.50480109739369,1.0,50.48010973936899,False,,NO_ACTIVITY_CONTEXT,False,NO_INVESTIGATION,False,,,0,0,0,0,0,0,0.0,3.56,,
2026-06-18,565.0,16.1,11.1111,10.4249,1.0658,True,,89.67,2.5771,2.7656,1.858,36.04,1.2986,1.2147,0.0,-0.3151,3,False,True,True,False,CTRA,NO_INVESTIGATION,False,0,5,0.0,36.33,,property,27,0.0,2.745,1,0.037037037037037035,0,0.0,1.0,1,0.0,0.0,1.0,THIN,0.962962962962963,1.0,96.2962962962963,True,96.2962962962963,STOCK_SPECIFIC_ACTIVITY,False,NO_INVESTIGATION,False,,,0,0,0,0,0,0,0.0,36.33,,
2026-06-19,550.0,15.38,12.8205,11.9658,1.0714,True,,70.0,4.3499,4.9122,0.9386,66.2,4.0958,1.1125,25.18,-0.0993,2,False,True,True,False,CTRA,NO_INVESTIGATION,False,0,5,0.0,37.29,,property,27,66.7,70.0,17,0.6296296296296297,6,0.2222222222222222,0.8518518518518519,1,88.74,1.0,0.0,THIN,0.31550068587105623,0.0,31.550068587105624,True,31.550068587105624,MARKET_WIDE_ACTIVITY,False,NO_INVESTIGATION,False,,,0,0,0,0,0,0,0.0,37.29,,
2026-06-22,545.0,7.25,15.0442,12.8205,1.1735,True,,67.3,1.9904,2.3535,1.2093,45.33,1.5727,1.0793,0.0,-0.3794,3,False,True,True,False,CTRA,NO_INVESTIGATION,False,0,5,0.0,28.8,,property,27,0.0,14.54,1,0.037037037037037035,0,0.0,1.0,1,27.23,0.0,1.0,THIN,0.962962962962963,1.0,96.2962962962963,True,96.2962962962963,STOCK_SPECIFIC_ACTIVITY,False,NO_INVESTIGATION,False,,,0,0,0,0,0,0,0.0,28.8,,
2026-06-23,545.0,37.29,11.8182,12.9994,0.9091,True,,41.1,1.4182,1.5754,1.2931,11.21,1.1505,0.8869,18.11,-0.1551,3,False,False,True,False,CTRA,NO_INVESTIGATION,False,0,5,0.0,25.14,,property,27,0.0,0.0,1,0.037037037037037035,0,0.0,0.9629629629629629,1,1.11,0.0,1.0,THIN,0.9272976680384087,1.0,92.72976680384087,True,92.72976680384087,STOCK_SPECIFIC_ACTIVITY,False,NO_INVESTIGATION,False,,,0,0,0,0,0,0,0.0,25.14,,
2026-06-24,535.0,46.21,11.0092,12.9994,0.8469,True,,0.0,0.8278,0.872,0.97,0.0,0.9094,0.9422,53.56,0.0178,0,False,False,False,False,CTRA,NO_INVESTIGATION,False,0,5,0.0,16.91,,property,27,0.0,10.780000000000001,1,0.037037037037037035,0,0.0,0.6296296296296297,1,0.0,0.0,1.0,THIN,0.6063100137174212,1.0,60.63100137174212,False,,NO_ACTIVITY_CONTEXT,False,NO_INVESTIGATION,False,,,0,0,0,0,0,0,0.0,16.91,,
2026-06-25,580.0,56.52,10.0917,12.9994,0.7763,True,,49.36,1.4826,1.5004,1.452,22.69,1.121,1.2094,94.99,0.2666,3,True,False,True,False,CTRA,NO_INVESTIGATION,False,0,5,0.0,41.84,,property,27,0.0,12.219999999999999,5,0.18518518518518517,1,0.037037037037037035,0.8148148148148148,1,0.0,0.0,1.0,THIN,0.663923182441701,1.0,66.3923182441701,True,66.3923182441701,STOCK_SPECIFIC_ACTIVITY,True,NO_INVESTIGATION,False,,,0,0,0,0,0,0,0.0,41.84,,
2026-06-26,565.0,47.79,11.0092,12.9994,0.8469,True,,0.0,0.7412,0.723,0.766,19.48,0.9717,1.2991,0.0,-0.3124,0,False,False,False,False,CTRA,NO_INVESTIGATION,False,0,5,0.0,14.87,,property,27,0.0,0.0,1,0.037037037037037035,0,0.0,0.8148148148148148,1,0.0,0.0,1.0,THIN,0.7846364883401921,1.0,78.46364883401921,False,,NO_ACTIVITY_CONTEXT,False,NO_INVESTIGATION,False,,,0,0,0,0,0,0,0.0,14.87,,
2026-06-29,560.0,51.83,10.7143,12.9994,0.8242,True,,0.0,0.4913,0.4792,0.4014,40.66,1.2292,1.3645,0.0,-0.7844,0,False,False,False,False,CTRA,NO_INVESTIGATION,False,0,5,0.0,19.06,,property,27,0.0,0.0,1,0.037037037037037035,0,0.0,0.9629629629629629,1,0.0,0.0,1.0,THIN,0.9272976680384087,1.0,92.72976680384087,False,,NO_ACTIVITY_CONTEXT,False,NO_INVESTIGATION,False,,,0,0,0,0,0,0,0.0,19.06,,
2026-06-30,555.0,52.67,10.7143,12.9994,0.8242,True,,0.0,0.6603,0.6498,0.766,0.0,0.8253,0.9135,61.15,0.0557,0,False,False,False,False,CTRA,NO_INVESTIGATION,False,0,5,0.0,19.28,,property,27,0.0,25.9,2,0.07407407407407407,0,0.0,0.5925925925925926,1,39.57,0.0,0.0,THIN,0.5486968449931413,0.0,54.86968449931413,False,,NO_ACTIVITY_CONTEXT,False,NO_INVESTIGATION,False,,,0,0,0,0,0,0,0.0,19.28,,
2026-07-01,555.0,72.08,8.9286,12.9994,0.6868,True,,0.0,0.4331,0.4448,0.4487,10.32,1.0135,1.1721,0.0,-0.4225,0,True,False,False,False,CTRA,NO_INVESTIGATION,False,0,5,0.0,19.57,,property,27,0.0,0.0,1,0.037037037037037035,0,0.0,0.8518518518518519,1,25.18,0.0,0.0,THIN,0.8203017832647462,0.0,82.03017832647463,False,,NO_ACTIVITY_CONTEXT,False,NO_INVESTIGATION,False,,,0,0,0,0,0,0,0.0,19.57,,
2026-07-02,560.0,96.19,6.25,12.9994,0.4808,True,,0.0,0.5336,0.5433,0.5488,22.16,1.0015,1.3886,89.43,0.2295,0,True,False,False,False,CTRA,NO_INVESTIGATION,False,0,5,0.0,36.31,,property,27,0.0,0.0,1,0.037037037037037035,0,0.0,0.8888888888888888,1,0.0,0.0,1.0,THIN,0.8559670781893004,1.0,85.59670781893004,False,,NO_ACTIVITY_CONTEXT,False,NO_INVESTIGATION,False,,,0,0,0,0,0,0,0.0,36.31,,
2026-07-03,575.0,98.32,4.4643,12.8205,0.3482,True,,8.12,1.1269,1.1026,0.6584,63.98,1.6968,1.2106,82.52,0.1834,0,True,False,False,False,CTRA,NO_INVESTIGATION,False,0,5,0.0,44.87,,property,27,0.0,0.0,1,0.037037037037037035,0,0.0,0.9259259259259259,1,8.08,0.0,1.0,THIN,0.8916323731138547,1.0,89.16323731138547,False,,NO_ACTIVITY_CONTEXT,False,NO_INVESTIGATION,False,,,0,0,0,0,0,0,0.0,44.87,,
2026-07-06,570.0,97.3,4.4643,12.3193,0.3624,True,,0.95,0.8919,0.876,1.0307,0.0,0.8855,0.7014,0.0,-0.4018,0,True,False,False,False,CTRA,NO_INVESTIGATION,False,0,5,0.0,24.61,,property,27,0.0,0.0,0,0.0,0,0.0,0.8518518518518519,1,6.54,0.0,0.0,THIN,0.8518518518518519,0.0,85.18518518518519,False,,NO_ACTIVITY_CONTEXT,False,NO_INVESTIGATION,False,,,0,0,0,0,0,0,0.0,24.61,,
2026-07-07,565.0,58.34,8.8496,11.4646,0.7719,True,,83.73,2.2693,2.3111,1.7101,31.74,1.3367,0.9126,68.72,0.0936,3,True,True,True,True,CTRA,EMERGING,True,1,5,20.0,55.34,55.34,property,27,0.0,6.77,1,0.037037037037037035,1,0.037037037037037035,1.0,1,14.07,0.0,1.0,THIN,0.962962962962963,1.0,96.2962962962963,True,96.2962962962963,STOCK_SPECIFIC_ACTIVITY,True,EMERGING,True,CTRA-20260707-01,2026-07-07,1,1,1,1,1,0,20.0,55.34,55.34,
2026-07-08,545.0,56.23,8.8496,11.0601,0.8001,True,,8.73,1.0494,1.0624,1.1592,0.0,0.8897,0.858,0.0,-0.3301,0,True,False,False,False,CTRA,WEAKENING,True,1,5,20.0,20.68,20.68,property,27,0.0,0.02,0,0.0,0,0.0,0.9629629629629629,1,8.73,0.0,1.0,THIN,0.9629629629629629,1.0,96.29629629629629,False,,NO_ACTIVITY_CONTEXT,False,WEAKENING,True,CTRA-20260707-01,2026-07-07,2,1,1,1,1,1,20.0,20.68,20.68,
2026-07-09,530.0,55.8,8.8496,11.0092,0.8038,True,,42.73,1.3703,1.3949,1.4827,0.0,0.8836,0.8232,0.0,-0.4138,3,True,False,True,False,CTRA,WEAKENING,True,1,5,20.0,30.77,30.77,property,27,0.0,0.0,0,0.0,0,0.0,0.9259259259259259,1,0.0,0.0,1.0,THIN,0.9259259259259259,1.0,92.5925925925926,True,92.5925925925926,STOCK_SPECIFIC_ACTIVITY,True,DEVELOPING,True,CTRA-20260707-01,2026-07-07,3,1,2,2,1,0,40.0,34.77,34.77,
2026-07-10,540.0,49.67,9.1743,10.8617,0.8446,True,,0.0,0.7128,0.727,0.89,0.0,0.7675,0.6748,38.42,-0.0463,0,False,False,False,False,CTRA,WEAKENING,True,1,5,20.0,20.26,20.26,property,27,0.0,0.0,0,0.0,0,0.0,0.7777777777777778,1,0.0,0.0,1.0,THIN,0.7777777777777778,1.0,77.77777777777779,False,,NO_ACTIVITY_CONTEXT,False,WEAKENING,True,CTRA-20260707-01,2026-07-07,4,1,2,2,1,1,40.0,24.26,24.26,
2026-07-13,545.0,72.44,7.3394,10.7143,0.685,True,,0.0,0.5486,0.5551,0.6833,0.0,0.7694,0.8726,70.42,0.1028,0,True,False,False,False,CTRA,WEAKENING,True,1,5,20.0,29.15,29.15,property,27,0.0,0.0,2,0.07407407407407407,0,0.0,0.7777777777777778,1,43.52,0.0,0.0,THIN,0.720164609053498,0.0,72.0164609053498,False,,NO_ACTIVITY_CONTEXT,False,CLOSED,False,CTRA-20260707-01,2026-07-07,5,1,2,2,1,2,40.0,33.15,,TWO_UNSUPPORTED_SESSIONS
2026-07-14,555.0,71.62,7.3394,10.403,0.7055,True,,0.0,0.9362,0.9233,0.9907,0.0,0.9317,0.9506,40.06,-0.0398,0,True,False,False,False,CTRA,NO_INVESTIGATION,False,0,5,0.0,21.91,,property,27,4.74,24.61,6,0.2222222222222222,0,0.0,0.4074074074074074,1,0.55,0.0,0.0,THIN,0.3168724279835391,0.0,31.68724279835391,False,,NO_ACTIVITY_CONTEXT,False,NO_INVESTIGATION,False,,,0,0,0,0,0,0,0.0,21.91,,
2026-07-15,560.0,77.08,6.422,9.633,0.6667,True,,0.0,0.6439,0.6318,0.7089,0.0,0.8628,0.8647,26.14,-0.0954,0,True,False,False,False,CTRA,NO_INVESTIGATION,False,0,5,0.0,21.88,,property,27,3.06,20.625,3,0.1111111111111111,2,0.07407407407407407,0.3333333333333333,1,26.32,0.0,0.0,THIN,0.2962962962962963,0.0,29.629629629629626,False,,NO_ACTIVITY_CONTEXT,False,NO_INVESTIGATION,False,,,0,0,0,0,0,0,0.0,21.88,,
2026-07-16,575.0,25.4,9.009,9.0514,0.9953,True,,2.62,1.0132,0.9689,1.0666,7.55,0.9033,1.1373,88.6,0.224,0,False,False,False,False,CTRA,NO_INVESTIGATION,False,0,5,0.0,17.13,,property,27,2.62,37.715,5,0.18518518518518517,2,0.07407407407407407,0.5185185185185185,1,2.3,0.0,1.0,THIN,0.4224965706447188,1.0,42.249657064471876,False,,NO_ACTIVITY_CONTEXT,False,NO_INVESTIGATION,False,,,0,0,0,0,0,0,0.0,17.13,,
2026-07-17,570.0,41.13,8.0357,8.9688,0.896,True,,30.55,1.4504,1.4246,0.9,50.79,1.5847,1.0325,67.79,0.089,2,False,False,True,False,CTRA,NO_INVESTIGATION,False,0,5,0.0,33.84,,property,27,10.93,54.2,8,0.2962962962962963,2,0.07407407407407407,0.5925925925925926,1,52.62,1.0,0.0,THIN,0.4170096021947874,0.0,41.70096021947874,True,41.70096021947874,MIXED_CONTEXT,True,NO_INVESTIGATION,False,,,0,0,0,0,0,0,0.0,33.84,,
2026-07-20,570.0,57.96,7.0175,8.8891,0.7895,True,,0.0,0.7482,0.7268,0.8476,0.0,0.9112,0.8499,4.12,-0.267,0,True,False,False,False,CTRA,NO_INVESTIGATION,False,0,5,0.0,14.9,,property,27,31.73,51.675,7,0.25925925925925924,2,0.07407407407407407,0.18518518518518517,1,34.29,0.0,0.0,THIN,0.1371742112482853,0.0,13.71742112482853,False,,NO_ACTIVITY_CONTEXT,False,NO_INVESTIGATION,False,,,0,0,0,0,0,0,0.0,14.9,,
2026-07-21,585.0,70.34,6.1404,8.8496,0.6939,True,,0.0,0.6489,0.6326,0.7603,0.0,0.9408,0.9297,69.76,0.0988,0,True,False,False,False,CTRA,NO_INVESTIGATION,False,0,5,0.0,24.56,,property,27,21.74,66.245,9,0.3333333333333333,5,0.18518518518518517,0.14814814814814814,1,67.76,1.0,0.0,THIN,0.09876543209876544,0.0,9.876543209876544,False,,NO_ACTIVITY_CONTEXT,False,NO_INVESTIGATION,False,,,0,0,0,0,0,0,0.0,24.56,,
2026-07-22,580.0,94.88,4.3478,8.8496,0.4913,True,,4.35,0.8855,0.8678,1.1276,0.0,0.8474,0.8279,0.0,-0.3972,0,True,False,False,False,CTRA,NO_INVESTIGATION,False,0,5,0.0,25.02,,property,27,44.55,85.55000000000001,13,0.48148148148148145,3,0.1111111111111111,0.18518518518518517,1,36.0,0.0,0.0,THIN,0.09602194787379974,0.0,9.602194787379974,False,,NO_ACTIVITY_CONTEXT,False,NO_INVESTIGATION,False,,,0,0,0,0,0,0,0.0,25.02,,
2026-07-23,585.0,54.17,6.8966,8.4426,0.8169,True,,81.11,2.3562,2.2797,1.3799,66.99,1.6993,1.2631,6.09,-0.2513,3,False,True,True,False,CTRA,NO_INVESTIGATION,False,0,5,0.0,48.53,,property,27,50.68,81.85,14,0.5185185185185185,2,0.07407407407407407,0.7407407407407407,1,60.48,1.0,1.0,THIN,0.35665294924554186,0.0,35.66529492455419,True,35.66529492455419,MARKET_WIDE_ACTIVITY,True,NO_INVESTIGATION,False,,,0,0,0,0,0,0,0.0,48.53,,
2026-07-24,570.0,41.62,6.8966,7.6876,0.8971,True,,6.8,0.8816,0.8812,1.1995,15.35,0.7314,1.2758,0.0,-0.3869,0,False,False,False,False,CTRA,NO_INVESTIGATION,False,0,5,0.0,14.75,,property,27,11.43,44.915,6,0.2222222222222222,1,0.037037037037037035,0.48148148148148145,1,1.25,0.0,1.0,THIN,0.3744855967078189,1.0,37.44855967078189,False,,NO_ACTIVITY_CONTEXT,False,NO_INVESTIGATION,False,,,0,0,0,0,0,0,0.0,14.75,,
2026-07-27,570.0,34.08,6.8966,7.3394,0.9397,True,,0.0,0.5088,0.5084,0.5644,16.24,0.85,1.2904,93.29,0.2553,0,False,False,False,False,CTRA,NO_INVESTIGATION,False,0,5,0.0,20.29,,property,27,0.0,14.01,1,0.037037037037037035,0,0.0,0.5925925925925926,1,0.0,0.0,1.0,THIN,0.5706447187928669,1.0,57.06447187928669,False,,NO_ACTIVITY_CONTEXT,False,NO_INVESTIGATION,False,,,0,0,0,0,0,0,0.0,20.29,,
2026-07-28,560.0,10.17,7.8947,7.1785,1.0998,True,,0.0,0.4281,0.4309,0.6228,0.0,0.659,0.7407,0.0,-0.3921,0,False,False,False,False,CTRA,NO_INVESTIGATION,False,0,5,0.0,2.54,,property,27,0.0,4.82,1,0.037037037037037035,1,0.037037037037037035,0.6296296296296297,1,0.0,0.0,1.0,THIN,0.6063100137174212,1.0,60.63100137174212,False,,NO_ACTIVITY_CONTEXT,False,NO_INVESTIGATION,False,,,0,0,0,0,0,0,0.0,2.54,,
2026-07-29,555.0,0.0,9.6491,7.1785,1.3442,True,,0.0,0.6632,0.6661,0.7137,0.0,0.8696,0.7932,47.22,-0.0111,0,False,False,False,False,CTRA,NO_INVESTIGATION,False,0,5,0.0,4.72,,property,27,2.68,28.005,3,0.1111111111111111,1,0.037037037037037035,0.48148148148148145,1,0.0,0.0,1.0,THIN,0.42798353909465014,1.0,42.798353909465014,False,,NO_ACTIVITY_CONTEXT,False,NO_INVESTIGATION,False,,,0,0,0,0,0,0,0.0,4.72,,
2026-07-30,575.0,50.08,6.1404,7.1785,0.8554,True,,0.0,0.7318,0.7139,0.5836,37.86,1.1878,1.3566,43.31,-0.0268,0,False,False,False,False,CTRA,NO_INVESTIGATION,False,0,5,0.0,22.53,,property,27,0.45,16.86,2,0.07407407407407407,0,0.0,0.48148148148148145,1,0.0,0.0,1.0,THIN,0.4458161865569273,1.0,44.58161865569273,False,,NO_ACTIVITY_CONTEXT,False,NO_INVESTIGATION,False,,,0,0,0,0,0,0,0.0,22.53,,
2026-07-31,575.0,49.63,6.1404,7.1785,0.8554,True,,0.0,0.4458,0.432,0.4187,23.96,1.0083,1.422,100.0,0.3011,0,False,False,False,False,CTRA,NO_INVESTIGATION,False,0,5,0.0,26.0,,property,27,9.39,62.57,8,0.2962962962962963,3,0.1111111111111111,0.2962962962962963,1,21.37,0.0,0.0,THIN,0.2085048010973937,0.0,20.85048010973937,False,,NO_ACTIVITY_CONTEXT,False,NO_INVESTIGATION,False,,,0,0,0,0,0,0,0.0,26.0,,
2026-08-03,580.0,50.92,6.087,7.1785,0.8479,True,,0.0,0.6992,0.6713,0.6269,19.69,1.009,1.3376,75.14,0.1343,0,False,False,False,False,CTRA,NO_INVESTIGATION,False,0,5,0.0,23.2,,property,27,13.11,61.47,9,0.3333333333333333,1,0.037037037037037035,0.37037037037037035,1,11.62,0.0,0.0,THIN,0.2469135802469136,0.0,24.69135802469136,False,,NO_ACTIVITY_CONTEXT,False,NO_INVESTIGATION,False,,,0,0,0,0,0,0,0.0,23.2,,
2026-08-04,585.0,30.0,6.9565,7.1785,0.9691,True,,0.79,1.0193,0.9992,0.5353,85.46,1.791,1.633,82.54,0.1836,0,False,False,False,False,CTRA,NO_INVESTIGATION,False,0,5,0.0,28.81,,property,27,10.55,26.145000000000003,5,0.18518518518518517,0,0.0,0.4444444444444444,1,0.0,0.0,1.0,THIN,0.36213991769547327,1.0,36.21399176954733,False,,NO_ACTIVITY_CONTEXT,False,NO_INVESTIGATION,False,,,0,0,0,0,0,0,0.0,28.81,,
2026-08-05,615.0,0.0,10.3448,6.987,1.4806,True,,67.31,1.7755,1.6882,1.5618,20.95,1.2035,0.969,51.13,0.0056,3,False,True,True,False,CTRA,NO_INVESTIGATION,False,0,5,0.0,28.45,,property,27,40.75,82.745,12,0.4444444444444444,1,0.037037037037037035,0.6666666666666666,1,71.08,1.0,0.0,THIN,0.37037037037037035,0.0,37.03703703703704,True,37.03703703703704,MIXED_CONTEXT,False,NO_INVESTIGATION,False,,,0,0,0,0,0,0,0.0,28.45,,
2026-08-06,605.0,0.0,9.4017,6.987,1.3456,True,,18.02,1.1167,1.0585,1.3671,4.36,0.8647,1.0925,7.01,-0.2439,1,False,False,False,False,CTRA,NO_INVESTIGATION,False,0,5,0.0,6.76,,property,27,18.02,56.93,10,0.37037037037037035,0,0.0,0.5185185185185185,1,67.24,1.0,0.0,THIN,0.32647462277091904,0.0,32.647462277091904,True,32.647462277091904,MIXED_CONTEXT,False,NO_INVESTIGATION,False,,,0,0,0,0,0,0,0.0,6.76,,
2026-08-07,625.0,0.0,9.0909,6.987,1.3011,True,,15.5,1.1388,1.063,1.2408,0.4,0.9838,1.0088,68.17,0.0908,1,False,False,False,False,CTRA,NO_INVESTIGATION,False,0,5,0.0,11.53,,property,27,0.0,28.735,4,0.14814814814814814,0,0.0,0.6666666666666666,1,29.61,0.0,0.0,THIN,0.5679012345679012,0.0,56.79012345679012,True,56.79012345679012,MIXED_CONTEXT,False,NO_INVESTIGATION,False,,,0,0,0,0,0,0,0.0,11.53,,
2026-08-10,615.0,0.0,8.9431,6.987,1.28,True,,62.6,1.5252,1.4241,1.9328,0.0,0.8478,0.9536,63.34,0.0667,3,False,True,True,False,CTRA,NO_INVESTIGATION,False,0,5,0.0,25.11,,property,27,12.47,68.595,8,0.2962962962962963,3,0.1111111111111111,0.7407407407407407,1,5.95,0.0,1.0,THIN,0.5212620027434842,1.0,52.12620027434842,True,52.12620027434842,MIXED_CONTEXT,False,NO_INVESTIGATION,False,,,0,0,0,0,0,0,0.0,25.11,,
2026-08-11,600.0,17.12,7.3171,6.987,1.0472,True,,2.88,0.9453,0.9037,1.0884,0.0,0.8422,0.8884,62.94,0.0647,0,False,False,False,False,CTRA,NO_INVESTIGATION,False,0,5,0.0,11.44,,property,27,2.88,13.344999999999999,2,0.07407407407407407,0,0.0,0.5185185185185185,1,0.0,0.0,1.0,THIN,0.4801097393689986,1.0,48.01097393689986,False,,NO_ACTIVITY_CONTEXT,False,NO_INVESTIGATION,False,,,0,0,0,0,0,0,0.0,11.44,,
2026-08-12,610.0,56.68,5.7377,6.987,0.8212,True,,0.0,0.8047,0.7703,0.7246,6.28,1.0718,0.8753,8.37,-0.233,0,True,False,False,False,CTRA,NO_INVESTIGATION,False,0,5,0.0,15.95,,property,27,0.0,9.42,1,0.037037037037037035,0,0.0,0.5185185185185185,1,0.0,0.0,1.0,THIN,0.4993141289437586,1.0,49.93141289437586,False,,NO_ACTIVITY_CONTEXT,False,NO_INVESTIGATION,False,,,0,0,0,0,0,0,0.0,15.95,,
2026-08-13,595.0,35.69,6.5574,6.987,0.9385,True,,0.0,0.5388,0.5216,0.966,5.54,0.5324,1.1174,0.0,-0.5455,0,False,False,False,False,CTRA,NO_INVESTIGATION,False,0,5,0.0,9.75,,property,27,0.0,3.51,1,0.037037037037037035,0,0.0,0.5925925925925926,1,0.0,0.0,1.0,THIN,0.5706447187928669,1.0,57.06447187928669,False,,NO_ACTIVITY_CONTEXT,False,NO_INVESTIGATION,False,,,0,0,0,0,0,0,0.0,9.75,,
2026-08-14,610.0,14.09,7.377,6.9265,1.065,True,,0.0,0.6092,0.5963,0.568,29.95,1.0532,1.5186,9.09,-0.2273,0,False,False,False,False,CTRA,NO_INVESTIGATION,False,0,5,0.0,8.92,,property,27,0.0,1.06,2,0.07407407407407407,0,0.0,0.7037037037037037,1,0.0,0.0,1.0,THIN,0.6515775034293553,1.0,65.15775034293553,False,,NO_ACTIVITY_CONTEXT,False,NO_INVESTIGATION,False,,,0,0,0,0,0,0,0.0,8.92,,
2026-08-18,630.0,34.69,6.5574,6.9265,0.9467,True,,46.52,1.4857,1.4205,1.2701,21.06,1.1662,1.1199,100.0,0.3207,3,False,False,True,False,CTRA,NO_INVESTIGATION,False,0,5,0.0,35.79,,property,27,2.79,22.799999999999997,4,0.14814814814814814,1,0.037037037037037035,0.8518518518518519,1,93.04,1.0,0.0,THIN,0.7256515775034293,0.0,72.56515775034293,True,72.56515775034293,STOCK_SPECIFIC_ACTIVITY,False,NO_INVESTIGATION,False,,,0,0,0,0,0,0,0.0,35.79,,
2026-08-19,620.0,0.0,10.6557,6.8966,1.5451,True,,94.52,2.5463,2.3708,1.9117,26.9,1.3051,0.425,16.56,-0.1675,3,False,True,True,False,CTRA,NO_INVESTIGATION,False,0,5,0.0,34.05,,property,27,0.0,27.994999999999997,6,0.2222222222222222,0,0.0,0.9259259259259259,1,100.0,1.0,0.0,THIN,0.720164609053498,0.0,72.0164609053498,True,72.0164609053498,STOCK_SPECIFIC_ACTIVITY,False,NO_INVESTIGATION,False,,,0,0,0,0,0,0,0.0,34.05,,
2026-08-20,625.0,0.0,10.4839,6.9265,1.5136,True,,0.0,0.8554,0.8146,0.6431,34.84,1.218,1.312,38.74,-0.045,0,False,False,False,False,CTRA,NO_INVESTIGATION,False,0,5,0.0,9.1,,property,27,10.87,68.375,9,0.3333333333333333,1,0.037037037037037035,0.37037037037037035,1,87.58,1.0,0.0,THIN,0.2469135802469136,0.0,24.69135802469136,False,,NO_ACTIVITY_CONTEXT,False,NO_INVESTIGATION,False,,,0,0,0,0,0,0,0.0,9.1,,
2026-08-21,625.0,0.0,10.4,7.1368,1.4572,True,,0.0,0.5938,0.5791,0.7668,0.0,0.7599,0.0,50.0,0.0,0,False,False,False,False,CTRA,NO_INVESTIGATION,False,0,5,0.0,5.0,,property,27,0.0,22.455,3,0.1111111111111111,1,0.037037037037037035,0.5185185185185185,1,29.51,0.0,0.0,THIN,0.46090534979423864,0.0,46.090534979423865,False,,NO_ACTIVITY_CONTEXT,False,NO_INVESTIGATION,False,,,0,0,0,0,0,0,0.0,5.0,,
2026-08-24,620.0,11.44,8.0,7.3471,1.0889,True,,0.0,0.6497,0.6393,0.9377,0.0,0.7365,0.9241,45.06,-0.0197,0,False,False,False,False,CTRA,NO_INVESTIGATION,False,0,5,0.0,7.37,,property,27,6.91,39.585,6,0.2222222222222222,0,0.0,0.4074074074074074,1,76.35,1.0,0.0,THIN,0.3168724279835391,0.0,31.68724279835391,False,,NO_ACTIVITY_CONTEXT,False,NO_INVESTIGATION,False,,,0,0,0,0,0,0,0.0,7.37,,
2026-08-26,605.0,16.55,8.0645,7.6359,1.0561,True,,67.31,1.5664,1.5128,2.2053,0.0,0.7542,0.9594,78.76,0.1584,3,False,True,True,False,CTRA,NO_INVESTIGATION,False,0,5,0.0,32.21,,property,27,50.01,74.195,14,0.5185185185185185,1,0.037037037037037035,0.7407407407407407,1,58.83,1.0,1.0,THIN,0.35665294924554186,0.0,35.66529492455419,True,35.66529492455419,MARKET_WIDE_ACTIVITY,False,NO_INVESTIGATION,False,,,0,0,0,0,0,0,0.0,32.21,,
2026-08-27,620.0,82.08,4.8387,7.9474,0.6088,True,,0.0,0.9759,0.9631,0.9449,28.5,1.0979,1.4162,100.0,0.4443,0,True,False,False,False,CTRA,NO_INVESTIGATION,False,0,5,0.0,34.8,,property,27,0.0,54.835,8,0.2962962962962963,2,0.07407407407407407,0.5185185185185185,1,14.43,0.0,0.0,THIN,0.36488340192043894,0.0,36.48834019204389,False,,NO_ACTIVITY_CONTEXT,False,NO_INVESTIGATION,False,,,0,0,0,0,0,0,0.0,34.8,,
2026-08-28,630.0,77.84,4.8387,7.6885,0.6293,True,,8.82,1.1153,1.0782,1.0577,21.99,1.1002,1.2792,100.0,0.3738,0,True,False,False,False,CTRA,NO_INVESTIGATION,False,0,5,0.0,35.4,,property,27,0.0,48.61,7,0.25925925925925924,2,0.07407407407407407,0.6296296296296297,1,59.68,1.0,0.0,THIN,0.4663923182441701,0.0,46.63923182441701,False,,NO_ACTIVITY_CONTEXT,False,NO_INVESTIGATION,False,,,0,0,0,0,0,0,0.0,35.4,,
2026-08-31,640.0,60.49,5.6452,7.3471,0.7684,True,,57.71,1.4722,1.4541,1.8343,15.02,0.8702,1.2825,100.0,0.5146,3,True,True,True,True,CTRA,EMERGING,True,1,5,20.0,48.69,48.69,property,27,69.98,80.765,17,0.6296296296296297,4,0.14814814814814814,0.48148148148148145,1,50.03,1.0,1.0,THIN,0.1783264746227709,0.0,17.83264746227709,True,17.83264746227709,MARKET_WIDE_ACTIVITY,True,EMERGING,True,CTRA-20260831-02,2026-08-31,1,1,1,1,1,0,20.0,48.69,48.69,
2026-09-01,640.0,45.55,6.3492,7.3471,0.8642,True,,0.0,0.4924,0.4779,0.8332,0.0,0.5943,0.3556,43.32,-0.0267,0,False,False,False,False,CTRA,WEAKENING,True,1,5,20.0,19.72,19.72,property,27,54.42,84.5,14,0.5185185185185185,2,0.07407407407407407,0.14814814814814814,1,74.2,1.0,0.0,THIN,0.07133058984910837,0.0,7.133058984910837,False,,NO_ACTIVITY_CONTEXT,False,WEAKENING,True,CTRA-20260831-02,2026-08-31,2,1,1,1,1,1,20.0,19.72,19.72,
2026-09-02,625.0,45.55,6.3492,7.3471,0.8642,True,,0.0,0.6114,0.5988,0.6474,0.0,0.9673,0.8638,43.59,-0.0257,0,False,False,False,False,CTRA,WEAKENING,True,1,5,20.0,19.75,19.75,property,27,17.97,62.275000000000006,8,0.2962962962962963,0,0.0,0.18518518518518517,1,10.99,0.0,0.0,THIN,0.13031550068587106,0.0,13.031550068587105,False,,NO_ACTIVITY_CONTEXT,False,CLOSED,False,CTRA-20260831-02,2026-08-31,3,1,1,1,1,2,20.0,19.75,,TWO_UNSUPPORTED_SESSIONS
2026-09-03,645.0,89.02,3.9062,7.3471,0.5317,True,,82.35,2.0126,1.9514,1.8384,13.83,1.151,1.0493,100.0,0.3434,3,True,True,True,True,CTRA,DEVELOPING,True,2,5,40.0,67.03,67.03,property,27,32.28,69.175,9,0.3333333333333333,1,0.037037037037037035,0.8148148148148148,1,30.06,0.0,1.0,THIN,0.54320987654321,1.0,54.320987654320994,True,54.320987654320994,MIXED_CONTEXT,True,EMERGING,True,CTRA-20260903-03,2026-09-03,1,1,1,1,1,0,20.0,63.03,63.03,
2026-09-04,635.0,75.45,4.6875,7.3471,0.638,True,,57.3,2.0211,1.942,0.8705,86.85,2.0763,1.4498,2.7,-0.2784,2,True,True,True,True,CTRA,DEVELOPING,True,3,5,60.0,61.35,61.35,property,27,0.0,24.19,5,0.18518518518518517,1,0.037037037037037035,0.8518518518518519,1,24.26,0.0,1.0,THIN,0.6941015089163238,1.0,69.41015089163238,True,69.41015089163238,STOCK_SPECIFIC_ACTIVITY,True,DEVELOPING,True,CTRA-20260903-03,2026-09-03,2,2,2,2,2,0,40.0,57.35,57.35,
2026-09-07,635.0,69.66,4.7244,6.9372,0.681,True,,0.0,0.4567,0.4452,0.5584,5.27,0.8078,1.0992,72.97,0.1198,0,True,False,False,False,CTRA,WEAKENING,True,2,5,40.0,33.5,33.5,property,27,0.77,43.894999999999996,6,0.2222222222222222,2,0.07407407407407407,0.4444444444444444,1,0.0,0.0,1.0,THIN,0.345679012345679,1.0,34.5679012345679,False,,NO_ACTIVITY_CONTEXT,False,WEAKENING,True,CTRA-20260903-03,2026-09-03,3,2,2,2,2,1,40.0,33.5,33.5,
2026-09-08,630.0,64.59,4.7244,6.5574,0.7205,True,,42.03,1.617,1.6081,1.0765,51.38,1.5458,1.18,67.29,0.0864,2,True,False,True,False,CTRA,WEAKENING,True,2,5,40.0,51.19,51.19,property,27,21.11,72.91999999999999,10,0.37037037037037035,1,0.037037037037037035,0.6296296296296297,1,0.0,0.0,1.0,THIN,0.3964334705075446,1.0,39.643347050754464,True,39.643347050754464,MIXED_CONTEXT,True,DEVELOPING,True,CTRA-20260903-03,2026-09-03,4,2,3,3,2,0,60.0,55.19,55.19,
2026-09-09,625.0,46.41,5.5118,6.4533,0.8541,True,,30.56,1.3625,1.37,1.1783,11.05,1.1558,0.753,61.06,0.0553,2,False,False,True,False,CTRA,WEAKENING,True,2,5,40.0,36.53,36.53,property,27,51.62,75.14,14,0.5185185185185185,4,0.14814814814814814,0.4074074074074074,1,0.0,0.0,1.0,THIN,0.19615912208504802,1.0,19.615912208504803,True,19.615912208504803,MARKET_WIDE_ACTIVITY,True,ESTABLISHED,True,CTRA-20260903-03,2026-09-03,5,2,4,4,2,0,80.0,44.53,44.53,
2026-09-10,620.0,24.67,6.3492,6.3492,1.0,True,,0.0,0.5246,0.5283,0.8263,0.0,0.6073,0.8919,69.9,0.0995,0,False,False,False,False,CTRA,WEAKENING,True,1,5,20.0,17.16,17.16,property,27,23.38,67.435,12,0.4444444444444444,2,0.07407407407407407,0.2962962962962963,1,0.0,0.0,1.0,THIN,0.1646090534979424,1.0,16.46090534979424,False,,NO_ACTIVITY_CONTEXT,False,WEAKENING,True,CTRA-20260903-03,2026-09-03,6,2,4,3,1,1,60.0,25.16,25.16,
2026-09-11,615.0,42.45,5.6,6.3492,0.882,True,,9.17,0.6525,0.6554,1.2691,0.0,0.5105,0.7885,62.47,0.0624,1,False,False,False,False,CTRA,NO_INVESTIGATION,False,0,5,0.0,19.61,,property,27,18.62,50.334999999999994,7,0.25925925925925924,0,0.0,0.4444444444444444,1,0.0,0.0,1.0,THIN,0.3292181069958847,1.0,32.92181069958847,True,32.92181069958847,MIXED_CONTEXT,True,DEVELOPING,True,CTRA-20260903-03,2026-09-03,7,2,5,3,0,0,60.0,31.61,31.61,
2026-09-14,615.0,41.38,5.6452,6.3492,0.8891,True,,7.93,1.0777,1.0947,1.0627,5.45,0.9475,1.1186,89.89,0.2326,0,False,False,False,False,CTRA,NO_INVESTIGATION,False,0,5,0.0,22.53,,property,27,26.07,74.15,11,0.4074074074074074,0,0.0,0.3333333333333333,1,0.0,0.0,1.0,THIN,0.19753086419753085,1.0,19.753086419753085,False,,NO_ACTIVITY_CONTEXT,False,WEAKENING,True,CTRA-20260903-03,2026-09-03,8,2,5,3,0,1,60.0,34.53,34.53,
2026-09-15,605.0,71.62,4.065,5.9972,0.6778,True,,0.0,0.5984,0.6024,0.6738,7.86,0.8742,1.1711,20.13,-0.139,0,True,False,False,False,CTRA,NO_INVESTIGATION,False,0,5,0.0,21.1,,property,27,0.0,11.379999999999999,4,0.14814814814814814,0,0.0,0.5185185185185185,1,0.0,0.0,1.0,THIN,0.44170096021947874,1.0,44.17009602194788,False,,NO_ACTIVITY_CONTEXT,False,CLOSED,False,CTRA-20260903-03,2026-09-03,9,2,5,2,0,2,40.0,29.1,,TWO_UNSUPPORTED_SESSIONS
2026-09-16,600.0,47.3,4.878,5.6452,0.8641,True,,1.51,0.8173,0.8295,1.0432,3.94,0.8066,1.0842,0.0,-0.3423,0,False,False,False,False,CTRA,NO_INVESTIGATION,False,0,5,0.0,12.87,,property,27,0.0,19.835,2,0.07407407407407407,0,0.0,0.6666666666666666,1,0.0,0.0,1.0,THIN,0.6172839506172839,1.0,61.72839506172839,False,,NO_ACTIVITY_CONTEXT,False,NO_INVESTIGATION,False,,,0,0,0,0,0,0,0.0,12.87,,
2026-09-17,595.0,67.53,4.1322,5.6226,0.7349,True,,12.33,1.1114,1.1476,1.1008,3.67,1.039,1.021,61.96,0.0598,0,True,False,False,False,CTRA,NO_INVESTIGATION,False,0,5,0.0,27.33,,property,27,0.0,8.625,3,0.1111111111111111,0,0.0,0.7777777777777778,1,0.0,0.0,1.0,THIN,0.691358024691358,1.0,69.1358024691358,False,,NO_ACTIVITY_CONTEXT,False,NO_INVESTIGATION,False,,,0,0,0,0,0,0,0.0,27.33,,
2026-09-18,570.0,0.0,8.3333,5.5559,1.4999,True,,97.77,2.7898,2.9848,1.9709,33.99,1.4568,0.8805,0.0,-0.5672,3,False,True,True,False,CTRA,NO_INVESTIGATION,False,0,5,0.0,34.43,,property,27,48.09,72.95,12,0.4444444444444444,1,0.037037037037037035,1.0,1,70.0,1.0,1.0,THIN,0.5555555555555556,0.0,55.55555555555556,True,55.55555555555556,MIXED_CONTEXT,False,NO_INVESTIGATION,False,,,0,0,0,0,0,0,0.0,34.43,,
2026-09-21,560.0,0.0,10.084,5.5559,1.815,True,,37.08,1.4042,1.5074,1.1952,14.92,1.1647,1.0662,18.99,-0.1481,2,False,False,True,False,CTRA,NO_INVESTIGATION,False,0,5,0.0,15.26,,property,27,0.0,3.005,2,0.07407407407407407,0,0.0,0.9259259259259259,1,94.5,1.0,0.0,THIN,0.8573388203017833,0.0,85.73388203017834,True,85.73388203017834,STOCK_SPECIFIC_ACTIVITY,False,NO_INVESTIGATION,False,,,0,0,0,0,0,0,0.0,15.26,,
2026-09-22,565.0,0.0,9.6491,5.5559,1.7367,True,,0.0,0.8074,0.882,0.723,9.08,1.1267,0.5779,92.4,0.2493,0,False,False,False,False,CTRA,NO_INVESTIGATION,False,0,5,0.0,10.6,,property,27,2.89,15.330000000000002,4,0.14814814814814814,0,0.0,0.4074074074074074,1,96.82,1.0,0.0,THIN,0.34705075445816186,0.0,34.705075445816185,False,,NO_ACTIVITY_CONTEXT,False,NO_INVESTIGATION,False,,,0,0,0,0,0,0,0.0,10.6,,
2026-09-23,575.0,0.0,8.7719,5.5559,1.5788,True,,0.0,0.5982,0.6504,0.7505,0.0,0.7971,0.5744,7.09,-0.2433,0,False,False,False,False,CTRA,NO_INVESTIGATION,False,0,5,0.0,0.71,,property,27,0.0,4.3549999999999995,2,0.07407407407407407,0,0.0,0.6296296296296297,1,33.69,0.0,0.0,THIN,0.5829903978052127,0.0,58.29903978052127,False,,NO_ACTIVITY_CONTEXT,False,NO_INVESTIGATION,False,,,0,0,0,0,0,0,0.0,0.71,,
2026-09-24,565.0,0.0,7.9646,5.5559,1.4335,True,,0.0,0.4767,0.5101,0.5167,20.57,0.8765,1.3771,0.0,-0.3135,0,False,False,False,False,CTRA,NO_INVESTIGATION,False,0,5,0.0,3.09,,property,27,0.0,0.0,2,0.07407407407407407,0,0.0,0.8148148148148148,1,0.0,0.0,1.0,THIN,0.7544581618655692,1.0,75.44581618655693,False,,NO_ACTIVITY_CONTEXT,False,NO_INVESTIGATION,False,,,0,0,0,0,0,0,0.0,3.09,,
2026-09-25,570.0,59.71,4.4248,5.6226,0.787,True,,0.0,0.5173,0.5391,0.4057,22.05,1.1673,1.1923,73.5,0.1233,0,True,False,False,False,CTRA,NO_INVESTIGATION,False,0,5,0.0,25.59,,property,27,0.0,0.0,1,0.037037037037037035,0,0.0,0.7777777777777778,1,0.0,0.0,1.0,THIN,0.7489711934156379,1.0,74.8971193415638,False,,NO_ACTIVITY_CONTEXT,False,NO_INVESTIGATION,False,,,0,0,0,0,0,0,0.0,25.59,,
2026-09-28,555.0,9.55,6.1947,5.6226,1.1018,True,,1.49,0.9988,1.0496,1.0011,0.0,0.8115,0.8148,0.0,-0.3283,0,False,False,False,False,CTRA,NO_INVESTIGATION,False,0,5,0.0,2.83,,property,27,0.0,4.0649999999999995,1,0.037037037037037035,0,0.0,0.6666666666666666,1,0.0,0.0,1.0,THIN,0.6419753086419753,1.0,64.19753086419753,False,,NO_ACTIVITY_CONTEXT,False,NO_INVESTIGATION,False,,,0,0,0,0,0,0,0.0,2.83,,
2026-09-29,540.0,0.0,8.8496,5.6226,1.5739,True,,42.22,1.5013,1.6074,1.1508,4.15,1.0578,0.5795,46.64,-0.0135,2,False,False,True,False,CTRA,NO_INVESTIGATION,False,0,5,0.0,17.95,,property,27,13.22,41.695,3,0.1111111111111111,0,0.0,0.7777777777777778,1,22.34,0.0,1.0,THIN,0.691358024691358,1.0,69.1358024691358,True,69.1358024691358,STOCK_SPECIFIC_ACTIVITY,False,NO_INVESTIGATION,False,,,0,0,0,0,0,0,0.0,17.95,,
2026-06-12,550.0,16.48,16.4486,15.5238,1.0596,True,,0.0,0.8487,0.9281,0.6468,14.07,1.1938,0.6037,27.18,-0.0913,0,False,False,False,False,EMTK,NO_INVESTIGATION,False,0,5,0.0,8.95,,technology,27,7.79,25.415,4,0.14814814814814814,0,0.0,0.4074074074074074,0,,,,NONE,0.34705075445816186,,34.705075445816185,False,,NO_ACTIVITY_CONTEXT,False,NO_INVESTIGATION,False,,,0,0,0,0,0,0,0.0,8.95,,
2026-06-15,590.0,0.0,24.6296,15.7519,1.5636,True,,24.52,1.3308,1.3901,0.9373,26.78,1.2959,1.1119,0.0,-0.3252,2,False,False,True,False,EMTK,NO_INVESTIGATION,False,0,5,0.0,11.37,,technology,27,42.94,64.585,13,0.48148148148148145,0,0.0,0.4074074074074074,0,,,,NONE,0.21124828532235942,,21.12482853223594,True,21.12482853223594,MIXED_CONTEXT,False,NO_INVESTIGATION,False,,,0,0,0,0,0,0,0.0,11.37,,
2026-06-17,580.0,4.69,19.0909,16.119,1.1844,True,,0.0,0.8671,0.8932,0.8042,0.0,0.9948,0.96,0.0,-0.3196,0,False,False,False,False,EMTK,NO_INVESTIGATION,False,0,5,0.0,1.17,,technology,27,0.0,18.119999999999997,4,0.14814814814814814,0,0.0,0.5185185185185185,0,,,,NONE,0.44170096021947874,,44.17009602194788,False,,NO_ACTIVITY_CONTEXT,False,NO_INVESTIGATION,False,,,0,0,0,0,0,0,0.0,1.17,,
2026-06-18,570.0,10.02,18.4211,16.7277,1.1012,True,,0.0,0.2931,0.3033,0.3597,0.0,0.749,0.8341,61.84,0.0592,0,False,False,False,False,EMTK,NO_INVESTIGATION,False,0,5,0.0,8.69,,technology,27,0.0,2.745,1,0.037037037037037035,0,0.0,0.7037037037037037,0,,,,NONE,0.6776406035665296,,67.76406035665296,False,,NO_ACTIVITY_CONTEXT,False,NO_INVESTIGATION,False,,,0,0,0,0,0,0,0.0,8.69,,
2026-06-19,550.0,49.65,14.9123,17.7139,0.8418,True,,70.0,5.4003,5.7937,0.5617,93.8,8.9501,1.8484,42.44,-0.0302,2,False,True,True,False,EMTK,NO_INVESTIGATION,False,0,5,0.0,51.73,,technology,27,66.7,70.0,17,0.6296296296296297,6,0.2222222222222222,0.8518518518518519,0,,,,NONE,0.31550068587105623,,31.550068587105624,True,31.550068587105624,MARKET_WIDE_ACTIVITY,True,NO_INVESTIGATION,False,,,0,0,0,0,0,0,0.0,51.73,,
2026-06-22,550.0,62.76,13.1579,17.4348,0.7547,True,,0.0,0.531,0.5729,0.5822,10.25,0.9259,1.2517,0.0,-0.3472,0,True,False,False,False,EMTK,NO_INVESTIGATION,False,0,5,0.0,17.23,,technology,27,0.0,14.54,1,0.037037037037037035,0,0.0,0.6296296296296297,0,,,,NONE,0.6063100137174212,,60.63100137174212,False,,NO_ACTIVITY_CONTEXT,False,NO_INVESTIGATION,False,,,0,0,0,0,0,0,0.0,17.23,,
2026-06-23,545.0,59.19,13.6364,17.4348,0.7821,True,,0.0,0.7022,0.7553,0.9146,14.14,0.7451,1.334,5.43,-0.2565,0,True,False,False,False,EMTK,NO_INVESTIGATION,False,0,5,0.0,17.46,,technology,27,0.0,0.0,1,0.037037037037037035,0,0.0,0.8148148148148148,0,,,,NONE,0.7846364883401921,,78.46364883401921,False,,NO_ACTIVITY_CONTEXT,False,NO_INVESTIGATION,False,,,0,0,0,0,0,0,0.0,17.46,,
2026-06-24,520.0,26.16,17.2727,17.4348,0.9907,True,,100.0,4.5384,4.4854,3.108,27.36,1.3987,0.4234,0.0,-0.3169,3,False,True,True,False,EMTK,NO_INVESTIGATION,False,0,5,0.0,40.64,,technology,27,0.0,10.780000000000001,1,0.037037037037037035,0,0.0,1.0,0,,,,NONE,0.962962962962963,,96.2962962962963,True,96.2962962962963,STOCK_SPECIFIC_ACTIVITY,False,NO_INVESTIGATION,False,,,0,0,0,0,0,0,0.0,40.64,,
2026-06-25,530.0,28.32,17.4312,17.8469,0.9767,True,,58.39,1.9799,1.9547,1.1208,43.14,1.5996,1.1206,35.97,-0.0561,2,False,True,True,False,EMTK,NO_INVESTIGATION,False,0,5,0.0,34.66,,technology,27,0.0,12.219999999999999,5,0.18518518518518517,1,0.037037037037037035,1.0,0,,,,NONE,0.8148148148148149,,81.4814814814815,True,81.4814814814815,STOCK_SPECIFIC_ACTIVITY,False,NO_INVESTIGATION,False,,,0,0,0,0,0,0,0.0,34.66,,
2026-06-26,505.0,3.47,20.566,17.352,1.1852,True,,20.26,1.1756,1.304,1.1362,2.14,1.0309,0.6519,6.64,-0.2468,1,False,False,False,False,EMTK,NO_INVESTIGATION,False,0,5,0.0,7.93,,technology,27,0.0,0.0,1,0.037037037037037035,0,0.0,0.9629629629629629,0,,,,NONE,0.9272976680384087,,92.72976680384087,True,92.72976680384087,STOCK_SPECIFIC_ACTIVITY,False,NO_INVESTIGATION,False,,,0,0,0,0,0,0,0.0,7.93,,
2026-06-29,510.0,2.11,20.9615,17.352,1.208,True,,0.0,0.3939,0.422,0.3213,26.05,1.3319,0.9788,39.34,-0.0426,0,False,False,False,False,EMTK,NO_INVESTIGATION,False,0,5,0.0,8.37,,technology,27,0.0,0.0,1,0.037037037037037035,0,0.0,0.9629629629629629,0,,,,NONE,0.9272976680384087,,92.72976680384087,False,,NO_ACTIVITY_CONTEXT,False,NO_INVESTIGATION,False,,,0,0,0,0,0,0,0.0,8.37,,
2026-06-30,486.0,0.0,23.7255,17.9261,1.3235,True,,0.0,0.6971,0.7698,0.7684,0.0,0.9663,0.6515,7.93,-0.2365,0,False,False,False,False,EMTK,NO_INVESTIGATION,False,0,5,0.0,0.79,,technology,27,0.0,25.9,2,0.07407407407407407,0,0.0,0.5925925925925926,0,,,,NONE,0.5486968449931413,,54.86968449931413,False,,NO_ACTIVITY_CONTEXT,False,NO_INVESTIGATION,False,,,0,0,0,0,0,0,0.0,0.79,,
2026-07-01,482.0,57.1,14.6535,18.756,0.7813,True,,0.0,0.7046,0.8142,0.7921,0.0,0.8347,0.7175,19.52,-0.1438,0,True,False,False,False,EMTK,NO_INVESTIGATION,False,0,5,0.0,16.23,,technology,27,0.0,0.0,1,0.037037037037037035,0,0.0,0.8518518518518519,0,,,,NONE,0.8203017832647462,,82.03017832647463,False,,NO_ACTIVITY_CONTEXT,False,NO_INVESTIGATION,False,,,0,0,0,0,0,0,0.0,16.23,,
2026-07-02,515.0,84.09,10.6931,18.756,0.5701,True,,0.0,0.7258,0.8026,0.8702,14.81,0.8059,1.3357,100.0,0.4773,0,True,False,False,False,EMTK,NO_INVESTIGATION,False,0,5,0.0,33.24,,technology,27,0.0,0.0,1,0.037037037037037035,0,0.0,0.8888888888888888,0,,,,NONE,0.8559670781893004,,85.59670781893004,False,,NO_ACTIVITY_CONTEXT,False,NO_INVESTIGATION,False,,,0,0,0,0,0,0,0.0,33.24,,
2026-07-03,525.0,75.57,11.5686,17.9261,0.6454,True,,0.0,0.5331,0.5172,0.6213,1.86,0.7261,1.043,3.56,-0.2715,0,True,False,False,False,EMTK,NO_INVESTIGATION,False,0,5,0.0,19.53,,technology,27,0.0,0.0,1,0.037037037037037035,0,0.0,0.7777777777777778,0,,,,NONE,0.7489711934156379,,74.8971193415638,False,,NO_ACTIVITY_CONTEXT,False,NO_INVESTIGATION,False,,,0,0,0,0,0,0,0.0,19.53,,
2026-07-06,515.0,73.82,11.4563,17.352,0.6602,True,,0.0,0.3783,0.3682,0.6265,0.0,0.5134,0.7823,46.93,-0.0123,0,True,False,False,False,EMTK,NO_INVESTIGATION,False,0,5,0.0,23.15,,technology,27,0.0,0.0,0,0.0,0,0.0,0.8148148148148148,0,,,,NONE,0.8148148148148148,,81.48148148148148,False,,NO_ACTIVITY_CONTEXT,False,NO_INVESTIGATION,False,,,0,0,0,0,0,0,0.0,23.15,,
2026-07-07,515.0,71.27,11.4563,16.8607,0.6795,True,,0.0,0.6655,0.6604,0.7787,9.56,0.7242,1.2115,4.59,-0.2633,0,True,False,False,False,EMTK,NO_INVESTIGATION,False,0,5,0.0,19.71,,technology,27,0.0,6.77,1,0.037037037037037035,1,0.037037037037037035,0.7037037037037037,0,,,,NONE,0.6776406035665296,,67.76406035665296,False,,NO_ACTIVITY_CONTEXT,False,NO_INVESTIGATION,False,,,0,0,0,0,0,0,0.0,19.71,,
2026-07-08,496.0,77.89,9.9029,15.6804,0.6315,True,,0.0,0.5666,0.5833,0.8722,0.0,0.6104,0.87,0.0,-0.4161,0,True,False,False,False,EMTK,NO_INVESTIGATION,False,0,5,0.0,19.47,,technology,27,0.0,0.02,0,0.0,0,0.0,0.7407407407407407,0,,,,NONE,0.7407407407407407,,74.07407407407408,False,,NO_ACTIVITY_CONTEXT,False,NO_INVESTIGATION,False,,,0,0,0,0,0,0,0.0,19.47,,
2026-07-09,510.0,84.72,8.3495,14.7829,0.5648,True,,0.0,0.4006,0.4199,0.4877,0.0,0.8603,0.8661,38.47,-0.0461,0,True,False,False,False,EMTK,NO_INVESTIGATION,False,0,5,0.0,25.03,,technology,27,0.0,0.0,0,0.0,0,0.0,0.8148148148148148,0,,,,NONE,0.8148148148148148,,81.48148148148148,False,,NO_ACTIVITY_CONTEXT,False,NO_INVESTIGATION,False,,,0,0,0,0,0,0,0.0,25.03,,
2026-07-10,505.0,83.81,8.4314,14.7829,0.5703,True,,0.0,0.3613,0.3868,0.6195,0.0,0.6481,0.9005,0.0,-0.3204,0,True,False,False,False,EMTK,NO_INVESTIGATION,False,0,5,0.0,20.95,,technology,27,0.0,0.0,0,0.0,0,0.0,0.7777777777777778,0,,,,NONE,0.7777777777777778,,77.77777777777779,False,,NO_ACTIVITY_CONTEXT,False,NO_INVESTIGATION,False,,,0,0,0,0,0,0,0.0,20.95,,
2026-07-13,510.0,83.24,8.4314,14.7829,0.5703,True,,0.0,0.665,0.7185,0.796,0.0,0.8893,0.8739,12.89,-0.1969,0,True,False,False,False,EMTK,NO_INVESTIGATION,False,0,5,0.0,22.1,,technology,27,0.0,0.0,2,0.07407407407407407,0,0.0,0.7777777777777778,0,,,,NONE,0.720164609053498,,72.0164609053498,False,,NO_ACTIVITY_CONTEXT,False,NO_INVESTIGATION,False,,,0,0,0,0,0,0,0.0,22.1,,
2026-07-14,520.0,78.55,8.4314,14.1449,0.5961,True,,15.94,1.1775,1.2042,1.0923,1.52,1.0226,0.9856,11.96,-0.2043,1,True,False,False,False,EMTK,NO_INVESTIGATION,False,0,5,0.0,25.84,,technology,27,4.74,24.61,6,0.2222222222222222,0,0.0,0.6666666666666666,0,,,,NONE,0.5185185185185185,,51.85185185185185,True,51.85185185185185,MIXED_CONTEXT,True,NO_INVESTIGATION,False,,,0,0,0,0,0,0,0.0,25.84,,
2026-07-15,515.0,73.9,8.4314,13.3971,0.6293,True,,3.06,0.8787,0.907,1.0889,5.59,0.7655,1.1183,0.0,-0.6455,0,True,False,False,False,EMTK,NO_INVESTIGATION,False,0,5,0.0,20.23,,technology,27,3.06,20.625,3,0.1111111111111111,2,0.07407407407407407,0.5185185185185185,0,,,,NONE,0.46090534979423864,,46.090534979423865,False,,NO_ACTIVITY_CONTEXT,False,NO_INVESTIGATION,False,,,0,0,0,0,0,0,0.0,20.23,,
2026-07-16,530.0,82.41,6.7961,12.3633,0.5497,True,,34.03,1.467,1.4679,1.0664,17.52,1.2397,0.9668,67.73,0.0887,2,True,False,True,False,EMTK,NO_INVESTIGATION,False,0,5,0.0,40.21,,technology,27,2.62,37.715,5,0.18518518518518517,2,0.07407407407407407,0.7407407407407407,0,,,,NONE,0.6035665294924555,,60.35665294924555,True,60.35665294924555,MIXED_CONTEXT,True,NO_INVESTIGATION,False,,,0,0,0,0,0,0,0.0,40.21,,
2026-07-17,535.0,60.02,8.6538,11.5125,0.7517,True,,58.09,1.6481,1.6567,1.386,4.77,1.0708,0.6906,7.98,-0.2362,3,True,True,True,True,EMTK,EMERGING,True,1,5,20.0,37.95,37.95,technology,27,10.93,54.2,8,0.2962962962962963,2,0.07407407407407407,0.8148148148148148,0,,,,NONE,0.5733882030178327,,57.338820301783265,True,57.338820301783265,MIXED_CONTEXT,True,EMERGING,True,EMTK-20260717-01,2026-07-17,1,1,1,1,1,0,20.0,37.95,37.95,
2026-07-20,540.0,71.4,7.5472,11.4563,0.6588,True,,20.37,1.2312,1.2229,1.1226,0.0,0.9654,0.6921,12.73,-0.1982,2,True,False,True,False,EMTK,WEAKENING,True,1,5,20.0,29.23,29.23,technology,27,31.73,51.675,7,0.25925925925925924,2,0.07407407407407407,0.3333333333333333,0,,,,NONE,0.24691358024691357,,24.691358024691358,True,24.691358024691358,MIXED_CONTEXT,True,DEVELOPING,True,EMTK-20260717-01,2026-07-17,2,1,2,2,1,0,40.0,33.23,33.23,
2026-07-21,550.0,59.94,8.4112,11.0747,0.7595,True,,67.94,1.76,1.7214,1.4731,13.49,1.1935,0.4936,64.62,0.0731,3,True,True,True,True,EMTK,DEVELOPING,True,2,5,40.0,51.85,51.85,technology,27,21.74,66.245,9,0.3333333333333333,5,0.18518518518518517,0.8148148148148148,0,,,,NONE,0.54320987654321,,54.320987654320994,True,54.320987654320994,MIXED_CONTEXT,True,DEVELOPING,True,EMTK-20260717-01,2026-07-17,3,2,3,3,2,0,60.0,55.85,55.85,
2026-07-22,540.0,26.43,10.1852,10.298,0.989,True,,92.23,2.713,2.6458,1.7923,43.07,1.5611,0.6151,0.11,-0.2991,3,False,True,True,False,EMTK,WEAKENING,True,2,5,40.0,48.75,48.75,technology,27,44.55,85.55000000000001,13,0.48148148148148145,3,0.1111111111111111,0.8148148148148148,0,,,,NONE,0.42249657064471885,,42.24965706447188,True,42.24965706447188,MIXED_CONTEXT,False,WEAKENING,True,EMTK-20260717-01,2026-07-17,4,2,3,3,2,1,60.0,52.75,52.75,
2026-07-23,535.0,37.72,9.2593,10.044,0.9219,True,,95.06,2.9257,2.8189,1.8501,46.36,1.631,0.5806,57.03,0.0351,3,False,True,True,False,EMTK,WEAKENING,True,2,5,40.0,58.61,58.61,technology,27,50.68,81.85,14,0.5185185185185185,2,0.07407407407407407,0.8888888888888888,0,,,,NONE,0.4279835390946502,,42.79835390946502,True,42.79835390946502,MIXED_CONTEXT,False,CLOSED,False,EMTK-20260717-01,2026-07-17,5,2,3,3,2,2,60.0,62.61,,TWO_UNSUPPORTED_SESSIONS
2026-07-24,515.0,4.21,11.1111,9.5811,1.1597,True,,40.68,1.4092,1.4451,1.3048,9.25,1.1138,1.0159,23.25,-0.114,3,False,False,True,False,EMTK,WEAKENING,True,1,5,20.0,20.97,20.97,technology,27,11.43,44.915,6,0.2222222222222222,1,0.037037037037037035,0.7407407407407407,0,,,,NONE,0.5761316872427983,,57.61316872427983,True,57.61316872427983,MIXED_CONTEXT,False,NO_INVESTIGATION,False,,,0,0,0,0,0,0,0.0,16.97,,
2026-07-27,520.0,0.0,13.0841,9.5811,1.3656,True,,11.35,1.1386,1.1785,1.0069,38.45,1.1663,1.514,100.0,0.3319,0,False,False,False,False,EMTK,WEAKENING,True,1,5,20.0,23.17,23.17,technology,27,0.0,14.01,1,0.037037037037037035,0,0.0,0.7037037037037037,0,,,,NONE,0.6776406035665296,,67.76406035665296,False,,NO_ACTIVITY_CONTEXT,False,NO_INVESTIGATION,False,,,0,0,0,0,0,0,0.0,19.17,,
2026-07-28,515.0,0.0,13.4615,9.5811,1.405,True,,0.0,0.5096,0.5135,0.5318,23.38,1.03,1.4252,95.76,0.2717,0,False,False,False,False,EMTK,NO_INVESTIGATION,False,0,5,0.0,13.08,,technology,27,0.0,4.82,1,0.037037037037037035,1,0.037037037037037035,0.6296296296296297,0,,,,NONE,0.6063100137174212,,60.63100137174212,False,,NO_ACTIVITY_CONTEXT,False,NO_INVESTIGATION,False,,,0,0,0,0,0,0,0.0,13.08,,
2026-07-29,510.0,0.0,14.7573,9.5811,1.5403,True,,9.01,1.0939,1.1512,1.0181,13.11,1.1081,1.0836,19.49,-0.1441,0,False,False,False,False,EMTK,NO_INVESTIGATION,False,0,5,0.0,6.62,,technology,27,2.68,28.005,3,0.1111111111111111,1,0.037037037037037035,0.6296296296296297,0,,,,NONE,0.5596707818930041,,55.96707818930041,False,,NO_ACTIVITY_CONTEXT,False,NO_INVESTIGATION,False,,,0,0,0,0,0,0,0.0,6.62,,
2026-07-30,525.0,54.99,7.9612,9.5811,0.8309,True,,0.0,0.7178,0.7335,0.6009,54.57,1.232,1.7322,100.0,0.5174,0,False,False,False,False,EMTK,NO_INVESTIGATION,False,0,5,0.0,31.93,,technology,27,0.45,16.86,2,0.07407407407407407,0,0.0,0.48148148148148145,0,,,,NONE,0.4458161865569273,,44.58161865569273,False,,NO_ACTIVITY_CONTEXT,False,NO_INVESTIGATION,False,,,0,0,0,0,0,0,0.0,31.93,,
2026-07-31,530.0,9.45,9.8077,8.9566,1.095,True,,0.0,0.8771,0.8606,0.8236,9.25,0.9459,1.1946,84.31,0.1954,0,False,False,False,False,EMTK,NO_INVESTIGATION,False,0,5,0.0,12.18,,technology,27,9.39,62.57,8,0.2962962962962963,3,0.1111111111111111,0.2962962962962963,0,,,,NONE,0.2085048010973937,,20.85048010973937,False,,NO_ACTIVITY_CONTEXT,False,NO_INVESTIGATION,False,,,0,0,0,0,0,0,0.0,12.18,,
2026-08-03,520.0,8.85,9.8077,8.9566,1.095,True,,50.18,1.6734,1.7014,1.1002,45.04,1.3546,1.2756,79.53,0.1635,2,False,True,True,False,EMTK,NO_INVESTIGATION,False,0,5,0.0,31.98,,technology,27,13.11,61.47,9,0.3333333333333333,1,0.037037037037037035,0.7037037037037037,0,,,,NONE,0.4691358024691359,,46.91358024691359,True,46.91358024691359,MIXED_CONTEXT,False,NO_INVESTIGATION,False,,,0,0,0,0,0,0,0.0,31.98,,
2026-08-04,530.0,10.25,9.7143,8.9566,1.0846,True,,55.69,1.9023,1.9023,0.9628,91.9,1.9554,1.7899,87.47,0.2165,2,False,True,True,False,EMTK,NO_INVESTIGATION,False,0,5,0.0,41.8,,technology,27,10.55,26.145000000000003,5,0.18518518518518517,0,0.0,0.8518518518518519,0,,,,NONE,0.6941015089163238,,69.41015089163238,True,69.41015089163238,STOCK_SPECIFIC_ACTIVITY,False,NO_INVESTIGATION,False,,,0,0,0,0,0,0,0.0,41.8,,
2026-08-05,530.0,35.17,8.4906,8.9566,0.948,True,,17.76,1.215,1.1995,1.0921,28.81,1.1229,1.3979,0.0,-0.3242,1,False,False,False,False,EMTK,NO_INVESTIGATION,False,0,5,0.0,18.44,,technology,27,40.75,82.745,12,0.4444444444444444,1,0.037037037037037035,0.37037037037037035,0,,,,NONE,0.205761316872428,,20.5761316872428,True,20.5761316872428,MIXED_CONTEXT,False,NO_INVESTIGATION,False,,,0,0,0,0,0,0,0.0,18.44,,
2026-08-06,530.0,26.55,8.4906,8.5722,0.9905,True,,59.88,1.801,1.7615,1.2748,48.1,1.4339,1.2138,19.82,-0.1415,3,False,True,True,False,EMTK,NO_INVESTIGATION,False,0,5,0.0,33.8,,technology,27,18.02,56.93,10,0.37037037037037035,0,0.0,0.7777777777777778,0,,,,NONE,0.48971193415637865,,48.97119341563786,True,48.97119341563786,MIXED_CONTEXT,False,NO_INVESTIGATION,False,,,0,0,0,0,0,0,0.0,33.8,,
2026-08-07,530.0,26.55,8.4906,8.5722,0.9905,True,,15.74,1.2394,1.2002,0.8097,64.09,1.5364,1.452,13.11,-0.1951,2,False,False,True,False,EMTK,NO_INVESTIGATION,False,0,5,0.0,22.28,,technology,27,0.0,28.735,4,0.14814814814814814,0,0.0,0.7037037037037037,0,,,,NONE,0.5994513031550068,,59.945130315500684,True,59.945130315500684,MIXED_CONTEXT,False,NO_INVESTIGATION,False,,,0,0,0,0,0,0,0.0,22.28,,
2026-08-10,515.0,67.65,6.6038,8.5722,0.7704,True,,79.34,1.9212,1.9389,1.5179,43.61,1.346,1.3417,0.0,-0.3231,3,True,True,True,True,EMTK,EMERGING,True,1,5,20.0,51.26,51.26,technology,27,12.47,68.595,8,0.2962962962962963,3,0.1111111111111111,0.8518518518518519,0,,,,NONE,0.5994513031550068,,59.945130315500684,True,59.945130315500684,MIXED_CONTEXT,True,EMERGING,True,EMTK-20260810-02,2026-08-10,1,1,1,1,1,0,20.0,51.26,51.26,
2026-08-11,505.0,26.39,8.4906,8.5722,0.9905,True,,1.1,0.9852,1.0333,0.9103,26.07,1.2088,1.2167,1.48,-0.2882,0,False,False,False,False,EMTK,WEAKENING,True,1,5,20.0,14.99,14.99,technology,27,2.88,13.344999999999999,2,0.07407407407407407,0,0.0,0.4444444444444444,0,,,,NONE,0.4115226337448559,,41.15226337448559,False,,NO_ACTIVITY_CONTEXT,False,WEAKENING,True,EMTK-20260810-02,2026-08-10,2,1,1,1,1,1,20.0,14.99,14.99,
2026-08-12,510.0,61.23,6.7961,8.5722,0.7928,True,,0.0,0.5674,0.5797,0.6619,14.89,0.9442,1.3118,8.33,-0.2334,0,True,False,False,False,EMTK,WEAKENING,True,1,5,20.0,22.37,22.37,technology,27,0.0,9.42,1,0.037037037037037035,0,0.0,0.5185185185185185,0,,,,NONE,0.4993141289437586,,49.93141289437586,False,,NO_ACTIVITY_CONTEXT,False,CLOSED,False,EMTK-20260810-02,2026-08-10,3,1,1,1,1,2,20.0,22.37,,TWO_UNSUPPORTED_SESSIONS
2026-08-13,500.0,51.56,7.2549,8.5722,0.8463,True,,0.0,0.7983,0.8273,0.9245,6.43,0.9511,1.1407,12.04,-0.2037,0,False,False,False,False,EMTK,WEAKENING,True,1,5,20.0,19.06,19.06,technology,27,0.0,3.51,1,0.037037037037037035,0,0.0,0.5925925925925926,0,,,,NONE,0.5706447187928669,,57.06447187928669,False,,NO_ACTIVITY_CONTEXT,False,NO_INVESTIGATION,False,,,0,0,0,0,0,0,0.0,15.06,,
2026-08-14,505.0,54.0,7.1287,8.5722,0.8316,True,,0.0,0.9141,0.9476,0.8993,12.48,1.1197,1.0662,77.28,0.1485,0,False,False,False,False,EMTK,WEAKENING,True,1,5,20.0,27.1,27.1,technology,27,0.0,1.06,2,0.07407407407407407,0,0.0,0.7037037037037037,0,,,,NONE,0.6515775034293553,,65.15775034293553,False,,NO_ACTIVITY_CONTEXT,False,NO_INVESTIGATION,False,,,0,0,0,0,0,0,0.0,23.1,,
2026-08-18,520.0,84.57,5.1485,8.4906,0.6064,True,,0.0,0.5161,0.521,0.6804,7.12,0.819,1.1304,100.0,0.4901,0,True,False,False,False,EMTK,NO_INVESTIGATION,False,0,5,0.0,32.21,,technology,27,2.79,22.799999999999997,4,0.14814814814814814,1,0.037037037037037035,0.3333333333333333,0,,,,NONE,0.2839506172839506,,28.39506172839506,False,,NO_ACTIVITY_CONTEXT,False,NO_INVESTIGATION,False,,,0,0,0,0,0,0,0.0,32.21,,
2026-08-19,525.0,15.23,9.0196,8.4906,1.0623,True,,64.43,1.6586,1.6325,1.6442,9.01,1.114,0.7378,19.52,-0.1439,3,False,True,True,False,EMTK,NO_INVESTIGATION,False,0,5,0.0,26.44,,technology,27,0.0,27.994999999999997,6,0.2222222222222222,0,0.0,0.8518518518518519,0,,,,NONE,0.6625514403292181,,66.2551440329218,True,66.2551440329218,STOCK_SPECIFIC_ACTIVITY,False,NO_INVESTIGATION,False,,,0,0,0,0,0,0,0.0,26.44,,
2026-08-20,550.0,0.0,13.6538,8.7551,1.5595,True,,85.72,2.0672,1.9657,2.1315,1.73,1.0215,0.6344,90.86,0.2391,3,False,True,True,False,EMTK,NO_INVESTIGATION,False,0,5,0.0,35.06,,technology,27,10.87,68.375,9,0.3333333333333333,1,0.037037037037037035,0.8148148148148148,0,,,,NONE,0.54320987654321,,54.320987654320994,True,54.320987654320994,MIXED_CONTEXT,False,NO_INVESTIGATION,False,,,0,0,0,0,0,0,0.0,35.06,,
2026-08-21,540.0,0.0,13.5238,8.7551,1.5447,True,,23.2,1.1957,1.1371,1.3401,0.0,0.9483,0.6558,50.0,0.0,1,False,False,False,False,EMTK,NO_INVESTIGATION,False,0,5,0.0,11.96,,technology,27,0.0,22.455,3,0.1111111111111111,1,0.037037037037037035,0.7777777777777778,0,,,,NONE,0.691358024691358,,69.1358024691358,True,69.1358024691358,STOCK_SPECIFIC_ACTIVITY,False,NO_INVESTIGATION,False,,,0,0,0,0,0,0,0.0,11.96,,
2026-08-24,525.0,0.0,12.381,8.7551,1.4141,True,,0.0,0.7564,0.7395,0.9344,0.0,0.894,0.3804,13.92,-0.1887,0,False,False,False,False,EMTK,NO_INVESTIGATION,False,0,5,0.0,1.39,,technology,27,6.91,39.585,6,0.2222222222222222,0,0.0,0.4074074074074074,0,,,,NONE,0.3168724279835391,,31.68724279835391,False,,NO_ACTIVITY_CONTEXT,False,NO_INVESTIGATION,False,,,0,0,0,0,0,0,0.0,1.39,,
2026-08-26,500.0,0.0,12.7619,8.7551,1.4577,True,,63.35,1.4986,1.5261,1.7796,0.0,0.9201,0.5658,0.5,-0.296,3,False,True,True,False,EMTK,NO_INVESTIGATION,False,0,5,0.0,19.05,,technology,27,50.01,74.195,14,0.5185185185185185,1,0.037037037037037035,0.6666666666666666,0,,,,NONE,0.32098765432098764,,32.098765432098766,True,32.098765432098766,MARKET_WIDE_ACTIVITY,False,NO_INVESTIGATION,False,,,0,0,0,0,0,0,0.0,19.05,,
2026-08-27,510.0,0.0,13.9048,8.7551,1.5882,True,,3.52,0.9092,0.9341,1.104,0.0,0.9301,0.9519,20.92,-0.1327,0,False,False,False,False,EMTK,NO_INVESTIGATION,False,0,5,0.0,3.15,,technology,27,0.0,54.835,8,0.2962962962962963,2,0.07407407407407407,0.5925925925925926,0,,,,NONE,0.4170096021947874,,41.70096021947874,False,,NO_ACTIVITY_CONTEXT,False,NO_INVESTIGATION,False,,,0,0,0,0,0,0,0.0,3.15,,
2026-08-28,515.0,0.0,14.1748,8.7551,1.619,True,,0.0,0.7989,0.803,0.861,1.72,1.0188,0.6839,71.52,0.1101,0,False,False,False,False,EMTK,NO_INVESTIGATION,False,0,5,0.0,7.41,,technology,27,0.0,48.61,7,0.25925925925925924,2,0.07407407407407407,0.5185185185185185,0,,,,NONE,0.38408779149519884,,38.40877914951989,False,,NO_ACTIVITY_CONTEXT,False,NO_INVESTIGATION,False,,,0,0,0,0,0,0,0.0,7.41,,
2026-08-31,515.0,4.18,10.2913,8.7551,1.1755,True,,24.27,1.1748,1.1895,1.2809,2.09,1.0225,0.7215,11.54,-0.2076,1,False,False,False,False,EMTK,NO_INVESTIGATION,False,0,5,0.0,9.79,,technology,27,69.98,80.765,17,0.6296296296296297,4,0.14814814814814814,0.2962962962962963,0,,,,NONE,0.10973936899862824,,10.973936899862824,True,10.973936899862824,MARKET_WIDE_ACTIVITY,False,NO_INVESTIGATION,False,,,0,0,0,0,0,0,0.0,9.79,,
2026-09-01,535.0,41.12,8.3495,9.3669,0.8914,True,,20.58,1.2165,1.2049,1.1306,24.22,1.166,1.1693,100.0,0.4088,2,False,False,True,False,EMTK,NO_INVESTIGATION,False,0,5,0.0,30.09,,technology,27,54.42,84.5,14,0.5185185185185185,2,0.07407407407407407,0.4074074074074074,0,,,,NONE,0.19615912208504802,,19.615912208504803,True,19.615912208504803,MARKET_WIDE_ACTIVITY,True,NO_INVESTIGATION,False,,,0,0,0,0,0,0,0.0,30.09,,
2026-09-02,520.0,15.2,9.3204,8.7551,1.0646,True,,12.51,1.1134,1.1125,1.1068,5.2,1.0617,0.972,5.39,-0.2569,0,False,False,False,False,EMTK,NO_INVESTIGATION,False,0,5,0.0,8.87,,technology,27,17.97,62.275000000000006,8,0.2962962962962963,0,0.0,0.4444444444444444,0,,,,NONE,0.3127572016460905,,31.27572016460905,False,,NO_ACTIVITY_CONTEXT,False,NO_INVESTIGATION,False,,,0,0,0,0,0,0,0.0,8.87,,
2026-09-03,535.0,61.05,6.7308,8.7551,0.7688,True,,2.83,1.0346,1.0417,0.9207,28.09,1.2121,1.1586,100.0,0.424,0,True,False,False,False,EMTK,NO_INVESTIGATION,False,0,5,0.0,30.32,,technology,27,32.28,69.175,9,0.3333333333333333,1,0.037037037037037035,0.2962962962962963,0,,,,NONE,0.19753086419753088,,19.75308641975309,False,,NO_ACTIVITY_CONTEXT,False,NO_INVESTIGATION,False,,,0,0,0,0,0,0,0.0,30.32,,
2026-09-04,515.0,56.93,6.7308,8.4906,0.7927,True,,10.51,0.7474,0.7577,1.2693,0.0,0.6314,0.7507,0.0,-0.4886,1,True,False,False,False,EMTK,NO_INVESTIGATION,False,0,5,0.0,17.39,,technology,27,0.0,24.19,5,0.18518518518518517,1,0.037037037037037035,0.6666666666666666,0,,,,NONE,0.5432098765432098,,54.32098765432099,True,54.32098765432099,MIXED_CONTEXT,True,NO_INVESTIGATION,False,,,0,0,0,0,0,0,0.0,17.39,,
2026-09-07,510.0,39.31,7.6923,8.4906,0.906,True,,0.0,0.9085,0.9444,0.875,6.81,1.0823,0.9833,21.81,-0.1256,0,False,False,False,False,EMTK,NO_INVESTIGATION,False,0,5,0.0,13.03,,technology,27,0.77,43.894999999999996,6,0.2222222222222222,2,0.07407407407407407,0.4444444444444444,0,,,,NONE,0.345679012345679,,34.5679012345679,False,,NO_ACTIVITY_CONTEXT,False,NO_INVESTIGATION,False,,,0,0,0,0,0,0,0.0,13.03,,
2026-09-08,520.0,39.31,7.6923,8.4906,0.906,True,,0.0,0.6039,0.6046,0.6702,0.0,0.945,0.6346,44.23,-0.0231,0,False,False,False,False,EMTK,NO_INVESTIGATION,False,0,5,0.0,14.25,,technology,27,21.11,72.91999999999999,10,0.37037037037037035,1,0.037037037037037035,0.25925925925925924,0,,,,NONE,0.16323731138545952,,16.323731138545952,False,,NO_ACTIVITY_CONTEXT,False,NO_INVESTIGATION,False,,,0,0,0,0,0,0,0.0,14.25,,
2026-09-09,515.0,36.84,7.767,8.42,0.9224,True,,0.0,0.7306,0.7269,0.7646,7.96,0.9967,1.1735,60.83,0.0541,0,False,False,False,False,EMTK,NO_INVESTIGATION,False,0,5,0.0,16.49,,technology,27,51.62,75.14,14,0.5185185185185185,4,0.14814814814814814,0.18518518518518517,0,,,,NONE,0.08916323731138547,,8.916323731138547,False,,NO_ACTIVITY_CONTEXT,False,NO_INVESTIGATION,False,,,0,0,0,0,0,0,0.0,16.49,,
2026-09-10,500.0,36.91,7.767,8.42,0.9224,True,,0.99,0.6576,0.6549,1.0287,0.0,0.6787,0.7663,0.0,-0.3026,0,False,False,False,False,EMTK,NO_INVESTIGATION,False,0,5,0.0,9.52,,technology,27,23.38,67.435,12,0.4444444444444444,2,0.07407407407407407,0.3333333333333333,0,,,,NONE,0.18518518518518517,,18.51851851851852,False,,NO_ACTIVITY_CONTEXT,False,NO_INVESTIGATION,False,,,0,0,0,0,0,0,0.0,9.52,,
2026-09-11,500.0,64.08,6.0784,8.0583,0.7543,True,,40.54,1.2898,1.3027,1.4924,0.0,0.866,0.8285,0.0,-0.4516,3,True,False,True,False,EMTK,NO_INVESTIGATION,False,0,5,0.0,28.18,,technology,27,18.62,50.334999999999994,7,0.25925925925925924,0,0.0,0.7037037037037037,0,,,,NONE,0.5212620027434842,,52.12620027434842,True,52.12620027434842,MIXED_CONTEXT,True,NO_INVESTIGATION,False,,,0,0,0,0,0,0,0.0,28.18,,
2026-09-14,496.0,38.21,7.4,8.0583,0.9183,True,,26.07,1.0604,1.0856,1.5612,0.0,0.6936,0.6557,0.0,-0.3188,1,False,False,False,False,EMTK,NO_INVESTIGATION,False,0,5,0.0,17.37,,technology,27,26.07,74.15,11,0.4074074074074074,0,0.0,0.5185185185185185,0,,,,NONE,0.3072702331961591,,30.72702331961591,True,30.72702331961591,MIXED_CONTEXT,False,NO_INVESTIGATION,False,,,0,0,0,0,0,0,0.0,17.37,,
2026-09-15,492.0,58.47,6.4,8.0583,0.7942,True,,0.0,0.4816,0.4888,0.7539,22.51,0.6401,1.4961,0.0,-0.3971,0,True,False,False,False,EMTK,NO_INVESTIGATION,False,0,5,0.0,17.99,,technology,27,0.0,11.379999999999999,4,0.14814814814814814,0,0.0,0.5185185185185185,0,,,,NONE,0.44170096021947874,,44.17009602194788,False,,NO_ACTIVITY_CONTEXT,False,NO_INVESTIGATION,False,,,0,0,0,0,0,0,0.0,17.99,,
2026-09-16,484.0,40.59,7.2581,8.0583,0.9007,True,,1.33,0.5437,0.5564,1.0399,6.94,0.5328,1.1592,0.0,-0.3885,0,False,False,False,False,EMTK,NO_INVESTIGATION,False,0,5,0.0,11.59,,technology,27,0.0,19.835,2,0.07407407407407407,0,0.0,0.6296296296296297,0,,,,NONE,0.5829903978052127,,58.29903978052127,False,,NO_ACTIVITY_CONTEXT,False,NO_INVESTIGATION,False,,,0,0,0,0,0,0,0.0,11.59,,
2026-09-17,494.0,86.96,4.6559,8.0583,0.5778,True,,0.0,0.5808,0.5949,0.6995,17.22,0.8142,1.3483,82.82,0.1855,0,True,False,False,False,EMTK,NO_INVESTIGATION,False,0,5,0.0,32.6,,technology,27,0.0,8.625,3,0.1111111111111111,0,0.0,0.6666666666666666,0,,,,NONE,0.5925925925925926,,59.25925925925925,False,,NO_ACTIVITY_CONTEXT,False,NO_INVESTIGATION,False,,,0,0,0,0,0,0,0.0,32.6,,
2026-09-18,468.0,29.74,7.5203,7.767,0.9682,True,,94.53,1.9788,2.1014,2.084,0.0,0.9378,0.892,0.0,-0.6135,3,False,True,True,False,EMTK,NO_INVESTIGATION,False,0,5,0.0,35.79,,technology,27,48.09,72.95,12,0.4444444444444444,1,0.037037037037037035,0.9259259259259259,0,,,,NONE,0.51440329218107,,51.440329218106996,True,51.440329218106996,MIXED_CONTEXT,False,NO_INVESTIGATION,False,,,0,0,0,0,0,0,0.0,35.79,,
2026-09-21,464.0,31.1,7.438,7.7296,0.9623,True,,4.34,0.6523,0.7038,1.1267,0.0,0.592,0.9612,0.0,-0.3704,0,False,False,False,False,EMTK,NO_INVESTIGATION,False,0,5,0.0,9.08,,technology,27,0.0,3.005,2,0.07407407407407407,0,0.0,0.7777777777777778,0,,,,NONE,0.720164609053498,,72.0164609053498,False,,NO_ACTIVITY_CONTEXT,False,NO_INVESTIGATION,False,,,0,0,0,0,0,0,0.0,9.08,,
2026-09-22,448.0,0.0,11.1111,7.6923,1.4444,True,,34.04,1.2074,1.3702,1.3698,0.0,0.8313,0.7771,24.31,-0.1055,3,False,False,True,False,EMTK,NO_INVESTIGATION,False,0,5,0.0,12.64,,technology,27,2.89,15.330000000000002,4,0.14814814814814814,0,0.0,0.8148148148148148,0,,,,NONE,0.6941015089163237,,69.41015089163237,True,69.41015089163237,STOCK_SPECIFIC_ACTIVITY,False,NO_INVESTIGATION,False,,,0,0,0,0,0,0,0.0,12.64,,
2026-09-23,446.0,0.0,12.069,7.6923,1.569,True,,1.73,0.9269,1.0529,0.9352,0.0,0.9922,0.9932,10.89,-0.2129,0,False,False,False,False,EMTK,NO_INVESTIGATION,False,0,5,0.0,1.61,,technology,27,0.0,4.3549999999999995,2,0.07407407407407407,0,0.0,0.7037037037037037,0,,,,NONE,0.6515775034293553,,65.15775034293553,False,,NO_ACTIVITY_CONTEXT,False,NO_INVESTIGATION,False,,,0,0,0,0,0,0,0.0,1.61,,
2026-09-24,430.0,0.0,14.7321,7.6923,1.9152,True,,33.99,1.1916,1.2957,1.4152,0.0,0.824,0.7817,1.69,-0.2865,2,False,False,True,False,EMTK,NO_INVESTIGATION,False,0,5,0.0,10.37,,technology,27,0.0,0.0,2,0.07407407407407407,0,0.0,0.9259259259259259,0,,,,NONE,0.8573388203017833,,85.73388203017834,True,85.73388203017834,STOCK_SPECIFIC_ACTIVITY,False,NO_INVESTIGATION,False,,,0,0,0,0,0,0,0.0,10.37,,
2026-09-25,420.0,0.0,13.0045,7.6923,1.6906,True,,0.0,0.5671,0.6346,0.9563,0.0,0.6041,0.5828,16.53,-0.1678,0,False,False,False,False,EMTK,NO_INVESTIGATION,False,0,5,0.0,1.65,,technology,27,0.0,0.0,1,0.037037037037037035,0,0.0,0.7777777777777778,0,,,,NONE,0.7489711934156379,,74.8971193415638,False,,NO_ACTIVITY_CONTEXT,False,NO_INVESTIGATION,False,,,0,0,0,0,0,0,0.0,1.65,,
2026-09-28,408.0,0.0,14.4186,7.6923,1.8744,True,,2.87,0.6874,0.7916,1.0785,2.12,0.6848,1.0466,54.08,0.0204,0,False,False,False,False,EMTK,NO_INVESTIGATION,False,0,5,0.0,6.59,,technology,27,0.0,4.0649999999999995,1,0.037037037037037035,0,0.0,0.7407407407407407,0,,,,NONE,0.7133058984910837,,71.33058984910838,False,,NO_ACTIVITY_CONTEXT,False,NO_INVESTIGATION,False,,,0,0,0,0,0,0,0.0,6.59,,
2026-09-29,402.0,0.0,12.8571,7.6923,1.6714,True,,0.38,0.816,0.9705,1.0104,6.71,0.8443,1.1491,79.47,0.1631,0,False,False,False,False,EMTK,NO_INVESTIGATION,False,0,5,0.0,9.07,,technology,27,13.22,41.695,3,0.1111111111111111,0,0.0,0.4074074074074074,0,,,,NONE,0.3621399176954732,,36.21399176954732,False,,NO_ACTIVITY_CONTEXT,False,NO_INVESTIGATION,False,,,0,0,0,0,0,0,0.0,9.07,,
2026-06-12,50.0,0.0,0.0,0.0,,False,ZERO_RANGE_BASELINE,0.0,0.1993,0.1993,0.3552,0.0,0.4152,0.9609,100.0,0.3656,0,False,False,False,False,GOTO,INELIGIBLE_PRICE_REGIME,False,0,5,0.0,,,technology,27,7.79,25.415,4,0.14814814814814814,0,0.0,,0,,,,INELIGIBLE,,,,False,,INELIGIBLE,False,INELIGIBLE_PRICE_REGIME,False,,,0,0,0,0,0,0,0.0,,,
2026-06-15,50.0,0.0,0.0,0.0,,False,ZERO_RANGE_BASELINE,0.0,0.6051,0.6051,0.9192,0.0,0.5473,0.9001,100.0,0.3869,0,False,False,False,False,GOTO,INELIGIBLE_PRICE_REGIME,False,0,5,0.0,,,technology,27,42.94,64.585,13,0.48148148148148145,0,0.0,,0,,,,INELIGIBLE,,,,False,,INELIGIBLE,False,INELIGIBLE_PRICE_REGIME,False,,,0,0,0,0,0,0,0.0,,,
2026-06-17,50.0,0.0,0.0,0.0,,False,ZERO_RANGE_BASELINE,0.0,0.6911,0.6911,0.7975,0.0,0.7985,0.8465,88.59,0.2239,0,False,False,False,False,GOTO,INELIGIBLE_PRICE_REGIME,False,0,5,0.0,,,technology,27,0.0,18.119999999999997,4,0.14814814814814814,0,0.0,,0,,,,INELIGIBLE,,,,False,,INELIGIBLE,False,INELIGIBLE_PRICE_REGIME,False,,,0,0,0,0,0,0,0.0,,,
2026-06-18,50.0,0.0,0.0,0.0,,False,ZERO_RANGE_BASELINE,67.46,3.1105,3.1105,0.7356,65.45,3.4512,1.0962,100.0,0.8121,2,False,True,True,False,GOTO,INELIGIBLE_PRICE_REGIME,False,0,5,0.0,,,technology,27,0.0,2.745,1,0.037037037037037035,0,0.0,,0,,,,INELIGIBLE,,,,False,,INELIGIBLE,False,INELIGIBLE_PRICE_REGIME,False,,,0,0,0,0,0,0,0.0,,,
2026-06-19,50.0,0.0,0.0,0.0,,False,ZERO_RANGE_BASELINE,97.81,4.6033,4.6033,2.3764,41.99,1.7402,1.0047,100.0,0.7023,3,False,True,True,False,GOTO,INELIGIBLE_PRICE_REGIME,False,0,5,0.0,,,technology,27,66.7,70.0,17,0.6296296296296297,6,0.2222222222222222,,0,,,,INELIGIBLE,,,,False,,INELIGIBLE,False,INELIGIBLE_PRICE_REGIME,False,,,0,0,0,0,0,0,0.0,,,
2026-06-22,50.0,0.0,0.0,0.0,,False,ZERO_RANGE_BASELINE,35.18,1.5397,1.5397,0.901,41.42,1.5352,1.1264,100.0,0.8331,2,False,False,True,False,GOTO,INELIGIBLE_PRICE_REGIME,False,0,5,0.0,,,technology,27,0.0,14.54,1,0.037037037037037035,0,0.0,,0,,,,INELIGIBLE,,,,False,,INELIGIBLE,False,INELIGIBLE_PRICE_REGIME,False,,,0,0,0,0,0,0,0.0,,,
2026-06-23,50.0,0.0,0.0,0.0,,False,ZERO_RANGE_BASELINE,0.0,0.4474,0.4474,0.3861,10.71,1.1094,1.0624,100.0,0.7338,0,False,False,False,False,GOTO,INELIGIBLE_PRICE_REGIME,False,0,5,0.0,,,technology,27,0.0,0.0,1,0.037037037037037035,0,0.0,,0,,,,INELIGIBLE,,,,False,,INELIGIBLE,False,INELIGIBLE_PRICE_REGIME,False,,,0,0,0,0,0,0,0.0,,,
2026-06-24,50.0,0.0,0.0,0.0,,False,ZERO_RANGE_BASELINE,0.0,0.1818,0.1818,0.5626,0.0,0.2436,0.7392,92.5,0.25,0,False,False,False,False,GOTO,INELIGIBLE_PRICE_REGIME,False,0,5,0.0,,,technology,27,0.0,10.780000000000001,1,0.037037037037037035,0,0.0,,0,,,,INELIGIBLE,,,,False,,INELIGIBLE,False,INELIGIBLE_PRICE_REGIME,False,,,0,0,0,0,0,0,0.0,,,
2026-06-25,50.0,0.0,0.0,0.0,,False,ZERO_RANGE_BASELINE,0.0,0.4936,0.4936,0.4155,4.56,0.8769,1.0746,100.0,0.7203,0,False,False,False,False,GOTO,INELIGIBLE_PRICE_REGIME,False,0,5,0.0,,,technology,27,0.0,12.219999999999999,5,0.18518518518518517,1,0.037037037037037035,,0,,,,INELIGIBLE,,,,False,,INELIGIBLE,False,INELIGIBLE_PRICE_REGIME,False,,,0,0,0,0,0,0,0.0,,,
2026-06-26,50.0,0.0,0.0,0.0,,False,ZERO_RANGE_BASELINE,0.0,0.1256,0.1256,0.3998,0.0,0.2376,0.9466,100.0,0.372,0,False,False,False,False,GOTO,INELIGIBLE_PRICE_REGIME,False,0,5,0.0,,,technology,27,0.0,0.0,1,0.037037037037037035,0,0.0,,0,,,,INELIGIBLE,,,,False,,INELIGIBLE,False,INELIGIBLE_PRICE_REGIME,False,,,0,0,0,0,0,0,0.0,,,
2026-06-29,50.0,0.0,0.0,0.0,,False,ZERO_RANGE_BASELINE,0.0,0.1473,0.1473,0.5208,0.26,0.2171,1.0042,100.0,0.459,0,False,False,False,False,GOTO,INELIGIBLE_PRICE_REGIME,False,0,5,0.0,,,technology,27,0.0,0.0,1,0.037037037037037035,0,0.0,,0,,,,INELIGIBLE,,,,False,,INELIGIBLE,False,INELIGIBLE_PRICE_REGIME,False,,,0,0,0,0,0,0,0.0,,,
2026-06-30,50.0,0.0,0.0,0.0,,False,ZERO_RANGE_BASELINE,13.05,1.2066,1.2066,0.5208,59.55,1.932,1.2041,100.0,0.8923,2,False,False,True,False,GOTO,INELIGIBLE_PRICE_REGIME,False,0,5,0.0,,,technology,27,0.0,25.9,2,0.07407407407407407,0,0.0,,0,,,,INELIGIBLE,,,,False,,INELIGIBLE,False,INELIGIBLE_PRICE_REGIME,False,,,0,0,0,0,0,0,0.0,,,
2026-07-01,50.0,0.0,0.0,0.0,,False,ZERO_RANGE_BASELINE,0.0,0.1991,0.1991,0.4795,0.0,0.3886,0.8512,100.0,0.5242,0,False,False,False,False,GOTO,INELIGIBLE_PRICE_REGIME,False,0,5,0.0,,,technology,27,0.0,0.0,1,0.037037037037037035,0,0.0,,0,,,,INELIGIBLE,,,,False,,INELIGIBLE,False,INELIGIBLE_PRICE_REGIME,False,,,0,0,0,0,0,0,0.0,,,
2026-07-02,50.0,0.0,0.0,0.0,,False,ZERO_RANGE_BASELINE,0.0,0.0924,0.0924,0.4879,0.0,0.1821,0.7227,100.0,0.339,0,False,False,False,False,GOTO,INELIGIBLE_PRICE_REGIME,False,0,5,0.0,,,technology,27,0.0,0.0,1,0.037037037037037035,0,0.0,,0,,,,INELIGIBLE,,,,False,,INELIGIBLE,False,INELIGIBLE_PRICE_REGIME,False,,,0,0,0,0,0,0,0.0,,,
2026-07-03,50.0,0.0,0.0,0.0,,False,ZERO_RANGE_BASELINE,0.0,0.1137,0.1137,0.4357,0.0,0.2705,0.974,54.19,0.0209,0,False,False,False,False,GOTO,INELIGIBLE_PRICE_REGIME,False,0,5,0.0,,,technology,27,0.0,0.0,1,0.037037037037037035,0,0.0,,0,,,,INELIGIBLE,,,,False,,INELIGIBLE,False,INELIGIBLE_PRICE_REGIME,False,,,0,0,0,0,0,0,0.0,,,
2026-07-06,50.0,0.0,0.0,0.0,,False,ZERO_RANGE_BASELINE,0.0,0.0759,0.0759,0.5262,0.0,0.1664,0.9167,93.13,0.2542,0,False,False,False,False,GOTO,INELIGIBLE_PRICE_REGIME,False,0,5,0.0,,,technology,27,0.0,0.0,0,0.0,0,0.0,,0,,,,INELIGIBLE,,,,False,,INELIGIBLE,False,INELIGIBLE_PRICE_REGIME,False,,,0,0,0,0,0,0,0.0,,,
2026-07-07,50.0,0.0,0.0,0.0,,False,ZERO_RANGE_BASELINE,0.0,0.1323,0.1323,0.6389,0.0,0.2872,0.8188,50.37,0.0018,0,False,False,False,False,GOTO,INELIGIBLE_PRICE_REGIME,False,0,5,0.0,,,technology,27,0.0,6.77,1,0.037037037037037035,1,0.037037037037037035,,0,,,,INELIGIBLE,,,,False,,INELIGIBLE,False,INELIGIBLE_PRICE_REGIME,False,,,0,0,0,0,0,0,0.0,,,
2026-07-08,50.0,0.0,0.0,0.0,,False,ZERO_RANGE_BASELINE,52.1,2.4771,2.4771,0.6133,81.24,6.2961,1.3378,100.0,0.846,2,False,True,True,False,GOTO,INELIGIBLE_PRICE_REGIME,False,0,5,0.0,,,technology,27,0.0,0.02,0,0.0,0,0.0,,0,,,,INELIGIBLE,,,,False,,INELIGIBLE,False,INELIGIBLE_PRICE_REGIME,False,,,0,0,0,0,0,0,0.0,,,
2026-07-09,50.0,0.0,0.0,0.0,,False,ZERO_RANGE_BASELINE,53.78,2.669,2.669,0.7671,75.97,6.0096,1.2499,100.0,0.888,2,False,True,True,False,GOTO,INELIGIBLE_PRICE_REGIME,False,0,5,0.0,,,technology,27,0.0,0.0,0,0.0,0,0.0,,0,,,,INELIGIBLE,,,,False,,INELIGIBLE,False,INELIGIBLE_PRICE_REGIME,False,,,0,0,0,0,0,0,0.0,,,
2026-07-10,50.0,0.0,0.0,0.0,,False,ZERO_RANGE_BASELINE,53.32,2.6166,2.6166,0.9522,60.0,5.1811,0.9871,100.0,0.8615,2,False,True,True,False,GOTO,INELIGIBLE_PRICE_REGIME,False,0,5,0.0,,,technology,27,0.0,0.0,0,0.0,0,0.0,,0,,,,INELIGIBLE,,,,False,,INELIGIBLE,False,INELIGIBLE_PRICE_REGIME,False,,,0,0,0,0,0,0,0.0,,,
2026-07-13,50.0,0.0,0.0,0.0,,False,ZERO_RANGE_BASELINE,0.71,0.3657,0.3657,1.0205,9.11,0.5249,1.1523,75.7,0.138,0,False,False,False,False,GOTO,INELIGIBLE_PRICE_REGIME,False,0,5,0.0,,,technology,27,0.0,0.0,2,0.07407407407407407,0,0.0,,0,,,,INELIGIBLE,,,,False,,INELIGIBLE,False,INELIGIBLE_PRICE_REGIME,False,,,0,0,0,0,0,0,0.0,,,
2026-07-14,50.0,0.0,0.0,0.0,,False,ZERO_RANGE_BASELINE,64.01,1.6086,1.6086,3.1424,8.32,0.7498,1.1449,100.0,0.8704,3,False,True,True,False,GOTO,INELIGIBLE_PRICE_REGIME,False,0,5,0.0,,,technology,27,4.74,24.61,6,0.2222222222222222,0,0.0,,0,,,,INELIGIBLE,,,,False,,INELIGIBLE,False,INELIGIBLE_PRICE_REGIME,False,,,0,0,0,0,0,0,0.0,,,
2026-07-15,50.0,0.0,0.0,0.0,,False,ZERO_RANGE_BASELINE,0.0,0.1576,0.1576,0.9299,0.0,0.2588,0.9752,68.49,0.0925,0,False,False,False,False,GOTO,INELIGIBLE_PRICE_REGIME,False,0,5,0.0,,,technology,27,3.06,20.625,3,0.1111111111111111,2,0.07407407407407407,,0,,,,INELIGIBLE,,,,False,,INELIGIBLE,False,INELIGIBLE_PRICE_REGIME,False,,,0,0,0,0,0,0,0.0,,,
2026-07-16,50.0,0.0,0.0,0.0,,False,ZERO_RANGE_BASELINE,0.0,0.2974,0.2974,0.99,0.0,0.4489,0.8974,80.78,0.1719,0,False,False,False,False,GOTO,INELIGIBLE_PRICE_REGIME,False,0,5,0.0,,,technology,27,2.62,37.715,5,0.18518518518518517,2,0.07407407407407407,,0,,,,INELIGIBLE,,,,False,,INELIGIBLE,False,INELIGIBLE_PRICE_REGIME,False,,,0,0,0,0,0,0,0.0,,,
2026-07-17,50.0,0.0,0.0,0.0,,False,ZERO_RANGE_BASELINE,0.0,0.903,0.903,0.9336,0.0,0.99,0.9337,63.61,0.068,0,False,False,False,False,GOTO,INELIGIBLE_PRICE_REGIME,False,0,5,0.0,,,technology,27,10.93,54.2,8,0.2962962962962963,2,0.07407407407407407,,0,,,,INELIGIBLE,,,,False,,INELIGIBLE,False,INELIGIBLE_PRICE_REGIME,False,,,0,0,0,0,0,0,0.0,,,
2026-07-20,50.0,0.0,0.0,0.0,,False,ZERO_RANGE_BASELINE,1.88,0.6138,0.6138,1.0419,11.58,0.5749,1.1807,97.74,0.285,0,False,False,False,False,GOTO,INELIGIBLE_PRICE_REGIME,False,0,5,0.0,,,technology,27,31.73,51.675,7,0.25925925925925924,2,0.07407407407407407,,0,,,,INELIGIBLE,,,,False,,INELIGIBLE,False,INELIGIBLE_PRICE_REGIME,False,,,0,0,0,0,0,0,0.0,,,
2026-07-21,50.0,0.0,0.0,0.0,,False,ZERO_RANGE_BASELINE,0.0,0.4829,0.4829,0.8117,1.1,0.6452,1.0186,54.24,0.0212,0,False,False,False,False,GOTO,INELIGIBLE_PRICE_REGIME,False,0,5,0.0,,,technology,27,21.74,66.245,9,0.3333333333333333,5,0.18518518518518517,,0,,,,INELIGIBLE,,,,False,,INELIGIBLE,False,INELIGIBLE_PRICE_REGIME,False,,,0,0,0,0,0,0,0.0,,,
2026-07-22,50.0,0.0,0.0,0.0,,False,ZERO_RANGE_BASELINE,70.0,8.35,8.35,0.8894,77.44,11.6593,1.2654,100.0,0.9232,2,False,True,True,False,GOTO,INELIGIBLE_PRICE_REGIME,False,0,5,0.0,,,technology,27,44.55,85.55000000000001,13,0.48148148148148145,3,0.1111111111111111,,0,,,,INELIGIBLE,,,,False,,INELIGIBLE,False,INELIGIBLE_PRICE_REGIME,False,,,0,0,0,0,0,0,0.0,,,
2026-07-23,50.0,0.0,0.0,0.0,,False,ZERO_RANGE_BASELINE,23.59,1.3642,1.3642,0.9844,26.38,1.4679,0.7047,58.99,0.045,2,False,False,True,False,GOTO,INELIGIBLE_PRICE_REGIME,False,0,5,0.0,,,technology,27,50.68,81.85,14,0.5185185185185185,2,0.07407407407407407,,0,,,,INELIGIBLE,,,,False,,INELIGIBLE,False,INELIGIBLE_PRICE_REGIME,False,,,0,0,0,0,0,0,0.0,,,
2026-07-24,50.0,0.0,0.0,0.0,,False,ZERO_RANGE_BASELINE,0.0,0.455,0.455,0.5692,0.0,0.8581,0.9338,25.72,-0.0971,0,False,False,False,False,GOTO,INELIGIBLE_PRICE_REGIME,False,0,5,0.0,,,technology,27,11.43,44.915,6,0.2222222222222222,1,0.037037037037037035,,0,,,,INELIGIBLE,,,,False,,INELIGIBLE,False,INELIGIBLE_PRICE_REGIME,False,,,0,0,0,0,0,0,0.0,,,
2026-07-27,50.0,0.0,0.0,0.0,,False,ZERO_RANGE_BASELINE,0.0,0.4831,0.4831,0.6417,0.0,0.8018,0.6294,50.04,0.0002,0,False,False,False,False,GOTO,INELIGIBLE_PRICE_REGIME,False,0,5,0.0,,,technology,27,0.0,14.01,1,0.037037037037037035,0,0.0,,0,,,,INELIGIBLE,,,,False,,INELIGIBLE,False,INELIGIBLE_PRICE_REGIME,False,,,0,0,0,0,0,0,0.0,,,
2026-07-28,50.0,0.0,0.0,0.0,,False,ZERO_RANGE_BASELINE,0.0,0.7812,0.7812,0.6118,14.83,1.2563,0.8045,50.71,0.0035,0,False,False,False,False,GOTO,INELIGIBLE_PRICE_REGIME,False,0,5,0.0,,,technology,27,0.0,4.82,1,0.037037037037037035,1,0.037037037037037035,,0,,,,INELIGIBLE,,,,False,,INELIGIBLE,False,INELIGIBLE_PRICE_REGIME,False,,,0,0,0,0,0,0,0.0,,,
2026-07-29,50.0,0.0,0.0,0.0,,False,ZERO_RANGE_BASELINE,71.55,4.9921,4.9921,1.0343,61.72,3.7507,1.0343,100.0,0.7158,2,False,True,True,False,GOTO,INELIGIBLE_PRICE_REGIME,False,0,5,0.0,,,technology,27,2.68,28.005,3,0.1111111111111111,1,0.037037037037037035,,0,,,,INELIGIBLE,,,,False,,INELIGIBLE,False,INELIGIBLE_PRICE_REGIME,False,,,0,0,0,0,0,0,0.0,,,
2026-07-30,50.0,0.0,0.0,0.0,,False,ZERO_RANGE_BASELINE,100.0,4.1187,4.1187,2.1243,28.65,1.5067,0.7232,74.41,0.1294,3,False,True,True,False,GOTO,INELIGIBLE_PRICE_REGIME,False,0,5,0.0,,,technology,27,0.45,16.86,2,0.07407407407407407,0,0.0,,0,,,,INELIGIBLE,,,,False,,INELIGIBLE,False,INELIGIBLE_PRICE_REGIME,False,,,0,0,0,0,0,0,0.0,,,
2026-07-31,50.0,0.0,0.0,0.0,,False,ZERO_RANGE_BASELINE,36.73,1.5121,1.5121,1.0899,9.77,1.1696,0.6567,54.69,0.0235,2,False,False,True,False,GOTO,INELIGIBLE_PRICE_REGIME,False,0,5,0.0,,,technology,27,9.39,62.57,8,0.2962962962962963,3,0.1111111111111111,,0,,,,INELIGIBLE,,,,False,,INELIGIBLE,False,INELIGIBLE_PRICE_REGIME,False,,,0,0,0,0,0,0,0.0,,,
2026-08-03,50.0,0.0,0.0,0.0,,False,ZERO_RANGE_BASELINE,20.24,1.1892,1.1892,1.1521,8.36,1.0628,1.099,71.78,0.1118,0,False,False,False,False,GOTO,INELIGIBLE_PRICE_REGIME,False,0,5,0.0,,,technology,27,13.11,61.47,9,0.3333333333333333,1,0.037037037037037035,,0,,,,INELIGIBLE,,,,False,,INELIGIBLE,False,INELIGIBLE_PRICE_REGIME,False,,,0,0,0,0,0,0,0.0,,,
2026-08-04,50.0,0.0,0.0,0.0,,False,ZERO_RANGE_BASELINE,8.44,1.0643,1.0643,1.0962,2.63,1.0451,0.7794,96.12,0.2741,0,False,False,False,False,GOTO,INELIGIBLE_PRICE_REGIME,False,0,5,0.0,,,technology,27,10.55,26.145000000000003,5,0.18518518518518517,0,0.0,,0,,,,INELIGIBLE,,,,False,,INELIGIBLE,False,INELIGIBLE_PRICE_REGIME,False,,,0,0,0,0,0,0,0.0,,,
2026-08-05,50.0,0.0,0.0,0.0,,False,ZERO_RANGE_BASELINE,63.54,2.7142,2.7142,1.0881,59.41,2.7022,1.0503,100.0,0.6686,2,False,True,True,False,GOTO,INELIGIBLE_PRICE_REGIME,False,0,5,0.0,,,technology,27,40.75,82.745,12,0.4444444444444444,1,0.037037037037037035,,0,,,,INELIGIBLE,,,,False,,INELIGIBLE,False,INELIGIBLE_PRICE_REGIME,False,,,0,0,0,0,0,0,0.0,,,
2026-08-06,50.0,0.0,0.0,0.0,,False,ZERO_RANGE_BASELINE,0.0,0.7786,0.7786,0.877,0.0,0.9341,0.772,29.13,-0.0835,0,False,False,False,False,GOTO,INELIGIBLE_PRICE_REGIME,False,0,5,0.0,,,technology,27,18.02,56.93,10,0.37037037037037035,0,0.0,,0,,,,INELIGIBLE,,,,False,,INELIGIBLE,False,INELIGIBLE_PRICE_REGIME,False,,,0,0,0,0,0,0,0.0,,,
2026-08-07,50.0,0.0,0.0,0.0,,False,ZERO_RANGE_BASELINE,4.96,1.0759,1.0759,0.9216,12.5,1.2042,0.7536,56.41,0.032,0,False,False,False,False,GOTO,INELIGIBLE_PRICE_REGIME,False,0,5,0.0,,,technology,27,0.0,28.735,4,0.14814814814814814,0,0.0,,0,,,,INELIGIBLE,,,,False,,INELIGIBLE,False,INELIGIBLE_PRICE_REGIME,False,,,0,0,0,0,0,0,0.0,,,
2026-08-10,50.0,0.0,0.0,0.0,,False,ZERO_RANGE_BASELINE,14.36,1.0887,1.0887,1.1638,0.0,0.9935,0.8268,59.44,0.0472,0,False,False,False,False,GOTO,INELIGIBLE_PRICE_REGIME,False,0,5,0.0,,,technology,27,12.47,68.595,8,0.2962962962962963,3,0.1111111111111111,,0,,,,INELIGIBLE,,,,False,,INELIGIBLE,False,INELIGIBLE_PRICE_REGIME,False,,,0,0,0,0,0,0,0.0,,,
2026-08-11,50.0,0.0,0.0,0.0,,False,ZERO_RANGE_BASELINE,0.0,0.4215,0.4215,0.724,0.0,0.6469,0.7401,9.01,-0.2279,0,False,False,False,False,GOTO,INELIGIBLE_PRICE_REGIME,False,0,5,0.0,,,technology,27,2.88,13.344999999999999,2,0.07407407407407407,0,0.0,,0,,,,INELIGIBLE,,,,False,,INELIGIBLE,False,INELIGIBLE_PRICE_REGIME,False,,,0,0,0,0,0,0,0.0,,,
2026-08-12,50.0,0.0,0.0,0.0,,False,ZERO_RANGE_BASELINE,0.0,0.5374,0.5374,0.8217,1.48,0.6729,1.0301,50.44,0.0022,0,False,False,False,False,GOTO,INELIGIBLE_PRICE_REGIME,False,0,5,0.0,,,technology,27,0.0,9.42,1,0.037037037037037035,0,0.0,,0,,,,INELIGIBLE,,,,False,,INELIGIBLE,False,INELIGIBLE_PRICE_REGIME,False,,,0,0,0,0,0,0,0.0,,,
2026-08-13,50.0,0.0,0.0,0.0,,False,ZERO_RANGE_BASELINE,0.0,0.4778,0.4778,0.9126,23.45,0.542,1.43,43.8,-0.0248,0,False,False,False,False,GOTO,INELIGIBLE_PRICE_REGIME,False,0,5,0.0,,,technology,27,0.0,3.51,1,0.037037037037037035,0,0.0,,0,,,,INELIGIBLE,,,,False,,INELIGIBLE,False,INELIGIBLE_PRICE_REGIME,False,,,0,0,0,0,0,0,0.0,,,
2026-08-14,50.0,0.0,0.0,0.0,,False,ZERO_RANGE_BASELINE,0.0,0.242,0.242,0.5586,0.0,0.4567,0.9346,58.69,0.0434,0,False,False,False,False,GOTO,INELIGIBLE_PRICE_REGIME,False,0,5,0.0,,,technology,27,0.0,1.06,2,0.07407407407407407,0,0.0,,0,,,,INELIGIBLE,,,,False,,INELIGIBLE,False,INELIGIBLE_PRICE_REGIME,False,,,0,0,0,0,0,0,0.0,,,
2026-08-18,50.0,0.0,0.0,0.0,,False,ZERO_RANGE_BASELINE,0.0,0.9221,0.9221,0.6349,53.6,1.5482,1.3801,100.0,0.6183,0,False,False,False,False,GOTO,INELIGIBLE_PRICE_REGIME,False,0,5,0.0,,,technology,27,2.79,22.799999999999997,4,0.14814814814814814,1,0.037037037037037035,,0,,,,INELIGIBLE,,,,False,,INELIGIBLE,False,INELIGIBLE_PRICE_REGIME,False,,,0,0,0,0,0,0,0.0,,,
2026-08-19,50.0,0.0,0.0,0.0,,False,ZERO_RANGE_BASELINE,0.0,0.257,0.257,0.4426,12.17,0.64,1.2308,57.78,0.0389,0,False,False,False,False,GOTO,INELIGIBLE_PRICE_REGIME,False,0,5,0.0,,,technology,27,0.0,27.994999999999997,6,0.2222222222222222,0,0.0,,0,,,,INELIGIBLE,,,,False,,INELIGIBLE,False,INELIGIBLE_PRICE_REGIME,False,,,0,0,0,0,0,0,0.0,,,
2026-08-20,50.0,0.0,0.0,0.0,,False,ZERO_RANGE_BASELINE,0.0,0.2581,0.2581,0.4951,0.0,0.5748,0.9042,63.81,0.069,0,False,False,False,False,GOTO,INELIGIBLE_PRICE_REGIME,False,0,5,0.0,,,technology,27,10.87,68.375,9,0.3333333333333333,1,0.037037037037037035,,0,,,,INELIGIBLE,,,,False,,INELIGIBLE,False,INELIGIBLE_PRICE_REGIME,False,,,0,0,0,0,0,0,0.0,,,
2026-08-21,50.0,0.0,0.0,0.0,,False,ZERO_RANGE_BASELINE,0.0,0.253,0.253,0.463,14.95,0.5454,1.2501,0.0,-0.4677,0,False,False,False,False,GOTO,INELIGIBLE_PRICE_REGIME,False,0,5,0.0,,,technology,27,0.0,22.455,3,0.1111111111111111,1,0.037037037037037035,,0,,,,INELIGIBLE,,,,False,,INELIGIBLE,False,INELIGIBLE_PRICE_REGIME,False,,,0,0,0,0,0,0,0.0,,,
2026-08-24,50.0,0.0,0.0,0.0,,False,ZERO_RANGE_BASELINE,0.0,0.2585,0.2585,0.5541,9.99,0.4045,1.1943,100.0,0.4602,0,False,False,False,False,GOTO,INELIGIBLE_PRICE_REGIME,False,0,5,0.0,,,technology,27,6.91,39.585,6,0.2222222222222222,0,0.0,,0,,,,INELIGIBLE,,,,False,,INELIGIBLE,False,INELIGIBLE_PRICE_REGIME,False,,,0,0,0,0,0,0,0.0,,,
2026-08-26,50.0,0.0,0.0,0.0,,False,ZERO_RANGE_BASELINE,0.0,0.1473,0.1473,0.4148,18.24,0.308,1.3336,50.21,0.0011,0,False,False,False,False,GOTO,INELIGIBLE_PRICE_REGIME,False,0,5,0.0,,,technology,27,50.01,74.195,14,0.5185185185185185,1,0.037037037037037035,,0,,,,INELIGIBLE,,,,False,,INELIGIBLE,False,INELIGIBLE_PRICE_REGIME,False,,,0,0,0,0,0,0,0.0,,,
2026-08-27,50.0,0.0,0.0,0.0,,False,ZERO_RANGE_BASELINE,0.0,0.5333,0.5333,0.4825,3.22,0.9585,1.0637,50.28,0.0014,0,False,False,False,False,GOTO,INELIGIBLE_PRICE_REGIME,False,0,5,0.0,,,technology,27,0.0,54.835,8,0.2962962962962963,2,0.07407407407407407,,0,,,,INELIGIBLE,,,,False,,INELIGIBLE,False,INELIGIBLE_PRICE_REGIME,False,,,0,0,0,0,0,0,0.0,,,
2026-08-28,50.0,0.0,0.0,0.0,,False,ZERO_RANGE_BASELINE,0.0,0.5286,0.5286,0.7424,0.0,0.6205,0.7567,59.65,0.0483,0,False,False,False,False,GOTO,INELIGIBLE_PRICE_REGIME,False,0,5,0.0,,,technology,27,0.0,48.61,7,0.25925925925925924,2,0.07407407407407407,,0,,,,INELIGIBLE,,,,False,,INELIGIBLE,False,INELIGIBLE_PRICE_REGIME,False,,,0,0,0,0,0,0,0.0,,,
2026-08-31,50.0,0.0,0.0,0.0,,False,ZERO_RANGE_BASELINE,43.29,1.8225,1.8225,0.8639,69.47,1.7536,1.5029,100.0,0.8064,2,False,False,True,False,GOTO,INELIGIBLE_PRICE_REGIME,False,0,5,0.0,,,technology,27,69.98,80.765,17,0.6296296296296297,4,0.14814814814814814,,0,,,,INELIGIBLE,,,,False,,INELIGIBLE,False,INELIGIBLE_PRICE_REGIME,False,,,0,0,0,0,0,0,0.0,,,
2026-09-01,50.0,0.0,0.0,0.0,,False,ZERO_RANGE_BASELINE,0.0,0.3221,0.3221,0.9225,0.0,0.3212,0.9801,0.0,-0.6145,0,False,False,False,False,GOTO,INELIGIBLE_PRICE_REGIME,False,0,5,0.0,,,technology,27,54.42,84.5,14,0.5185185185185185,2,0.07407407407407407,,0,,,,INELIGIBLE,,,,False,,INELIGIBLE,False,INELIGIBLE_PRICE_REGIME,False,,,0,0,0,0,0,0,0.0,,,
2026-09-02,50.0,0.0,0.0,0.0,,False,ZERO_RANGE_BASELINE,0.0,0.319,0.319,0.9517,0.0,0.3718,0.8768,69.75,0.0988,0,False,False,False,False,GOTO,INELIGIBLE_PRICE_REGIME,False,0,5,0.0,,,technology,27,17.97,62.275000000000006,8,0.2962962962962963,0,0.0,,0,,,,INELIGIBLE,,,,False,,INELIGIBLE,False,INELIGIBLE_PRICE_REGIME,False,,,0,0,0,0,0,0,0.0,,,
2026-09-03,50.0,0.0,0.0,0.0,,False,ZERO_RANGE_BASELINE,0.92,0.4791,0.4791,1.0298,0.0,0.4837,0.8643,70.95,0.1063,0,False,False,False,False,GOTO,INELIGIBLE_PRICE_REGIME,False,0,5,0.0,,,technology,27,32.28,69.175,9,0.3333333333333333,1,0.037037037037037035,,0,,,,INELIGIBLE,,,,False,,INELIGIBLE,False,INELIGIBLE_PRICE_REGIME,False,,,0,0,0,0,0,0,0.0,,,
2026-09-04,50.0,0.0,0.0,0.0,,False,ZERO_RANGE_BASELINE,0.0,0.6119,0.6119,0.869,0.0,0.6805,0.8291,56.37,0.0319,0,False,False,False,False,GOTO,INELIGIBLE_PRICE_REGIME,False,0,5,0.0,,,technology,27,0.0,24.19,5,0.18518518518518517,1,0.037037037037037035,,0,,,,INELIGIBLE,,,,False,,INELIGIBLE,False,INELIGIBLE_PRICE_REGIME,False,,,0,0,0,0,0,0,0.0,,,
2026-09-07,50.0,0.0,0.0,0.0,,False,ZERO_RANGE_BASELINE,66.99,2.5914,2.5914,1.1527,69.87,1.9488,1.3823,100.0,0.5022,2,False,True,True,False,GOTO,INELIGIBLE_PRICE_REGIME,False,0,5,0.0,,,technology,27,0.77,43.894999999999996,6,0.2222222222222222,2,0.07407407407407407,,0,,,,INELIGIBLE,,,,False,,INELIGIBLE,False,INELIGIBLE_PRICE_REGIME,False,,,0,0,0,0,0,0,0.0,,,
2026-09-08,50.0,0.0,0.0,0.0,,False,ZERO_RANGE_BASELINE,7.17,0.7193,0.7193,1.2063,3.63,0.5169,1.0716,100.0,0.3231,1,False,False,False,False,GOTO,INELIGIBLE_PRICE_REGIME,False,0,5,0.0,,,technology,27,21.11,72.91999999999999,10,0.37037037037037035,1,0.037037037037037035,,0,,,,INELIGIBLE,,,,False,,INELIGIBLE,False,INELIGIBLE_PRICE_REGIME,False,,,0,0,0,0,0,0,0.0,,,
2026-09-09,50.0,0.0,0.0,0.0,,False,ZERO_RANGE_BASELINE,37.62,1.5898,1.5898,0.9138,18.0,1.2909,1.0118,52.75,0.0137,2,False,False,True,False,GOTO,INELIGIBLE_PRICE_REGIME,False,0,5,0.0,,,technology,27,51.62,75.14,14,0.5185185185185185,4,0.14814814814814814,,0,,,,INELIGIBLE,,,,False,,INELIGIBLE,False,INELIGIBLE_PRICE_REGIME,False,,,0,0,0,0,0,0,0.0,,,
2026-09-10,50.0,0.0,0.0,0.0,,False,ZERO_RANGE_BASELINE,19.76,1.2912,1.2912,0.79,15.85,1.2525,0.8709,54.57,0.0228,2,False,False,True,False,GOTO,INELIGIBLE_PRICE_REGIME,False,0,5,0.0,,,technology,27,23.38,67.435,12,0.4444444444444444,2,0.07407407407407407,,0,,,,INELIGIBLE,,,,False,,INELIGIBLE,False,INELIGIBLE_PRICE_REGIME,False,,,0,0,0,0,0,0,0.0,,,
2026-09-11,50.0,0.0,0.0,0.0,,False,ZERO_RANGE_BASELINE,0.0,0.2844,0.2844,0.5946,0.0,0.3814,0.9783,50.07,0.0004,0,False,False,False,False,GOTO,INELIGIBLE_PRICE_REGIME,False,0,5,0.0,,,technology,27,18.62,50.334999999999994,7,0.25925925925925924,0,0.0,,0,,,,INELIGIBLE,,,,False,,INELIGIBLE,False,INELIGIBLE_PRICE_REGIME,False,,,0,0,0,0,0,0,0.0,,,
2026-09-14,50.0,0.0,0.0,0.0,,False,ZERO_RANGE_BASELINE,22.5,1.3247,1.3247,0.7606,41.67,1.4431,1.2646,6.4,-0.2488,2,False,False,True,False,GOTO,INELIGIBLE_PRICE_REGIME,False,0,5,0.0,,,technology,27,26.07,74.15,11,0.4074074074074074,0,0.0,,0,,,,INELIGIBLE,,,,False,,INELIGIBLE,False,INELIGIBLE_PRICE_REGIME,False,,,0,0,0,0,0,0,0.0,,,
2026-09-15,50.0,0.0,0.0,0.0,,False,ZERO_RANGE_BASELINE,0.0,0.4533,0.4533,0.5469,15.33,0.6835,1.2593,50.31,0.0016,0,False,False,False,False,GOTO,INELIGIBLE_PRICE_REGIME,False,0,5,0.0,,,technology,27,0.0,11.379999999999999,4,0.14814814814814814,0,0.0,,0,,,,INELIGIBLE,,,,False,,INELIGIBLE,False,INELIGIBLE_PRICE_REGIME,False,,,0,0,0,0,0,0,0.0,,,
2026-09-16,50.0,0.0,0.0,0.0,,False,ZERO_RANGE_BASELINE,0.0,0.5395,0.5395,0.6202,17.31,0.7401,1.3138,50.19,0.001,0,False,False,False,False,GOTO,INELIGIBLE_PRICE_REGIME,False,0,5,0.0,,,technology,27,0.0,19.835,2,0.07407407407407407,0,0.0,,0,,,,INELIGIBLE,,,,False,,INELIGIBLE,False,INELIGIBLE_PRICE_REGIME,False,,,0,0,0,0,0,0,0.0,,,
2026-09-17,50.0,0.0,0.0,0.0,,False,ZERO_RANGE_BASELINE,0.0,0.2144,0.2144,0.602,17.61,0.3581,1.3188,50.07,0.0003,0,False,False,False,False,GOTO,INELIGIBLE_PRICE_REGIME,False,0,5,0.0,,,technology,27,0.0,8.625,3,0.1111111111111111,0,0.0,,0,,,,INELIGIBLE,,,,False,,INELIGIBLE,False,INELIGIBLE_PRICE_REGIME,False,,,0,0,0,0,0,0,0.0,,,
2026-09-18,50.0,0.0,0.0,0.0,,False,ZERO_RANGE_BASELINE,0.0,0.9587,0.9587,0.4856,75.12,2.2562,1.427,100.0,0.7395,0,False,False,False,False,GOTO,INELIGIBLE_PRICE_REGIME,False,0,5,0.0,,,technology,27,48.09,72.95,12,0.4444444444444444,1,0.037037037037037035,,0,,,,INELIGIBLE,,,,False,,INELIGIBLE,False,INELIGIBLE_PRICE_REGIME,False,,,0,0,0,0,0,0,0.0,,,
2026-09-21,50.0,0.0,0.0,0.0,,False,ZERO_RANGE_BASELINE,66.88,3.3248,3.3248,0.7313,80.06,5.073,1.3936,50.85,0.0042,2,False,True,True,False,GOTO,INELIGIBLE_PRICE_REGIME,False,0,5,0.0,,,technology,27,0.0,3.005,2,0.07407407407407407,0,0.0,,0,,,,INELIGIBLE,,,,False,,INELIGIBLE,False,INELIGIBLE_PRICE_REGIME,False,,,0,0,0,0,0,0,0.0,,,
2026-09-22,50.0,0.0,0.0,0.0,,False,ZERO_RANGE_BASELINE,0.82,1.0124,1.0124,0.6925,49.6,1.6407,1.3241,100.0,0.3958,0,False,False,False,False,GOTO,INELIGIBLE_PRICE_REGIME,False,0,5,0.0,,,technology,27,2.89,15.330000000000002,4,0.14814814814814814,0,0.0,,0,,,,INELIGIBLE,,,,False,,INELIGIBLE,False,INELIGIBLE_PRICE_REGIME,False,,,0,0,0,0,0,0,0.0,,,
2026-09-23,50.0,0.0,0.0,0.0,,False,ZERO_RANGE_BASELINE,0.0,0.4602,0.4602,0.5741,10.32,0.7941,1.2273,50.05,0.0002,0,False,False,False,False,GOTO,INELIGIBLE_PRICE_REGIME,False,0,5,0.0,,,technology,27,0.0,4.3549999999999995,2,0.07407407407407407,0,0.0,,0,,,,INELIGIBLE,,,,False,,INELIGIBLE,False,INELIGIBLE_PRICE_REGIME,False,,,0,0,0,0,0,0,0.0,,,
2026-09-24,50.0,0.0,0.0,0.0,,False,ZERO_RANGE_BASELINE,0.0,0.3757,0.3757,0.6472,0.0,0.5752,0.774,56.21,0.0311,0,False,False,False,False,GOTO,INELIGIBLE_PRICE_REGIME,False,0,5,0.0,,,technology,27,0.0,0.0,2,0.07407407407407407,0,0.0,,0,,,,INELIGIBLE,,,,False,,INELIGIBLE,False,INELIGIBLE_PRICE_REGIME,False,,,0,0,0,0,0,0,0.0,,,
2026-09-25,50.0,0.0,0.0,0.0,,False,ZERO_RANGE_BASELINE,0.0,0.4881,0.4881,0.7954,0.0,0.7184,0.9951,76.55,0.1437,0,False,False,False,False,GOTO,INELIGIBLE_PRICE_REGIME,False,0,5,0.0,,,technology,27,0.0,0.0,1,0.037037037037037035,0,0.0,,0,,,,INELIGIBLE,,,,False,,INELIGIBLE,False,INELIGIBLE_PRICE_REGIME,False,,,0,0,0,0,0,0,0.0,,,
2026-09-28,43.0,0.0,14.0,0.0,,False,ZERO_RANGE_BASELINE,100.0,13.2754,15.4365,9.8463,39.29,1.7721,0.7676,64.59,0.073,3,False,True,True,False,GOTO,INELIGIBLE_PRICE_REGIME,False,0,5,0.0,,,technology,27,0.0,4.0649999999999995,1,0.037037037037037035,0,0.0,,0,,,,INELIGIBLE,,,,False,,INELIGIBLE,False,INELIGIBLE_PRICE_REGIME,False,,,0,0,0,0,0,0,0.0,,,
2026-09-29,37.0,0.0,26.0,0.0,,False,ZERO_RANGE_BASELINE,100.0,16.0011,21.6231,7.5294,56.05,2.7932,0.8853,100.0,0.357,3,False,True,True,False,GOTO,INELIGIBLE_PRICE_REGIME,False,0,5,0.0,,,technology,27,13.22,41.695,3,0.1111111111111111,0,0.0,,0,,,,INELIGIBLE,,,,False,,INELIGIBLE,False,INELIGIBLE_PRICE_REGIME,False,,,0,0,0,0,0,0,0.0,,,
2026-06-12,6350.0,24.57,8.4,8.3943,1.0007,True,,67.28,2.0151,2.327,0.956,80.03,2.2616,1.4423,0.0,-0.3401,2,False,True,True,False,ICBP,NO_INVESTIGATION,False,0,5,0.0,38.33,,consumer_non_cyclical,27,7.79,25.415,4,0.14814814814814814,0,0.0,0.9629629629629629,3,9.19,0.0,1.0,GOOD,0.8203017832647462,1.0,89.21810699588477,True,89.21810699588477,STOCK_SPECIFIC_ACTIVITY,False,NO_INVESTIGATION,False,,,0,0,0,0,0,0,0.0,38.33,,
2026-06-15,6600.0,0.0,12.253,8.3818,1.4619,True,,54.64,1.4883,1.6533,1.2789,23.74,1.2486,1.0595,50.26,0.0013,3,False,True,True,False,ICBP,NO_INVESTIGATION,False,0,5,0.0,24.98,,consumer_non_cyclical,27,42.94,64.585,13,0.48148148148148145,0,0.0,0.6296296296296297,3,15.74,0.3333333333333333,1.0,GOOD,0.32647462277091915,0.6666666666666667,46.25514403292183,True,46.25514403292183,MIXED_CONTEXT,False,NO_INVESTIGATION,False,,,0,0,0,0,0,0,0.0,24.98,,
2026-06-17,6625.0,0.43,10.6299,8.4125,1.2636,True,,1.82,0.764,0.8626,1.0466,0.0,0.8249,0.615,26.62,-0.0935,0,False,False,False,False,ICBP,NO_INVESTIGATION,False,0,5,0.0,3.32,,consumer_non_cyclical,27,0.0,18.119999999999997,4,0.14814814814814814,0,0.0,0.5555555555555556,3,0.0,0.0,1.0,GOOD,0.4732510288065844,1.0,68.39506172839506,False,,NO_ACTIVITY_CONTEXT,False,NO_INVESTIGATION,False,,,0,0,0,0,0,0,0.0,3.32,,
2026-06-18,6625.0,14.6,9.0909,8.4717,1.0731,True,,0.0,0.577,0.6549,0.5792,24.17,1.143,1.276,12.16,-0.2027,0,False,False,False,False,ICBP,NO_INVESTIGATION,False,0,5,0.0,8.49,,consumer_non_cyclical,27,0.0,2.745,1,0.037037037037037035,0,0.0,0.7037037037037037,3,0.0,0.0,1.0,GOOD,0.6776406035665296,1.0,80.65843621399178,False,,NO_ACTIVITY_CONTEXT,False,NO_INVESTIGATION,False,,,0,0,0,0,0,0,0.0,8.49,,
2026-06-19,6700.0,14.49,9.434,8.8047,1.0715,True,,56.13,1.8208,2.0389,0.9499,86.53,2.1088,1.5587,70.97,0.1065,2,False,True,True,False,ICBP,NO_INVESTIGATION,False,0,5,0.0,40.54,,consumer_non_cyclical,27,66.7,70.0,17,0.6296296296296297,6,0.2222222222222222,0.4444444444444444,3,70.0,1.0,0.0,GOOD,0.16460905349794236,0.0,9.87654320987654,True,9.87654320987654,MARKET_WIDE_ACTIVITY,False,NO_INVESTIGATION,False,,,0,0,0,0,0,0,0.0,40.54,,
2026-06-22,6575.0,82.71,5.6604,9.2624,0.6111,True,,0.0,0.3819,0.4105,0.5563,9.48,0.7624,1.2075,15.83,-0.1734,0,True,False,False,False,ICBP,NO_INVESTIGATION,False,0,5,0.0,23.68,,consumer_non_cyclical,27,0.0,14.54,1,0.037037037037037035,0,0.0,0.6296296296296297,3,16.74,0.0,0.3333333333333333,GOOD,0.6063100137174212,0.3333333333333333,49.711934156378604,False,,NO_ACTIVITY_CONTEXT,False,NO_INVESTIGATION,False,,,0,0,0,0,0,0,0.0,23.68,,
2026-06-23,6600.0,77.45,6.0377,9.2624,0.6519,True,,0.0,0.4794,0.5201,0.7269,0.0,0.7324,0.7854,34.17,-0.0633,0,True,False,False,False,ICBP,NO_INVESTIGATION,False,0,5,0.0,22.78,,consumer_non_cyclical,27,0.0,0.0,1,0.037037037037037035,0,0.0,0.8148148148148148,3,0.0,0.0,0.6666666666666666,GOOD,0.7846364883401921,0.6666666666666666,73.74485596707818,False,,NO_ACTIVITY_CONTEXT,False,NO_INVESTIGATION,False,,,0,0,0,0,0,0,0.0,22.78,,
2026-06-24,6500.0,71.64,6.4394,9.2624,0.6952,True,,0.0,0.5187,0.594,0.5681,3.38,1.0056,1.0661,94.57,0.2638,0,True,False,False,False,ICBP,NO_INVESTIGATION,False,0,5,0.0,27.87,,consumer_non_cyclical,27,0.0,10.780000000000001,1,0.037037037037037035,0,0.0,0.6296296296296297,3,0.0,0.0,0.6666666666666666,GOOD,0.6063100137174212,0.6666666666666666,63.04526748971193,False,,NO_ACTIVITY_CONTEXT,False,NO_INVESTIGATION,False,,,0,0,0,0,0,0,0.0,27.87,,
2026-06-25,6725.0,71.64,6.4394,9.2624,0.6952,True,,2.74,0.8063,0.9273,1.0773,1.15,0.8243,1.0253,79.32,0.1621,0,True,False,False,False,ICBP,NO_INVESTIGATION,False,0,5,0.0,26.84,,consumer_non_cyclical,27,0.0,12.219999999999999,5,0.18518518518518517,1,0.037037037037037035,0.6296296296296297,3,0.0,0.3333333333333333,0.6666666666666666,GOOD,0.5130315500685871,0.4444444444444445,48.55967078189301,False,,NO_ACTIVITY_CONTEXT,False,NO_INVESTIGATION,False,,,0,0,0,0,0,0,0.0,26.84,,
2026-06-26,6600.0,71.64,6.4394,9.2624,0.6952,True,,0.0,0.2586,0.3033,0.3474,0.0,0.8179,0.8697,5.23,-0.2581,0,True,False,False,False,ICBP,NO_INVESTIGATION,False,0,5,0.0,18.43,,consumer_non_cyclical,27,0.0,0.0,1,0.037037037037037035,0,0.0,0.8148148148148148,3,0.0,0.0,1.0,GOOD,0.7846364883401921,1.0,87.07818930041152,False,,NO_ACTIVITY_CONTEXT,False,NO_INVESTIGATION,False,,,0,0,0,0,0,0,0.0,18.43,,
2026-06-29,6650.0,70.21,6.4394,9.2624,0.6952,True,,0.0,0.5814,0.6599,0.538,15.73,1.2323,0.9396,50.07,0.0004,0,True,False,False,False,ICBP,NO_INVESTIGATION,False,0,5,0.0,24.92,,consumer_non_cyclical,27,0.0,0.0,1,0.037037037037037035,0,0.0,0.9629629629629629,3,0.0,0.0,1.0,GOOD,0.9272976680384087,1.0,95.63786008230453,False,,NO_ACTIVITY_CONTEXT,False,NO_INVESTIGATION,False,,,0,0,0,0,0,0,0.0,24.92,,
2026-06-30,6800.0,70.12,6.391,9.2624,0.69,True,,29.63,1.2915,1.4618,1.1517,25.76,1.1711,1.2886,45.74,-0.017,2,True,False,True,False,ICBP,NO_INVESTIGATION,False,0,5,0.0,34.86,,consumer_non_cyclical,27,0.0,25.9,2,0.07407407407407407,0,0.0,0.8148148148148148,3,49.76,0.3333333333333333,0.3333333333333333,GOOD,0.7544581618655692,0.22222222222222224,54.15637860082304,True,54.15637860082304,MIXED_CONTEXT,True,NO_INVESTIGATION,False,,,0,0,0,0,0,0,0.0,34.86,,
2026-07-01,6800.0,73.62,5.948,9.2624,0.6422,True,,0.0,0.6426,0.626,0.4234,59.48,1.5072,1.4442,0.0,-0.3274,0,True,False,False,False,ICBP,NO_INVESTIGATION,False,0,5,0.0,27.33,,consumer_non_cyclical,27,0.0,0.0,1,0.037037037037037035,0,0.0,0.8518518518518519,3,0.0,0.0,1.0,GOOD,0.8203017832647462,1.0,89.21810699588477,False,,NO_ACTIVITY_CONTEXT,False,NO_INVESTIGATION,False,,,0,0,0,0,0,0,0.0,27.33,,
2026-07-02,6750.0,86.28,4.8148,9.2624,0.5198,True,,0.0,0.1973,0.1951,0.3366,1.14,0.4864,1.0236,0.06,-0.2995,0,True,False,False,False,ICBP,NO_INVESTIGATION,False,0,5,0.0,21.75,,consumer_non_cyclical,27,0.0,0.0,1,0.037037037037037035,0,0.0,0.8888888888888888,3,0.0,0.3333333333333333,0.6666666666666666,GOOD,0.8559670781893004,0.4444444444444445,69.1358024691358,False,,NO_ACTIVITY_CONTEXT,False,NO_INVESTIGATION,False,,,0,0,0,0,0,0,0.0,21.75,,
2026-07-03,6950.0,48.11,7.3529,8.7455,0.8408,True,,0.0,0.9274,0.8945,0.8726,0.0,0.7858,0.9589,100.0,0.4692,0,False,False,False,False,ICBP,NO_INVESTIGATION,False,0,5,0.0,22.03,,consumer_non_cyclical,27,0.0,0.0,1,0.037037037037037035,0,0.0,0.7777777777777778,3,0.0,0.0,0.6666666666666666,GOOD,0.7489711934156379,0.6666666666666666,71.60493827160495,False,,NO_ACTIVITY_CONTEXT,False,NO_INVESTIGATION,False,,,0,0,0,0,0,0,0.0,22.03,,
2026-07-06,6925.0,34.67,7.3529,7.8765,0.9335,True,,0.0,0.6386,0.6332,0.5409,0.0,0.8445,0.8507,95.31,0.2687,0,False,False,False,False,ICBP,NO_INVESTIGATION,False,0,5,0.0,18.2,,consumer_non_cyclical,27,0.0,0.0,0,0.0,0,0.0,0.8148148148148148,3,0.0,0.0,1.0,GOOD,0.8148148148148148,1.0,88.88888888888889,False,,NO_ACTIVITY_CONTEXT,False,NO_INVESTIGATION,False,,,0,0,0,0,0,0,0.0,18.2,,
2026-07-07,6725.0,62.17,5.5147,7.3529,0.75,True,,0.0,0.432,0.4284,0.5496,0.0,0.6289,0.602,20.51,-0.1359,0,True,False,False,False,ICBP,NO_INVESTIGATION,False,0,5,0.0,17.59,,consumer_non_cyclical,27,0.0,6.77,1,0.037037037037037035,1,0.037037037037037035,0.7037037037037037,3,10.42,0.0,0.0,GOOD,0.6776406035665296,0.0,40.65843621399177,False,,NO_ACTIVITY_CONTEXT,False,NO_INVESTIGATION,False,,,0,0,0,0,0,0,0.0,17.59,,
2026-07-08,6625.0,38.53,6.2963,6.8962,0.913,True,,0.0,0.3124,0.3134,0.5192,3.92,0.5267,1.0773,18.23,-0.1542,0,False,False,False,False,ICBP,NO_INVESTIGATION,False,0,5,0.0,12.04,,consumer_non_cyclical,27,0.0,0.02,0,0.0,0,0.0,0.7407407407407407,3,0.0,0.0,0.6666666666666666,GOOD,0.7407407407407407,0.6666666666666666,71.1111111111111,False,,NO_ACTIVITY_CONTEXT,False,NO_INVESTIGATION,False,,,0,0,0,0,0,0,0.0,12.04,,
2026-07-09,6675.0,9.68,7.0632,6.4394,1.0969,True,,0.0,0.6075,0.6158,0.5596,30.82,1.1067,1.4154,6.37,-0.249,0,False,False,False,False,ICBP,NO_INVESTIGATION,False,0,5,0.0,7.68,,consumer_non_cyclical,27,0.0,0.0,0,0.0,0,0.0,0.8148148148148148,3,0.0,0.0,0.6666666666666666,GOOD,0.8148148148148148,0.6666666666666666,75.55555555555556,False,,NO_ACTIVITY_CONTEXT,False,NO_INVESTIGATION,False,,,0,0,0,0,0,0,0.0,7.68,,
2026-07-10,6650.0,26.67,6.367,6.4394,0.9888,True,,0.0,0.2617,0.2626,0.52,1.32,0.5581,1.0238,0.0,-0.3506,0,False,False,False,False,ICBP,NO_INVESTIGATION,False,0,5,0.0,6.87,,consumer_non_cyclical,27,0.0,0.0,0,0.0,0,0.0,0.7777777777777778,3,0.0,0.0,0.6666666666666666,GOOD,0.7777777777777778,0.6666666666666666,73.33333333333334,False,,NO_ACTIVITY_CONTEXT,False,NO_INVESTIGATION,False,,,0,0,0,0,0,0,0.0,6.87,,
2026-07-13,6625.0,84.6,4.1353,6.4394,0.6422,True,,0.0,0.4267,0.4287,0.8207,0.0,0.6135,0.8679,40.46,-0.0381,0,True,False,False,False,ICBP,NO_INVESTIGATION,False,0,5,0.0,25.2,,consumer_non_cyclical,27,0.0,0.0,2,0.07407407407407407,0,0.0,0.7777777777777778,3,0.0,0.0,0.6666666666666666,GOOD,0.720164609053498,0.6666666666666666,69.87654320987656,False,,NO_ACTIVITY_CONTEXT,False,NO_INVESTIGATION,False,,,0,0,0,0,0,0,0.0,25.2,,
2026-07-14,6650.0,100.0,2.6316,6.4394,0.4087,True,,0.0,0.5512,0.5451,0.8768,2.91,0.7639,1.0551,47.92,-0.0083,0,True,False,False,False,ICBP,NO_INVESTIGATION,False,0,5,0.0,30.23,,consumer_non_cyclical,27,4.74,24.61,6,0.2222222222222222,0,0.0,0.4074074074074074,3,0.0,0.0,1.0,GOOD,0.3168724279835391,1.0,59.01234567901235,False,,NO_ACTIVITY_CONTEXT,False,NO_INVESTIGATION,False,,,0,0,0,0,0,0,0.0,30.23,,
2026-07-15,6600.0,100.0,1.5038,6.4152,0.2344,True,,1.31,0.4614,0.4591,1.0395,4.95,0.5245,1.0932,45.84,-0.0166,0,True,False,False,False,ICBP,NO_INVESTIGATION,False,0,5,0.0,30.72,,consumer_non_cyclical,27,3.06,20.625,3,0.1111111111111111,2,0.07407407407407407,0.37037037037037035,3,11.62,0.3333333333333333,0.0,GOOD,0.3292181069958847,0.0,19.75308641975308,False,,NO_ACTIVITY_CONTEXT,False,NO_INVESTIGATION,False,,,0,0,0,0,0,0,0.0,30.72,,
2026-07-16,6700.0,100.0,1.8797,6.379,0.2947,True,,0.0,0.4177,0.424,0.6718,0.0,0.6492,0.9369,100.0,0.4428,0,True,False,False,False,ICBP,NO_INVESTIGATION,False,0,5,0.0,35.0,,consumer_non_cyclical,27,2.62,37.715,5,0.18518518518518517,2,0.07407407407407407,0.4444444444444444,3,0.0,0.3333333333333333,0.6666666666666666,GOOD,0.36213991769547327,0.4444444444444445,39.50617283950618,False,,NO_ACTIVITY_CONTEXT,False,NO_INVESTIGATION,False,,,0,0,0,0,0,0,0.0,35.0,,
2026-07-17,6850.0,82.8,4.1353,6.3317,0.6531,True,,55.78,1.4266,1.4271,1.9123,0.24,0.8082,1.0042,100.0,0.4618,3,True,True,True,True,ICBP,EMERGING,True,1,5,20.0,51.47,51.47,consumer_non_cyclical,27,10.93,54.2,8,0.2962962962962963,2,0.07407407407407407,0.7777777777777778,3,0.0,0.0,1.0,GOOD,0.5473251028806585,1.0,72.83950617283952,True,72.83950617283952,STOCK_SPECIFIC_ACTIVITY,True,EMERGING,True,ICBP-20260717-01,2026-07-17,1,1,1,1,1,0,20.0,51.47,51.47,
2026-07-20,6900.0,43.41,5.597,6.167,0.9076,True,,42.29,1.3634,1.336,1.513,0.93,1.0148,0.6911,60.68,0.0534,3,False,False,True,False,ICBP,WEAKENING,True,1,5,20.0,33.75,33.75,consumer_non_cyclical,27,31.73,51.675,7,0.25925925925925924,2,0.07407407407407407,0.6296296296296297,3,10.5,0.3333333333333333,0.6666666666666666,GOOD,0.4663923182441701,0.4444444444444445,45.76131687242799,True,45.76131687242799,MIXED_CONTEXT,True,DEVELOPING,True,ICBP-20260717-01,2026-07-17,2,1,2,2,1,0,40.0,37.75,37.75,
2026-07-21,7000.0,23.63,6.2044,6.167,1.0061,True,,41.04,1.507,1.4681,1.2591,49.87,1.3514,1.4649,100.0,0.3691,3,False,False,True,False,ICBP,WEAKENING,True,1,5,20.0,39.7,39.7,consumer_non_cyclical,27,21.74,66.245,9,0.3333333333333333,5,0.18518518518518517,0.6666666666666666,3,5.75,0.3333333333333333,0.6666666666666666,GOOD,0.4444444444444445,0.4444444444444445,44.44444444444445,True,44.44444444444445,MIXED_CONTEXT,False,WEAKENING,True,ICBP-20260717-01,2026-07-17,3,1,2,2,1,1,40.0,43.7,43.7,
2026-07-22,7075.0,4.23,7.2464,6.2503,1.1594,True,,55.64,1.807,1.735,1.2883,32.52,1.5234,0.9254,95.45,0.2696,3,False,True,True,False,ICBP,WEAKENING,True,1,5,20.0,36.17,36.17,consumer_non_cyclical,27,44.55,85.55000000000001,13,0.48148148148148145,3,0.1111111111111111,0.5555555555555556,3,93.59,0.6666666666666666,0.3333333333333333,GOOD,0.28806584362139925,0.11111111111111112,21.7283950617284,True,21.7283950617284,PEER_CLUSTERED_ACTIVITY,False,CLOSED,False,ICBP-20260717-01,2026-07-17,4,1,2,2,1,2,40.0,40.17,,TWO_UNSUPPORTED_SESSIONS
2026-07-23,7125.0,5.0,7.1429,6.2503,1.1428,True,,74.17,2.0873,1.9926,1.5593,45.9,1.4538,1.2831,100.0,0.5542,3,False,True,True,False,ICBP,WEAKENING,True,1,5,20.0,44.39,44.39,consumer_non_cyclical,27,50.68,81.85,14,0.5185185185185185,2,0.07407407407407407,0.7037037037037037,3,50.68,0.6666666666666666,0.6666666666666666,GOOD,0.3388203017832648,0.22222222222222224,29.218106995884774,True,29.218106995884774,MARKET_WIDE_ACTIVITY,False,NO_INVESTIGATION,False,,,0,0,0,0,0,0,0.0,40.39,,
2026-07-24,6975.0,83.03,3.9286,6.2503,0.6285,True,,60.59,1.5387,1.4977,1.963,2.49,0.8514,1.044,100.0,0.3091,3,True,True,True,True,ICBP,EMERGING,True,1,5,20.0,53.31,53.31,consumer_non_cyclical,27,11.43,44.915,6,0.2222222222222222,1,0.037037037037037035,0.8518518518518519,3,25.06,0.0,1.0,GOOD,0.6625514403292181,1.0,79.75308641975309,True,79.75308641975309,STOCK_SPECIFIC_ACTIVITY,True,EMERGING,True,ICBP-20260724-02,2026-07-24,1,1,1,1,1,0,20.0,53.31,53.31,
2026-07-27,6950.0,76.77,3.9286,6.0762,0.6466,True,,0.0,0.6352,0.6332,0.9077,14.56,0.9504,1.1996,100.0,0.3987,0,True,False,False,False,ICBP,WEAKENING,True,1,5,20.0,35.38,35.38,consumer_non_cyclical,27,0.0,14.01,1,0.037037037037037035,0,0.0,0.5925925925925926,3,0.0,0.0,0.6666666666666666,GOOD,0.5706447187928669,0.6666666666666666,60.90534979423868,False,,NO_ACTIVITY_CONTEXT,False,WEAKENING,True,ICBP-20260724-02,2026-07-24,2,1,1,1,1,1,20.0,35.38,35.38,
2026-07-28,6950.0,76.59,3.5842,5.7725,0.6209,True,,18.28,1.1679,1.1337,1.2557,11.53,1.174,0.8937,94.22,0.2614,1,True,False,False,False,ICBP,WEAKENING,True,1,5,20.0,39.78,39.78,consumer_non_cyclical,27,0.0,4.82,1,0.037037037037037035,1,0.037037037037037035,0.9259259259259259,3,0.81,0.0,1.0,GOOD,0.8916323731138547,1.0,93.49794238683128,True,93.49794238683128,STOCK_SPECIFIC_ACTIVITY,True,DEVELOPING,True,ICBP-20260724-02,2026-07-24,3,1,2,2,1,0,40.0,43.78,43.78,
2026-07-29,6950.0,72.28,3.5971,5.5559,0.6474,True,,4.46,0.6023,0.5868,1.1377,0.0,0.6682,0.9588,100.0,0.3555,0,True,False,False,False,ICBP,WEAKENING,True,1,5,20.0,33.41,33.41,consumer_non_cyclical,27,2.68,28.005,3,0.1111111111111111,1,0.037037037037037035,0.5555555555555556,3,42.07,0.3333333333333333,0.3333333333333333,GOOD,0.49382716049382713,0.22222222222222224,38.51851851851852,False,,NO_ACTIVITY_CONTEXT,False,WEAKENING,True,ICBP-20260724-02,2026-07-24,4,1,2,2,1,1,40.0,37.41,37.41,
2026-07-30,7025.0,74.94,3.2374,5.1648,0.6268,True,,18.3,1.1203,1.0655,1.3352,19.59,0.8873,1.2604,92.97,0.2531,1,True,False,False,False,ICBP,WEAKENING,True,1,5,20.0,40.46,40.46,consumer_non_cyclical,27,0.45,16.86,2,0.07407407407407407,0,0.0,0.7777777777777778,3,0.0,0.0,1.0,GOOD,0.720164609053498,1.0,83.20987654320989,True,83.20987654320989,STOCK_SPECIFIC_ACTIVITY,True,DEVELOPING,True,ICBP-20260724-02,2026-07-24,5,1,3,3,1,0,60.0,48.46,48.46,
2026-07-31,6975.0,77.22,2.8777,4.825,0.5964,True,,0.0,0.9156,0.8899,0.8001,25.98,1.2724,1.1012,56.73,0.0337,0,True,False,False,False,ICBP,NO_INVESTIGATION,False,0,5,0.0,28.88,,consumer_non_cyclical,27,9.39,62.57,8,0.2962962962962963,3,0.1111111111111111,0.2962962962962963,3,70.0,0.6666666666666666,0.0,GOOD,0.2085048010973937,0.0,12.510288065843621,False,,NO_ACTIVITY_CONTEXT,False,WEAKENING,True,ICBP-20260724-02,2026-07-24,6,1,3,2,0,1,40.0,36.88,36.88,
2026-08-03,7200.0,19.39,4.3011,4.1353,1.0401,True,,97.16,2.7648,2.696,2.6755,28.03,1.1633,1.2502,100.0,0.6324,3,False,True,True,False,ICBP,NO_INVESTIGATION,False,0,5,0.0,48.2,,consumer_non_cyclical,27,13.11,61.47,9,0.3333333333333333,1,0.037037037037037035,1.0,3,89.11,0.6666666666666666,1.0,GOOD,0.6666666666666667,0.33333333333333337,53.33333333333334,True,53.33333333333334,PEER_CLUSTERED_ACTIVITY,False,CLOSED,False,ICBP-20260724-02,2026-07-24,7,1,3,2,0,2,40.0,56.2,,TWO_UNSUPPORTED_SESSIONS
2026-08-04,7175.0,4.89,4.9822,4.1353,1.2048,True,,44.26,1.5879,1.5381,1.2252,30.52,1.3765,1.0408,100.0,0.3306,3,False,False,True,False,ICBP,NO_INVESTIGATION,False,0,5,0.0,29.08,,consumer_non_cyclical,27,10.55,26.145000000000003,5,0.18518518518518517,0,0.0,0.8148148148148148,3,19.07,0.0,1.0,GOOD,0.663923182441701,1.0,79.83539094650206,True,79.83539094650206,STOCK_SPECIFIC_ACTIVITY,False,NO_INVESTIGATION,False,,,0,0,0,0,0,0,0.0,29.08,,
2026-08-05,7300.0,0.0,6.2718,4.1353,1.5166,True,,82.77,2.1617,2.01,1.8277,14.9,1.1942,1.0272,100.0,0.399,3,False,True,True,False,ICBP,NO_INVESTIGATION,False,0,5,0.0,37.07,,consumer_non_cyclical,27,40.75,82.745,12,0.4444444444444444,1,0.037037037037037035,0.7777777777777778,3,84.64,1.0,0.3333333333333333,GOOD,0.4320987654320988,0.0,25.925925925925924,True,25.925925925925924,PEER_CLUSTERED_ACTIVITY,False,NO_INVESTIGATION,False,,,0,0,0,0,0,0,0.0,37.07,,
2026-08-06,7450.0,0.0,7.9861,4.1353,1.9312,True,,84.47,2.5928,2.3804,1.6468,48.78,1.5713,1.1647,100.0,0.4918,3,False,True,True,False,ICBP,NO_INVESTIGATION,False,0,5,0.0,42.66,,consumer_non_cyclical,27,18.02,56.93,10,0.37037037037037035,0,0.0,0.9629629629629629,3,15.76,0.0,1.0,GOOD,0.6063100137174211,1.0,76.37860082304526,True,76.37860082304526,STOCK_SPECIFIC_ACTIVITY,False,NO_INVESTIGATION,False,,,0,0,0,0,0,0,0.0,42.66,,
2026-08-07,7750.0,0.0,10.274,4.1353,2.4844,True,,99.15,3.4342,3.1131,2.6234,60.82,1.5325,1.3831,100.0,0.5525,3,False,True,True,False,ICBP,NO_INVESTIGATION,False,0,5,0.0,48.87,,consumer_non_cyclical,27,0.0,28.735,4,0.14814814814814814,0,0.0,0.9629629629629629,3,34.73,0.3333333333333333,1.0,GOOD,0.8203017832647462,0.6666666666666667,75.88477366255144,True,75.88477366255144,STOCK_SPECIFIC_ACTIVITY,False,NO_INVESTIGATION,False,,,0,0,0,0,0,0,0.0,48.87,,
2026-08-10,7600.0,0.0,8.7248,4.1353,2.1098,True,,83.94,2.0742,1.9033,2.3538,2.02,1.0295,0.9574,94.36,0.2624,3,False,True,True,False,ICBP,NO_INVESTIGATION,False,0,5,0.0,34.92,,consumer_non_cyclical,27,12.47,68.595,8,0.2962962962962963,3,0.1111111111111111,0.8888888888888888,3,76.75,0.6666666666666666,0.6666666666666666,GOOD,0.625514403292181,0.22222222222222224,46.41975308641975,True,46.41975308641975,PEER_CLUSTERED_ACTIVITY,False,NO_INVESTIGATION,False,,,0,0,0,0,0,0,0.0,34.92,,
2026-08-11,7575.0,0.0,7.5908,4.2182,1.7995,True,,0.0,0.864,0.7965,0.7578,36.29,1.295,1.2299,71.95,0.113,0,False,False,False,False,ICBP,NO_INVESTIGATION,False,0,5,0.0,12.64,,consumer_non_cyclical,27,2.88,13.344999999999999,2,0.07407407407407407,0,0.0,0.37037037037037035,3,7.72,0.3333333333333333,0.3333333333333333,GOOD,0.34293552812071326,0.22222222222222224,29.465020576131685,False,,NO_ACTIVITY_CONTEXT,False,NO_INVESTIGATION,False,,,0,0,0,0,0,0,0.0,12.64,,
2026-08-12,7550.0,0.0,6.6007,4.6416,1.4221,True,,0.0,0.8389,0.7792,0.8298,8.71,1.1304,0.9338,65.1,0.0755,0,False,False,False,False,ICBP,NO_INVESTIGATION,False,0,5,0.0,7.82,,consumer_non_cyclical,27,0.0,9.42,1,0.037037037037037035,0,0.0,0.5185185185185185,3,0.36,0.0,0.3333333333333333,GOOD,0.4993141289437586,0.3333333333333333,43.29218106995884,False,,NO_ACTIVITY_CONTEXT,False,NO_INVESTIGATION,False,,,0,0,0,0,0,0,0.0,7.82,,
2026-08-13,7550.0,42.61,4.6205,5.2896,0.8735,True,,1.86,0.9826,0.9052,1.0585,15.38,1.0265,1.2365,44.1,-0.0236,0,False,False,False,False,ICBP,NO_INVESTIGATION,False,0,5,0.0,17.93,,consumer_non_cyclical,27,0.0,3.51,1,0.037037037037037035,0,0.0,0.6666666666666666,3,0.0,0.0,0.6666666666666666,GOOD,0.6419753086419753,0.6666666666666666,65.18518518518518,False,,NO_ACTIVITY_CONTEXT,False,NO_INVESTIGATION,False,,,0,0,0,0,0,0,0.0,17.93,,
2026-08-14,7600.0,42.97,4.6205,5.2896,0.8735,True,,5.47,1.1139,1.0224,0.6669,53.57,1.7518,1.058,70.46,0.1031,0,False,False,False,False,ICBP,NO_INVESTIGATION,False,0,5,0.0,27.46,,consumer_non_cyclical,27,0.0,1.06,2,0.07407407407407407,0,0.0,0.8148148148148148,3,0.0,0.0,1.0,GOOD,0.7544581618655692,1.0,85.26748971193415,False,,NO_ACTIVITY_CONTEXT,False,NO_INVESTIGATION,False,,,0,0,0,0,0,0,0.0,27.46,,
2026-08-18,7625.0,74.72,3.3003,5.2896,0.6239,True,,1.17,1.0277,0.9673,0.8245,49.65,1.3673,1.3434,100.0,0.3636,0,True,False,False,False,ICBP,NO_INVESTIGATION,False,0,5,0.0,36.48,,consumer_non_cyclical,27,2.79,22.799999999999997,4,0.14814814814814814,1,0.037037037037037035,0.4074074074074074,3,15.58,0.3333333333333333,0.3333333333333333,GOOD,0.34705075445816186,0.22222222222222224,29.711934156378604,False,,NO_ACTIVITY_CONTEXT,False,NO_INVESTIGATION,False,,,0,0,0,0,0,0,0.0,36.48,,
2026-08-19,7675.0,50.07,3.9474,4.8013,0.8221,True,,0.0,0.6112,0.5838,0.8459,0.0,0.8113,0.9323,100.0,0.4508,0,False,False,False,False,ICBP,NO_INVESTIGATION,False,0,5,0.0,22.52,,consumer_non_cyclical,27,0.0,27.994999999999997,6,0.2222222222222222,0,0.0,0.5925925925925926,3,25.91,0.3333333333333333,0.3333333333333333,GOOD,0.46090534979423864,0.22222222222222224,36.54320987654321,False,,NO_ACTIVITY_CONTEXT,False,NO_INVESTIGATION,False,,,0,0,0,0,0,0,0.0,22.52,,
2026-08-20,7700.0,46.1,3.9344,4.6205,0.8515,True,,20.47,1.0126,0.9789,1.5519,1.09,0.7511,1.0186,100.0,0.4054,1,False,False,False,False,ICBP,NO_INVESTIGATION,False,0,5,0.0,27.83,,consumer_non_cyclical,27,10.87,68.375,9,0.3333333333333333,1,0.037037037037037035,0.5925925925925926,3,0.0,0.3333333333333333,0.6666666666666666,GOOD,0.39506172839506176,0.4444444444444445,41.48148148148149,True,41.48148148148149,MIXED_CONTEXT,True,NO_INVESTIGATION,False,,,0,0,0,0,0,0,0.0,27.83,,
2026-08-21,7625.0,81.46,2.623,4.4608,0.588,True,,0.0,0.7135,0.6985,0.6587,15.61,1.2092,0.5901,50.0,0.0,0,True,False,False,False,ICBP,NO_INVESTIGATION,False,0,5,0.0,27.71,,consumer_non_cyclical,27,0.0,22.455,3,0.1111111111111111,1,0.037037037037037035,0.5185185185185185,3,0.0,0.0,0.6666666666666666,GOOD,0.46090534979423864,0.6666666666666666,54.32098765432099,False,,NO_ACTIVITY_CONTEXT,False,NO_INVESTIGATION,False,,,0,0,0,0,0,0,0.0,27.71,,
2026-08-24,7750.0,77.37,2.6059,4.1242,0.6318,True,,6.91,1.0642,1.0368,1.0957,25.83,1.1115,1.2671,100.0,0.5556,0,True,False,False,False,ICBP,NO_INVESTIGATION,False,0,5,0.0,35.29,,consumer_non_cyclical,27,6.91,39.585,6,0.2222222222222222,0,0.0,0.5185185185185185,3,0.0,0.3333333333333333,0.6666666666666666,GOOD,0.40329218106995884,0.4444444444444445,41.97530864197531,False,,NO_ACTIVITY_CONTEXT,False,NO_INVESTIGATION,False,,,0,0,0,0,0,0,0.0,35.29,,
2026-08-26,7850.0,21.34,4.2208,4.1242,1.0234,True,,100.0,3.2297,3.0817,3.0381,16.82,1.1947,1.0382,100.0,0.3636,3,False,True,True,False,ICBP,NO_INVESTIGATION,False,0,5,0.0,47.86,,consumer_non_cyclical,27,50.01,74.195,14,0.5185185185185185,1,0.037037037037037035,1.0,3,50.01,0.6666666666666666,1.0,GOOD,0.4814814814814815,0.33333333333333337,42.22222222222223,True,42.22222222222223,PEER_CLUSTERED_ACTIVITY,False,NO_INVESTIGATION,False,,,0,0,0,0,0,0,0.0,47.86,,
2026-08-27,7950.0,2.91,5.1613,4.2609,1.2113,True,,85.29,2.2433,2.1269,1.681,33.99,1.4011,0.5249,83.45,0.1896,3,False,True,True,False,ICBP,NO_INVESTIGATION,False,0,5,0.0,39.76,,consumer_non_cyclical,27,0.0,54.835,8,0.2962962962962963,2,0.07407407407407407,0.9629629629629629,3,55.5,0.6666666666666666,1.0,GOOD,0.6776406035665294,0.33333333333333337,53.9917695473251,True,53.9917695473251,PEER_CLUSTERED_ACTIVITY,False,NO_INVESTIGATION,False,,,0,0,0,0,0,0,0.0,39.76,,
2026-08-28,7950.0,8.15,5.0955,4.4608,1.1423,True,,5.63,1.0837,1.0363,1.0392,5.68,1.0515,1.0273,100.0,0.4078,0,False,False,False,False,ICBP,NO_INVESTIGATION,False,0,5,0.0,14.58,,consumer_non_cyclical,27,0.0,48.61,7,0.25925925925925924,2,0.07407407407407407,0.5925925925925926,3,57.25,0.6666666666666666,0.3333333333333333,GOOD,0.43895747599451296,0.11111111111111112,30.781893004115226,False,,NO_ACTIVITY_CONTEXT,False,NO_INVESTIGATION,False,,,0,0,0,0,0,0,0.0,14.58,,
2026-08-31,7600.0,0.0,8.9172,4.6205,1.9299,True,,98.49,3.1191,3.1394,2.6125,15.77,1.1791,0.3957,61.06,0.0553,3,False,True,True,False,ICBP,NO_INVESTIGATION,False,0,5,0.0,38.02,,consumer_non_cyclical,27,69.98,80.765,17,0.6296296296296297,4,0.14814814814814814,0.8888888888888888,3,98.57,1.0,0.3333333333333333,GOOD,0.3292181069958847,0.0,19.75308641975308,True,19.75308641975308,MARKET_WIDE_ACTIVITY,False,NO_INVESTIGATION,False,,,0,0,0,0,0,0,0.0,38.02,,
2026-09-01,7375.0,0.0,8.9172,4.8013,1.8572,True,,91.36,2.337,2.4027,2.1916,3.43,1.0433,0.3756,62.94,0.0647,3,False,True,True,False,ICBP,NO_INVESTIGATION,False,0,5,0.0,34.22,,consumer_non_cyclical,27,54.42,84.5,14,0.5185185185185185,2,0.07407407407407407,0.7777777777777778,3,99.21,1.0,0.3333333333333333,GOOD,0.37448559670781895,0.0,22.469135802469136,True,22.469135802469136,MARKET_WIDE_ACTIVITY,False,NO_INVESTIGATION,False,,,0,0,0,0,0,0,0.0,34.22,,
2026-09-02,7375.0,0.0,9.8684,5.0389,1.9585,True,,72.03,1.7848,1.8947,1.6932,0.0,0.8617,0.4108,91.46,0.2431,3,False,True,True,False,ICBP,NO_INVESTIGATION,False,0,5,0.0,30.75,,consumer_non_cyclical,27,17.97,62.275000000000006,8,0.2962962962962963,0,0.0,0.7777777777777778,3,77.95,0.6666666666666666,0.3333333333333333,GOOD,0.5473251028806585,0.11111111111111112,37.283950617283956,True,37.283950617283956,PEER_CLUSTERED_ACTIVITY,False,NO_INVESTIGATION,False,,,0,0,0,0,0,0,0.0,30.75,,
2026-09-03,7375.0,0.0,9.8305,5.1284,1.9169,True,,40.38,1.3219,1.398,1.5105,0.0,0.7154,0.733,77.58,0.1505,3,False,False,True,False,ICBP,NO_INVESTIGATION,False,0,5,0.0,19.87,,consumer_non_cyclical,27,32.28,69.175,9,0.3333333333333333,1,0.037037037037037035,0.5925925925925926,3,66.07,0.6666666666666666,0.3333333333333333,GOOD,0.39506172839506176,0.11111111111111112,28.14814814814815,True,28.14814814814815,PEER_CLUSTERED_ACTIVITY,False,NO_INVESTIGATION,False,,,0,0,0,0,0,0,0.0,19.87,,
2026-09-04,7275.0,0.0,9.4915,5.7165,1.6604,True,,24.12,1.3365,1.3749,0.8586,20.22,1.2468,0.9577,65.43,0.0771,2,False,False,True,False,ICBP,NO_INVESTIGATION,False,0,5,0.0,16.81,,consumer_non_cyclical,27,0.0,24.19,5,0.18518518518518517,1,0.037037037037037035,0.7407407407407407,3,72.12,0.6666666666666666,0.3333333333333333,GOOD,0.6035665294924555,0.11111111111111112,40.65843621399177,True,40.65843621399177,PEER_CLUSTERED_ACTIVITY,False,NO_INVESTIGATION,False,,,0,0,0,0,0,0,0.0,16.81,,
2026-09-07,7250.0,27.42,5.7627,5.881,0.9799,True,,45.03,1.5105,1.5495,1.3383,0.0,0.9737,0.6993,65.6,0.078,3,False,False,True,False,ICBP,NO_INVESTIGATION,False,0,5,0.0,26.92,,consumer_non_cyclical,27,0.77,43.894999999999996,6,0.2222222222222222,2,0.07407407407407407,0.7777777777777778,3,57.16,0.6666666666666666,0.3333333333333333,GOOD,0.6049382716049383,0.11111111111111112,40.74074074074075,True,40.74074074074075,PEER_CLUSTERED_ACTIVITY,False,NO_INVESTIGATION,False,,,0,0,0,0,0,0,0.0,26.92,,
2026-09-08,7200.0,2.45,6.8729,5.462,1.2583,True,,73.57,2.1492,2.239,1.4677,24.5,1.2864,0.6898,100.0,0.4313,3,False,True,True,False,ICBP,NO_INVESTIGATION,False,0,5,0.0,36.36,,consumer_non_cyclical,27,21.11,72.91999999999999,10,0.37037037037037035,1,0.037037037037037035,0.7777777777777778,3,72.27,0.6666666666666666,0.6666666666666666,GOOD,0.48971193415637865,0.22222222222222224,38.27160493827161,True,38.27160493827161,PEER_CLUSTERED_ACTIVITY,False,NO_INVESTIGATION,False,,,0,0,0,0,0,0,0.0,36.36,,
2026-09-09,7200.0,0.0,7.5862,5.462,1.3889,True,,36.11,1.5117,1.5934,0.9761,30.74,1.3605,0.9025,91.0,0.24,2,False,False,True,False,ICBP,NO_INVESTIGATION,False,0,5,0.0,24.54,,consumer_non_cyclical,27,51.62,75.14,14,0.5185185185185185,4,0.14814814814814814,0.4444444444444444,3,51.62,0.6666666666666666,0.3333333333333333,GOOD,0.2139917695473251,0.11111111111111112,17.28395061728395,True,17.28395061728395,MARKET_WIDE_ACTIVITY,False,NO_INVESTIGATION,False,,,0,0,0,0,0,0,0.0,24.54,,
2026-09-10,7175.0,0.0,7.6389,5.462,1.3986,True,,0.0,0.7674,0.8019,0.7234,0.0,0.9628,0.6811,22.75,-0.118,0,False,False,False,False,ICBP,NO_INVESTIGATION,False,0,5,0.0,2.27,,consumer_non_cyclical,27,23.38,67.435,12,0.4444444444444444,2,0.07407407407407407,0.2962962962962963,3,17.99,0.3333333333333333,0.3333333333333333,GOOD,0.1646090534979424,0.22222222222222224,18.765432098765434,False,,NO_ACTIVITY_CONTEXT,False,NO_INVESTIGATION,False,,,0,0,0,0,0,0,0.0,2.27,,
2026-09-11,7125.0,0.0,7.9861,5.462,1.4621,True,,0.0,0.4628,0.4894,0.6402,0.0,0.6681,0.8235,0.0,-0.3574,0,False,False,False,False,ICBP,NO_INVESTIGATION,False,0,5,0.0,0.0,,consumer_non_cyclical,27,18.62,50.334999999999994,7,0.25925925925925924,0,0.0,0.2962962962962963,3,31.0,0.3333333333333333,0.0,GOOD,0.21947873799725648,0.0,13.16872427983539,False,,NO_ACTIVITY_CONTEXT,False,NO_INVESTIGATION,False,,,0,0,0,0,0,0,0.0,0.0,,
2026-09-14,7125.0,56.06,4.1812,5.462,0.7655,True,,0.0,0.6321,0.6716,0.4875,15.0,1.1984,0.9075,93.72,0.2581,0,True,False,False,False,ICBP,NO_INVESTIGATION,False,0,5,0.0,25.64,,consumer_non_cyclical,27,26.07,74.15,11,0.4074074074074074,0,0.0,0.2222222222222222,3,0.0,0.0,0.6666666666666666,GOOD,0.1316872427983539,0.6666666666666666,34.5679012345679,False,,NO_ACTIVITY_CONTEXT,False,NO_INVESTIGATION,False,,,0,0,0,0,0,0,0.0,25.64,,
2026-09-15,6900.0,21.04,5.614,5.462,1.0278,True,,78.73,2.0736,2.2453,1.8438,1.52,1.0207,0.8645,26.53,-0.0939,3,False,True,True,False,ICBP,NO_INVESTIGATION,False,0,5,0.0,31.76,,consumer_non_cyclical,27,0.0,11.379999999999999,4,0.14814814814814814,0,0.0,1.0,3,0.0,0.0,1.0,GOOD,0.8518518518518519,1.0,91.11111111111111,True,91.11111111111111,STOCK_SPECIFIC_ACTIVITY,False,NO_INVESTIGATION,False,,,0,0,0,0,0,0,0.0,31.76,,
2026-09-16,7025.0,10.76,6.3158,5.6884,1.1103,True,,0.0,0.6637,0.7002,0.6846,0.0,0.9964,0.9833,0.0,-0.3273,0,False,False,False,False,ICBP,NO_INVESTIGATION,False,0,5,0.0,2.69,,consumer_non_cyclical,27,0.0,19.835,2,0.07407407407407407,0,0.0,0.5185185185185185,3,0.0,0.0,0.6666666666666666,GOOD,0.4801097393689986,0.6666666666666666,55.47325102880658,False,,NO_ACTIVITY_CONTEXT,False,NO_INVESTIGATION,False,,,0,0,0,0,0,0,0.0,2.69,,
2026-09-17,6950.0,41.2,5.3381,6.0393,0.8839,True,,0.0,0.4266,0.4516,0.5624,13.61,0.7848,1.2918,10.49,-0.2161,0,False,False,False,False,ICBP,NO_INVESTIGATION,False,0,5,0.0,13.39,,consumer_non_cyclical,27,0.0,8.625,3,0.1111111111111111,0,0.0,0.6666666666666666,3,0.0,0.0,0.6666666666666666,GOOD,0.5925925925925926,0.6666666666666666,62.22222222222222,False,,NO_ACTIVITY_CONTEXT,False,NO_INVESTIGATION,False,,,0,0,0,0,0,0,0.0,13.39,,
2026-09-18,6900.0,48.47,5.036,6.0393,0.8339,True,,15.52,1.1939,1.2666,0.6063,75.88,2.0374,1.3367,25.79,-0.0968,1,False,False,False,False,ICBP,NO_INVESTIGATION,False,0,5,0.0,30.73,,consumer_non_cyclical,27,48.09,72.95,12,0.4444444444444444,1,0.037037037037037035,0.2962962962962963,3,58.91,0.6666666666666666,0.0,GOOD,0.1646090534979424,0.0,9.876543209876543,True,9.876543209876543,PEER_CLUSTERED_ACTIVITY,True,NO_INVESTIGATION,False,,,0,0,0,0,0,0,0.0,30.73,,
2026-09-21,6800.0,39.21,5.4348,6.0393,0.8999,True,,0.0,0.5336,0.5622,0.7445,5.61,0.8978,1.1236,100.0,0.4501,0,False,False,False,False,ICBP,NO_INVESTIGATION,False,0,5,0.0,20.64,,consumer_non_cyclical,27,0.0,3.005,2,0.07407407407407407,0,0.0,0.7037037037037037,3,0.0,0.0,0.6666666666666666,GOOD,0.6515775034293553,0.6666666666666666,65.76131687242798,False,,NO_ACTIVITY_CONTEXT,False,NO_INVESTIGATION,False,,,0,0,0,0,0,0,0.0,20.64,,
2026-09-22,6650.0,39.45,5.4348,6.0393,0.8999,True,,2.89,0.8399,0.9018,1.0972,0.0,0.9683,0.8048,42.67,-0.0293,0,False,False,False,False,ICBP,NO_INVESTIGATION,False,0,5,0.0,15.0,,consumer_non_cyclical,27,2.89,15.330000000000002,4,0.14814814814814814,0,0.0,0.5185185185185185,3,0.0,0.0,1.0,GOOD,0.44170096021947874,1.0,66.50205761316872,False,,NO_ACTIVITY_CONTEXT,False,NO_INVESTIGATION,False,,,0,0,0,0,0,0,0.0,15.0,,
2026-09-23,6875.0,39.67,5.4545,6.0393,0.9032,True,,0.0,0.8329,0.8726,0.5464,82.69,1.8156,1.5682,0.0,-0.3731,0,False,False,False,False,ICBP,NO_INVESTIGATION,False,0,5,0.0,22.32,,consumer_non_cyclical,27,0.0,4.3549999999999995,2,0.07407407407407407,0,0.0,0.6296296296296297,3,0.0,0.0,1.0,GOOD,0.5829903978052127,1.0,74.97942386831275,False,,NO_ACTIVITY_CONTEXT,False,NO_INVESTIGATION,False,,,0,0,0,0,0,0,0.0,22.32,,
2026-09-24,6975.0,60.2,4.7273,6.0393,0.7828,True,,0.0,0.6967,0.7048,0.7878,29.28,0.9992,1.6253,0.0,-0.3546,0,True,False,False,False,ICBP,NO_INVESTIGATION,False,0,5,0.0,19.44,,consumer_non_cyclical,27,0.0,0.0,2,0.07407407407407407,0,0.0,0.8148148148148148,3,0.0,0.0,0.6666666666666666,GOOD,0.7544581618655692,0.6666666666666666,71.93415637860082,False,,NO_ACTIVITY_CONTEXT,False,NO_INVESTIGATION,False,,,0,0,0,0,0,0,0.0,19.44,,
2026-09-25,6650.0,57.61,4.7794,6.0393,0.7914,True,,5.35,0.733,0.7385,1.1716,5.65,0.7436,1.119,23.62,-0.111,0,True,False,False,False,ICBP,NO_INVESTIGATION,False,0,5,0.0,19.22,,consumer_non_cyclical,27,0.0,0.0,1,0.037037037037037035,0,0.0,0.8518518518518519,3,0.0,0.0,1.0,GOOD,0.8203017832647462,1.0,89.21810699588477,False,,NO_ACTIVITY_CONTEXT,False,NO_INVESTIGATION,False,,,0,0,0,0,0,0,0.0,19.22,,
2026-09-28,6650.0,44.54,5.2632,6.0393,0.8715,True,,0.0,0.6182,0.6273,0.5728,21.95,1.1441,1.213,60.32,0.0516,0,False,False,False,False,ICBP,NO_INVESTIGATION,False,0,5,0.0,20.46,,consumer_non_cyclical,27,0.0,4.0649999999999995,1,0.037037037037037035,0,0.0,0.5555555555555556,3,0.0,0.0,0.6666666666666666,GOOD,0.5349794238683128,0.6666666666666666,58.76543209876544,False,,NO_ACTIVITY_CONTEXT,False,NO_INVESTIGATION,False,,,0,0,0,0,0,0,0.0,20.46,,
2026-09-29,6675.0,3.03,6.7416,5.6884,1.1851,True,,0.0,0.463,0.4941,0.8203,0.0,0.6708,0.681,49.06,-0.0038,0,False,False,False,False,ICBP,NO_INVESTIGATION,False,0,5,0.0,5.66,,consumer_non_cyclical,27,13.22,41.695,3,0.1111111111111111,0,0.0,0.3333333333333333,3,0.01,0.0,0.3333333333333333,GOOD,0.2962962962962963,0.3333333333333333,31.11111111111111,False,,NO_ACTIVITY_CONTEXT,False,NO_INVESTIGATION,False,,,0,0,0,0,0,0,0.0,5.66,,
2026-06-12,4710.0,68.39,17.8022,24.696,0.7209,True,,0.0,0.7938,0.8053,0.9249,0.0,0.9473,0.8844,83.0,0.1867,0,True,False,False,False,INCO,NO_INVESTIGATION,False,0,5,0.0,25.4,,basic_materials,27,7.79,25.415,4,0.14814814814814814,0,0.0,0.4074074074074074,6,2.01,0.16666666666666666,0.5,GOOD,0.34705075445816186,0.4166666666666667,37.489711934156375,False,,NO_ACTIVITY_CONTEXT,False,NO_INVESTIGATION,False,,,0,0,0,0,0,0,0.0,25.4,,
2026-06-15,5075.0,5.25,27.9193,24.0825,1.1593,True,,34.32,1.3526,1.2482,1.3237,15.53,1.0887,1.2084,35.76,-0.057,3,False,False,True,False,INCO,NO_INVESTIGATION,False,0,5,0.0,17.51,,basic_materials,27,42.94,64.585,13,0.48148148148148145,0,0.0,0.48148148148148145,6,48.68,0.5,0.3333333333333333,GOOD,0.24965706447187933,0.16666666666666666,21.64609053497942,True,21.64609053497942,PEER_CLUSTERED_ACTIVITY,False,NO_INVESTIGATION,False,,,0,0,0,0,0,0,0.0,17.51,,
2026-06-17,4990.0,11.53,26.2208,24.0825,1.0888,True,,0.0,0.3673,0.3472,0.5073,2.6,0.7714,1.0581,69.22,0.0961,0,False,False,False,False,INCO,NO_INVESTIGATION,False,0,5,0.0,10.19,,basic_materials,27,0.0,18.119999999999997,4,0.14814814814814814,0,0.0,0.5185185185185185,6,0.0,0.3333333333333333,0.6666666666666666,GOOD,0.44170096021947874,0.4444444444444445,44.2798353909465,False,,NO_ACTIVITY_CONTEXT,False,NO_INVESTIGATION,False,,,0,0,0,0,0,0,0.0,10.19,,
2026-06-18,5125.0,24.34,24.7495,24.696,1.0022,True,,0.0,0.3203,0.303,0.3896,22.84,0.876,1.4825,27.25,-0.091,0,False,False,False,False,INCO,NO_INVESTIGATION,False,0,5,0.0,12.24,,basic_materials,27,0.0,2.745,1,0.037037037037037035,0,0.0,0.7037037037037037,6,0.0,0.0,0.6666666666666666,GOOD,0.6776406035665296,0.6666666666666666,67.32510288065843,False,,NO_ACTIVITY_CONTEXT,False,NO_INVESTIGATION,False,,,0,0,0,0,0,0,0.0,12.24,,
2026-06-19,5075.0,46.04,21.7734,24.7981,0.878,True,,0.0,0.292,0.2758,0.2264,52.85,1.4006,1.525,25.12,-0.0995,0,False,False,False,False,INCO,NO_INVESTIGATION,False,0,5,0.0,21.95,,basic_materials,27,66.7,70.0,17,0.6296296296296297,6,0.2222222222222222,0.14814814814814814,6,42.045,0.5,0.3333333333333333,GOOD,0.05486968449931412,0.16666666666666666,9.958847736625515,False,,NO_ACTIVITY_CONTEXT,False,NO_INVESTIGATION,False,,,0,0,0,0,0,0,0.0,21.95,,
2026-06-22,5175.0,99.57,12.5123,24.7981,0.5046,True,,0.0,0.6167,0.5762,0.5875,26.83,1.0605,1.5213,43.02,-0.0279,0,True,False,False,False,INCO,NO_INVESTIGATION,False,0,5,0.0,33.22,,basic_materials,27,0.0,14.54,1,0.037037037037037035,0,0.0,0.6296296296296297,6,0.0,0.0,0.6666666666666666,GOOD,0.6063100137174212,0.6666666666666666,63.04526748971193,False,,NO_ACTIVITY_CONTEXT,False,NO_INVESTIGATION,False,,,0,0,0,0,0,0,0.0,33.22,,
2026-06-23,4960.0,100.0,8.67,24.6475,0.3518,True,,0.0,0.3558,0.3377,0.4237,2.11,0.8335,1.0501,15.12,-0.1791,0,True,False,False,False,INCO,NO_INVESTIGATION,False,0,5,0.0,26.83,,basic_materials,27,0.0,0.0,1,0.037037037037037035,0,0.0,0.8148148148148148,6,0.0,0.0,1.0,GOOD,0.7846364883401921,1.0,87.07818930041152,False,,NO_ACTIVITY_CONTEXT,False,NO_INVESTIGATION,False,,,0,0,0,0,0,0,0.0,26.83,,
2026-06-24,4590.0,80.93,14.9754,24.0825,0.6218,True,,0.0,0.6648,0.6634,0.7517,0.0,0.8903,0.9998,77.35,0.149,0,True,False,False,False,INCO,NO_INVESTIGATION,False,0,5,0.0,27.97,,basic_materials,27,0.0,10.780000000000001,1,0.037037037037037035,0,0.0,0.6296296296296297,6,0.0,0.0,0.6666666666666666,GOOD,0.6063100137174212,0.6666666666666666,63.04526748971193,False,,NO_ACTIVITY_CONTEXT,False,NO_INVESTIGATION,False,,,0,0,0,0,0,0,0.0,27.97,,
2026-06-25,4530.0,61.21,17.9435,22.6965,0.7906,True,,2.37,0.7842,0.7962,1.0717,0.0,0.7395,0.6218,21.2,-0.1304,0,True,False,False,False,INCO,NO_INVESTIGATION,False,0,5,0.0,18.13,,basic_materials,27,0.0,12.219999999999999,5,0.18518518518518517,1,0.037037037037037035,0.5925925925925926,6,0.0,0.0,0.8333333333333334,GOOD,0.4828532235939643,0.8333333333333334,62.3045267489712,False,,NO_ACTIVITY_CONTEXT,False,NO_INVESTIGATION,False,,,0,0,0,0,0,0,0.0,18.13,,
2026-06-26,4450.0,15.52,22.2222,20.9095,1.0628,True,,0.0,0.3806,0.3944,0.4089,0.0,0.8963,0.7913,31.78,-0.0729,0,False,False,False,False,INCO,NO_INVESTIGATION,False,0,5,0.0,7.06,,basic_materials,27,0.0,0.0,1,0.037037037037037035,0,0.0,0.8148148148148148,6,0.0,0.16666666666666666,0.8333333333333334,GOOD,0.7846364883401921,0.6944444444444445,74.85596707818931,False,,NO_ACTIVITY_CONTEXT,False,NO_INVESTIGATION,False,,,0,0,0,0,0,0,0.0,7.06,,
2026-06-29,4400.0,29.27,20.3091,20.9095,0.9713,True,,0.0,0.2674,0.265,0.3272,0.0,0.7429,0.69,29.47,-0.0821,0,False,False,False,False,INCO,NO_INVESTIGATION,False,0,5,0.0,10.26,,basic_materials,27,0.0,0.0,1,0.037037037037037035,0,0.0,0.9629629629629629,6,0.0,0.0,1.0,GOOD,0.9272976680384087,1.0,95.63786008230453,False,,NO_ACTIVITY_CONTEXT,False,NO_INVESTIGATION,False,,,0,0,0,0,0,0,0.0,10.26,,
2026-06-30,4120.0,29.81,19.5506,20.1773,0.9689,True,,0.0,0.7601,0.834,0.6476,7.26,1.0201,1.1312,51.49,0.0074,0,False,False,False,False,INCO,NO_INVESTIGATION,False,0,5,0.0,13.69,,basic_materials,27,0.0,25.9,2,0.07407407407407407,0,0.0,0.5925925925925926,6,0.0,0.0,0.8333333333333334,GOOD,0.5486968449931413,0.8333333333333334,66.2551440329218,False,,NO_ACTIVITY_CONTEXT,False,NO_INVESTIGATION,False,,,0,0,0,0,0,0,0.0,13.69,,
2026-07-01,4330.0,92.56,11.1364,19.9317,0.5587,True,,5.89,0.7744,0.8215,1.192,0.0,0.5556,0.9823,90.17,0.2345,0,True,False,False,False,INCO,NO_INVESTIGATION,False,0,5,0.0,33.92,,basic_materials,27,0.0,0.0,1,0.037037037037037035,0,0.0,0.9259259259259259,6,0.0,0.16666666666666666,0.8333333333333334,GOOD,0.8916323731138547,0.6944444444444445,81.27572016460907,False,,NO_ACTIVITY_CONTEXT,False,NO_INVESTIGATION,False,,,0,0,0,0,0,0,0.0,33.92,,
2026-07-02,4340.0,98.57,10.1382,19.799,0.5121,True,,0.0,0.536,0.5699,0.7196,0.0,0.6126,0.626,54.2,0.021,0,True,False,False,False,INCO,NO_INVESTIGATION,False,0,5,0.0,30.06,,basic_materials,27,0.0,0.0,1,0.037037037037037035,0,0.0,0.8888888888888888,6,0.0,0.0,0.6666666666666666,GOOD,0.8559670781893004,0.6666666666666666,78.02469135802468,False,,NO_ACTIVITY_CONTEXT,False,NO_INVESTIGATION,False,,,0,0,0,0,0,0,0.0,30.06,,
2026-07-03,4580.0,70.49,14.2857,19.7369,0.7238,True,,13.51,1.0725,1.118,1.2377,8.26,0.7804,1.1936,94.95,0.2664,1,True,False,False,False,INCO,NO_INVESTIGATION,False,0,5,0.0,32.41,,basic_materials,27,0.0,0.0,1,0.037037037037037035,0,0.0,0.9629629629629629,6,0.0,0.0,1.0,GOOD,0.9272976680384087,1.0,95.63786008230453,True,95.63786008230453,STOCK_SPECIFIC_ACTIVITY,True,NO_INVESTIGATION,False,,,0,0,0,0,0,0,0.0,32.41,,
2026-07-06,4580.0,69.8,14.2857,19.6221,0.728,True,,0.0,0.4413,0.4614,0.4094,28.74,0.9707,1.673,98.63,0.2908,0,True,False,False,False,INCO,NO_INVESTIGATION,False,0,5,0.0,31.62,,basic_materials,27,0.0,0.0,0,0.0,0,0.0,0.8148148148148148,6,0.0,0.0,1.0,GOOD,0.8148148148148148,1.0,88.88888888888889,False,,NO_ACTIVITY_CONTEXT,False,NO_INVESTIGATION,False,,,0,0,0,0,0,0,0.0,31.62,,
2026-07-07,4620.0,73.94,12.4454,18.7471,0.6639,True,,0.0,0.2958,0.2968,0.3569,14.6,0.7994,1.3372,84.25,0.195,0,True,False,False,False,INCO,NO_INVESTIGATION,False,0,5,0.0,29.1,,basic_materials,27,0.0,6.77,1,0.037037037037037035,1,0.037037037037037035,0.7037037037037037,6,0.0,0.0,1.0,GOOD,0.6776406035665296,1.0,80.65843621399178,False,,NO_ACTIVITY_CONTEXT,False,NO_INVESTIGATION,False,,,0,0,0,0,0,0,0.0,29.1,,
2026-07-08,4510.0,85.82,10.0437,17.8729,0.562,True,,0.0,0.4742,0.4509,0.4939,25.6,0.9354,1.6076,84.63,0.1976,0,True,False,False,False,INCO,NO_INVESTIGATION,False,0,5,0.0,33.76,,basic_materials,27,0.0,0.02,0,0.0,0,0.0,0.7407407407407407,6,0.0,0.0,0.6666666666666666,GOOD,0.7407407407407407,0.6666666666666666,71.1111111111111,False,,NO_ACTIVITY_CONTEXT,False,NO_INVESTIGATION,False,,,0,0,0,0,0,0,0.0,33.76,,
2026-07-09,4600.0,92.3,7.2052,17.3626,0.415,True,,0.0,0.5574,0.5659,0.5979,26.82,0.8668,1.6865,89.39,0.2292,0,True,False,False,False,INCO,NO_INVESTIGATION,False,0,5,0.0,36.04,,basic_materials,27,0.0,0.0,0,0.0,0,0.0,0.8148148148148148,6,0.0,0.0,1.0,GOOD,0.8148148148148148,1.0,88.88888888888889,False,,NO_ACTIVITY_CONTEXT,False,NO_INVESTIGATION,False,,,0,0,0,0,0,0,0.0,36.04,,
2026-07-10,4690.0,91.68,6.3043,15.9492,0.3953,True,,0.0,0.7789,0.8124,0.6421,3.78,1.0387,1.0106,0.0,-0.3374,0,True,False,False,False,INCO,NO_INVESTIGATION,False,0,5,0.0,23.49,,basic_materials,27,0.0,0.0,0,0.0,0,0.0,0.7777777777777778,6,0.0,0.0,0.8333333333333334,GOOD,0.7777777777777778,0.8333333333333334,80.0,False,,NO_ACTIVITY_CONTEXT,False,NO_INVESTIGATION,False,,,0,0,0,0,0,0,0.0,23.49,,
2026-07-13,4740.0,89.35,6.2771,14.6305,0.429,True,,0.0,0.4833,0.4878,0.533,0.0,0.8048,0.9001,47.77,-0.0089,0,True,False,False,False,INCO,NO_INVESTIGATION,False,0,5,0.0,27.11,,basic_materials,27,0.0,0.0,2,0.07407407407407407,0,0.0,0.7777777777777778,6,0.0,0.0,0.8333333333333334,GOOD,0.720164609053498,0.8333333333333334,76.54320987654322,False,,NO_ACTIVITY_CONTEXT,False,NO_INVESTIGATION,False,,,0,0,0,0,0,0,0.0,27.11,,
2026-07-14,4930.0,30.84,13.6461,14.2857,0.9552,True,,60.41,1.7769,1.7057,1.4017,33.41,1.2738,1.1524,31.72,-0.0731,3,False,True,True,False,INCO,NO_INVESTIGATION,False,0,5,0.0,34.02,,basic_materials,27,4.74,24.61,6,0.2222222222222222,0,0.0,0.8518518518518519,6,23.705,0.3333333333333333,0.6666666666666666,GOOD,0.6625514403292181,0.4444444444444445,57.53086419753086,True,57.53086419753086,MIXED_CONTEXT,False,NO_INVESTIGATION,False,,,0,0,0,0,0,0,0.0,34.02,,
2026-07-15,4930.0,29.35,13.5021,13.9659,0.9668,True,,0.0,0.9243,0.8944,0.9996,5.36,0.9291,1.1241,0.0,-0.5809,0,False,False,False,False,INCO,NO_INVESTIGATION,False,0,5,0.0,8.14,,basic_materials,27,3.06,20.625,3,0.1111111111111111,2,0.07407407407407407,0.3333333333333333,6,12.399999999999999,0.16666666666666666,0.3333333333333333,GOOD,0.2962962962962963,0.2777777777777778,28.888888888888886,False,,NO_ACTIVITY_CONTEXT,False,NO_INVESTIGATION,False,,,0,0,0,0,0,0,0.0,8.14,,
2026-07-16,4960.0,55.44,10.6491,13.5741,0.7845,True,,10.43,1.1294,1.0709,1.1,1.35,1.0152,0.999,0.0,-0.3321,0,True,False,False,False,INCO,NO_INVESTIGATION,False,0,5,0.0,17.19,,basic_materials,27,2.62,37.715,5,0.18518518518518517,2,0.07407407407407407,0.5925925925925926,6,17.48,0.3333333333333333,0.3333333333333333,GOOD,0.4828532235939643,0.22222222222222224,37.86008230452675,False,,NO_ACTIVITY_CONTEXT,False,NO_INVESTIGATION,False,,,0,0,0,0,0,0,0.0,17.19,,
2026-07-17,4910.0,52.36,10.6491,13.0072,0.8187,True,,0.0,0.9441,0.91,0.8946,3.05,1.0344,0.6,0.0,-0.3857,0,False,False,False,False,INCO,NO_INVESTIGATION,False,0,5,0.0,13.55,,basic_materials,27,10.93,54.2,8,0.2962962962962963,2,0.07407407407407407,0.3333333333333333,6,0.0,0.0,0.6666666666666666,GOOD,0.2345679012345679,0.6666666666666666,40.74074074074074,False,,NO_ACTIVITY_CONTEXT,False,NO_INVESTIGATION,False,,,0,0,0,0,0,0,0.0,13.55,,
2026-07-20,4920.0,81.04,7.6065,12.4789,0.6095,True,,1.91,0.9792,0.9204,1.0629,0.0,0.8871,0.7086,80.87,0.1725,0,True,False,False,False,INCO,NO_INVESTIGATION,False,0,5,0.0,28.92,,basic_materials,27,31.73,51.675,7,0.25925925925925924,2,0.07407407407407407,0.2222222222222222,6,27.25,0.16666666666666666,0.16666666666666666,GOOD,0.16460905349794236,0.1388888888888889,15.432098765432098,False,,NO_ACTIVITY_CONTEXT,False,NO_INVESTIGATION,False,,,0,0,0,0,0,0,0.0,28.92,,
2026-07-21,4940.0,91.94,5.7809,11.7909,0.4903,True,,16.84,1.2256,1.1765,1.0115,18.93,1.1879,0.4935,42.96,-0.0281,1,True,False,False,False,INCO,NO_INVESTIGATION,False,0,5,0.0,35.17,,basic_materials,27,21.74,66.245,9,0.3333333333333333,5,0.18518518518518517,0.37037037037037035,6,75.6,0.8333333333333334,0.0,GOOD,0.2469135802469136,0.0,14.814814814814813,True,14.814814814814813,PEER_CLUSTERED_ACTIVITY,True,NO_INVESTIGATION,False,,,0,0,0,0,0,0,0.0,35.17,,
2026-07-22,5000.0,93.06,5.1619,11.7909,0.4378,True,,30.15,1.4051,1.318,0.9883,39.93,1.3891,1.0722,52.85,0.0143,2,True,False,True,False,INCO,NO_INVESTIGATION,False,0,5,0.0,43.58,,basic_materials,27,44.55,85.55000000000001,13,0.48148148148148145,3,0.1111111111111111,0.3333333333333333,6,85.55000000000001,1.0,0.0,GOOD,0.17283950617283952,0.0,10.370370370370372,True,10.370370370370372,PEER_CLUSTERED_ACTIVITY,True,NO_INVESTIGATION,False,,,0,0,0,0,0,0,0.0,43.58,,
2026-07-23,5075.0,58.85,8.1984,10.8927,0.7526,True,,98.17,2.825,2.5784,2.0796,32.46,1.3404,0.8991,52.42,0.0121,3,True,True,True,True,INCO,EMERGING,True,1,5,20.0,58.27,58.27,basic_materials,27,50.68,81.85,14,0.5185185185185185,2,0.07407407407407407,1.0,6,76.45,0.8333333333333334,1.0,GOOD,0.4814814814814815,0.16666666666666663,35.55555555555556,True,35.55555555555556,MARKET_WIDE_ACTIVITY,True,EMERGING,True,INCO-20260723-01,2026-07-23,1,1,1,1,1,0,20.0,58.27,58.27,
2026-07-24,4870.0,44.02,9.2105,10.6491,0.8649,True,,81.6,2.3836,2.2744,1.3507,50.2,1.6666,0.9174,65.38,0.0769,3,False,True,True,False,INCO,WEAKENING,True,1,5,20.0,53.55,53.55,basic_materials,27,11.43,44.915,6,0.2222222222222222,1,0.037037037037037035,0.9259259259259259,6,31.475,0.5,0.8333333333333334,GOOD,0.720164609053498,0.4166666666666667,59.876543209876544,True,59.876543209876544,MIXED_CONTEXT,True,DEVELOPING,True,INCO-20260723-01,2026-07-23,2,1,2,2,1,0,40.0,57.55,57.55,
2026-07-27,4770.0,21.64,10.6275,10.3937,1.0225,True,,0.0,0.9243,0.9027,0.8482,3.55,1.0451,0.6907,41.93,-0.0323,0,False,False,False,False,INCO,WEAKENING,True,1,5,20.0,14.14,14.14,basic_materials,27,0.0,14.01,1,0.037037037037037035,0,0.0,0.5925925925925926,6,7.865,0.0,0.5,GOOD,0.5706447187928669,0.5,54.23868312757202,False,,NO_ACTIVITY_CONTEXT,False,WEAKENING,True,INCO-20260723-01,2026-07-23,3,1,2,2,1,1,40.0,18.14,18.14,
2026-07-28,4750.0,0.39,13.4497,10.3829,1.2954,True,,0.0,0.4799,0.4747,0.4457,0.85,1.0105,0.7806,79.67,0.1645,0,False,False,False,False,INCO,WEAKENING,True,1,5,20.0,12.19,12.19,basic_materials,27,0.0,4.82,1,0.037037037037037035,1,0.037037037037037035,0.6296296296296297,6,0.0,0.0,0.8333333333333334,GOOD,0.6063100137174212,0.8333333333333334,69.7119341563786,False,,NO_ACTIVITY_CONTEXT,False,CLOSED,False,INCO-20260723-01,2026-07-23,4,1,2,2,1,2,40.0,16.19,,TWO_UNSUPPORTED_SESSIONS
2026-07-29,4640.0,0.0,13.7317,10.3829,1.3225,True,,24.99,1.201,1.2508,1.2244,0.0,0.9,0.8474,77.22,0.1481,3,False,False,True,False,INCO,WEAKENING,True,1,5,20.0,19.22,19.22,basic_materials,27,2.68,28.005,3,0.1111111111111111,1,0.037037037037037035,0.7407407407407407,6,4.38,0.16666666666666666,0.6666666666666666,GOOD,0.6584362139917694,0.5555555555555556,61.72839506172839,True,61.72839506172839,MIXED_CONTEXT,False,NO_INVESTIGATION,False,,,0,0,0,0,0,0,0.0,15.22,,
2026-07-30,4900.0,43.62,9.0147,10.3829,0.8682,True,,99.75,2.531,2.5259,2.3149,17.53,1.0031,1.3496,100.0,0.3833,3,False,True,True,False,INCO,NO_INVESTIGATION,False,0,5,0.0,53.46,,basic_materials,27,0.45,16.86,2,0.07407407407407407,0,0.0,1.0,6,8.02,0.0,1.0,GOOD,0.9259259259259259,1.0,95.55555555555556,True,95.55555555555556,STOCK_SPECIFIC_ACTIVITY,True,NO_INVESTIGATION,False,,,0,0,0,0,0,0,0.0,53.46,,
2026-07-31,5275.0,0.0,15.304,10.3356,1.4807,True,,99.64,3.1047,2.921,2.2913,28.53,1.2355,1.1151,82.04,0.1803,3,False,True,True,False,INCO,NO_INVESTIGATION,False,0,5,0.0,42.38,,basic_materials,27,9.39,62.57,8,0.2962962962962963,3,0.1111111111111111,0.9629629629629629,6,17.21,0.3333333333333333,0.8333333333333334,GOOD,0.6776406035665294,0.5555555555555557,62.880658436214,True,62.880658436214,MIXED_CONTEXT,False,NO_INVESTIGATION,False,,,0,0,0,0,0,0,0.0,42.38,,
2026-08-03,5200.0,0.0,16.9388,10.3356,1.6389,True,,24.21,1.2031,1.1279,1.3205,0.0,0.8277,0.7636,32.91,-0.0683,2,False,False,True,False,INCO,NO_INVESTIGATION,False,0,5,0.0,10.55,,basic_materials,27,13.11,61.47,9,0.3333333333333333,1,0.037037037037037035,0.5925925925925926,6,32.735,0.5,0.5,GOOD,0.39506172839506176,0.25,33.7037037037037,True,33.7037037037037,PEER_CLUSTERED_ACTIVITY,False,NO_INVESTIGATION,False,,,0,0,0,0,0,0,0.0,10.55,,
2026-08-04,5500.0,0.0,17.2115,10.3356,1.6653,True,,57.74,1.7079,1.5872,1.2839,32.98,1.3177,1.0795,72.89,0.1192,3,False,True,True,False,INCO,NO_INVESTIGATION,False,0,5,0.0,29.56,,basic_materials,27,10.55,26.145000000000003,5,0.18518518518518517,0,0.0,0.8888888888888888,6,10.425,0.3333333333333333,0.6666666666666666,GOOD,0.7242798353909465,0.4444444444444445,61.23456790123457,True,61.23456790123457,MIXED_CONTEXT,False,NO_INVESTIGATION,False,,,0,0,0,0,0,0,0.0,29.56,,
2026-08-05,5425.0,0.0,18.3886,10.3356,1.7792,True,,48.78,1.4657,1.36,1.4373,4.87,1.0587,0.4791,12.32,-0.2015,3,False,False,True,False,INCO,NO_INVESTIGATION,False,0,5,0.0,16.6,,basic_materials,27,40.75,82.745,12,0.4444444444444444,1,0.037037037037037035,0.5555555555555556,6,70.85,0.6666666666666666,0.3333333333333333,GOOD,0.308641975308642,0.11111111111111112,22.962962962962965,True,22.962962962962965,PEER_CLUSTERED_ACTIVITY,False,NO_INVESTIGATION,False,,,0,0,0,0,0,0,0.0,16.6,,
2026-08-06,5450.0,0.39,13.8249,10.6383,1.2995,True,,11.11,1.1937,1.084,0.8267,66.14,1.4521,1.532,100.0,0.3708,0,False,False,False,False,INCO,NO_INVESTIGATION,False,0,5,0.0,23.35,,basic_materials,27,18.02,56.93,10,0.37037037037037035,0,0.0,0.4074074074074074,6,52.785,0.8333333333333334,0.0,GOOD,0.25651577503429357,0.0,15.390946502057615,False,,NO_ACTIVITY_CONTEXT,False,NO_INVESTIGATION,False,,,0,0,0,0,0,0,0.0,23.35,,
2026-08-07,5400.0,31.61,10.1382,10.6491,0.952,True,,27.86,0.9828,0.8808,1.9451,0.0,0.5121,0.9846,100.0,0.3259,1,False,False,False,False,INCO,NO_INVESTIGATION,False,0,5,0.0,26.26,,basic_materials,27,0.0,28.735,4,0.14814814814814814,0,0.0,0.7407407407407407,6,0.285,0.0,0.8333333333333334,GOOD,0.6310013717421125,0.8333333333333334,71.19341563786008,True,71.19341563786008,STOCK_SPECIFIC_ACTIVITY,False,NO_INVESTIGATION,False,,,0,0,0,0,0,0,0.0,26.26,,
2026-08-10,5375.0,56.28,8.2949,10.6491,0.7789,True,,7.3,0.8145,0.7296,1.2151,0.0,0.6352,0.8151,49.12,-0.0035,1,True,False,False,False,INCO,NO_INVESTIGATION,False,0,5,0.0,21.17,,basic_materials,27,12.47,68.595,8,0.2962962962962963,3,0.1111111111111111,0.48148148148148145,6,8.45,0.16666666666666666,0.5,GOOD,0.3388203017832647,0.4166666666666667,36.99588477366255,True,36.99588477366255,MIXED_CONTEXT,True,NO_INVESTIGATION,False,,,0,0,0,0,0,0,0.0,21.17,,
2026-08-11,5250.0,37.39,9.7222,10.6491,0.913,True,,10.05,1.1619,1.0689,0.845,15.13,1.1999,0.9883,100.0,0.4379,0,False,False,False,False,INCO,NO_INVESTIGATION,False,0,5,0.0,24.63,,basic_materials,27,2.88,13.344999999999999,2,0.07407407407407407,0,0.0,0.6666666666666666,6,5.909999999999999,0.0,0.5,GOOD,0.6172839506172839,0.5,57.03703703703704,False,,NO_ACTIVITY_CONTEXT,False,NO_INVESTIGATION,False,,,0,0,0,0,0,0,0.0,24.63,,
2026-08-12,5275.0,66.47,7.4419,10.6383,0.6995,True,,0.0,0.5885,0.5423,0.6488,0.0,0.8594,0.7513,63.19,0.0659,0,True,False,False,False,INCO,NO_INVESTIGATION,False,0,5,0.0,22.94,,basic_materials,27,0.0,9.42,1,0.037037037037037035,0,0.0,0.5185185185185185,6,0.14,0.0,0.5,GOOD,0.4993141289437586,0.5,49.958847736625515,False,,NO_ACTIVITY_CONTEXT,False,NO_INVESTIGATION,False,,,0,0,0,0,0,0,0.0,22.94,,
2026-08-13,5000.0,30.72,9.9526,10.3829,0.9586,True,,3.77,1.0117,0.9656,1.0949,0.0,0.8755,0.9745,12.36,-0.2011,0,False,False,False,False,INCO,NO_INVESTIGATION,False,0,5,0.0,10.05,,basic_materials,27,0.0,3.51,1,0.037037037037037035,0,0.0,0.7777777777777778,6,1.625,0.0,0.6666666666666666,GOOD,0.7489711934156379,0.6666666666666666,71.60493827160495,False,,NO_ACTIVITY_CONTEXT,False,NO_INVESTIGATION,False,,,0,0,0,0,0,0,0.0,10.05,,
2026-08-14,5225.0,32.4,9.5238,10.0454,0.9481,True,,19.1,1.2615,1.1899,0.7616,66.24,1.4783,1.5242,95.48,0.2699,1,False,False,False,False,INCO,NO_INVESTIGATION,False,0,5,0.0,33.31,,basic_materials,27,0.0,1.06,2,0.07407407407407407,0,0.0,0.8518518518518519,6,0.0,0.16666666666666666,0.6666666666666666,GOOD,0.7887517146776406,0.5555555555555556,69.54732510288065,True,69.54732510288065,STOCK_SPECIFIC_ACTIVITY,False,NO_INVESTIGATION,False,,,0,0,0,0,0,0,0.0,33.31,,
2026-08-18,5250.0,58.14,7.619,9.8374,0.7745,True,,0.0,0.4239,0.4119,0.5158,0.0,0.7655,0.7791,72.03,0.1135,0,True,False,False,False,INCO,NO_INVESTIGATION,False,0,5,0.0,21.74,,basic_materials,27,2.79,22.799999999999997,4,0.14814814814814814,1,0.037037037037037035,0.3333333333333333,6,0.0,0.16666666666666666,0.6666666666666666,GOOD,0.2839506172839506,0.5555555555555556,39.25925925925926,False,,NO_ACTIVITY_CONTEXT,False,NO_INVESTIGATION,False,,,0,0,0,0,0,0,0.0,21.74,,
2026-08-19,5075.0,69.79,6.6986,9.8374,0.6809,True,,0.0,0.8829,0.8841,0.7654,9.28,1.0745,1.0873,66.8,0.084,0,True,False,False,False,INCO,NO_INVESTIGATION,False,0,5,0.0,25.52,,basic_materials,27,0.0,27.994999999999997,6,0.2222222222222222,0,0.0,0.5925925925925926,6,0.0,0.16666666666666666,0.6666666666666666,GOOD,0.46090534979423864,0.5555555555555556,49.876543209876544,False,,NO_ACTIVITY_CONTEXT,False,NO_INVESTIGATION,False,,,0,0,0,0,0,0,0.0,25.52,,
2026-08-20,5250.0,69.79,6.6986,9.8374,0.6809,True,,6.65,1.1019,1.0682,0.8751,35.2,1.1722,1.4413,100.0,0.4265,0,True,False,False,False,INCO,NO_INVESTIGATION,False,0,5,0.0,34.72,,basic_materials,27,10.87,68.375,9,0.3333333333333333,1,0.037037037037037035,0.48148148148148145,6,60.129999999999995,0.5,0.0,GOOD,0.3209876543209877,0.0,19.259259259259263,False,,NO_ACTIVITY_CONTEXT,False,NO_INVESTIGATION,False,,,0,0,0,0,0,0,0.0,34.72,,
2026-08-21,5200.0,69.79,6.6986,9.8374,0.6809,True,,0.0,0.8566,0.8426,0.7846,22.2,1.0167,1.3988,50.0,0.0,0,True,False,False,False,INCO,NO_INVESTIGATION,False,0,5,0.0,25.78,,basic_materials,27,0.0,22.455,3,0.1111111111111111,1,0.037037037037037035,0.5185185185185185,6,0.0,0.0,0.6666666666666666,GOOD,0.46090534979423864,0.6666666666666666,54.32098765432099,False,,NO_ACTIVITY_CONTEXT,False,NO_INVESTIGATION,False,,,0,0,0,0,0,0,0.0,25.78,,
2026-08-24,5275.0,80.0,5.7143,9.8374,0.5809,True,,0.0,0.9257,0.8656,0.8868,16.13,0.9657,1.3325,88.62,0.2241,0,True,False,False,False,INCO,NO_INVESTIGATION,False,0,5,0.0,31.28,,basic_materials,27,6.91,39.585,6,0.2222222222222222,0,0.0,0.4074074074074074,6,16.93,0.16666666666666666,0.3333333333333333,GOOD,0.3168724279835391,0.2777777777777778,30.12345679012346,False,,NO_ACTIVITY_CONTEXT,False,NO_INVESTIGATION,False,,,0,0,0,0,0,0,0.0,31.28,,
2026-08-26,5200.0,78.17,5.7692,9.8374,0.5865,True,,42.33,1.4994,1.45,0.9925,51.39,1.5196,1.2364,63.25,0.0662,2,True,False,True,False,INCO,NO_INVESTIGATION,False,0,5,0.0,46.28,,basic_materials,27,50.01,74.195,14,0.5185185185185185,1,0.037037037037037035,0.4444444444444444,6,33.870000000000005,0.3333333333333333,0.5,GOOD,0.2139917695473251,0.33333333333333337,26.172839506172842,True,26.172839506172842,MARKET_WIDE_ACTIVITY,True,NO_INVESTIGATION,False,,,0,0,0,0,0,0,0.0,46.28,,
2026-08-27,5300.0,90.91,3.8095,9.623,0.3959,True,,0.0,0.392,0.3662,0.5761,0.0,0.6783,0.3222,58.13,0.0406,0,True,False,False,False,INCO,NO_INVESTIGATION,False,0,5,0.0,28.54,,basic_materials,27,0.0,54.835,8,0.2962962962962963,2,0.07407407407407407,0.5185185185185185,6,0.0,0.0,0.8333333333333334,GOOD,0.36488340192043894,0.8333333333333334,55.22633744855967,False,,NO_ACTIVITY_CONTEXT,False,NO_INVESTIGATION,False,,,0,0,0,0,0,0,0.0,28.54,,
2026-08-28,5225.0,91.78,3.8278,9.2692,0.413,True,,0.0,0.5803,0.5439,0.6128,0.0,0.9455,0.8897,61.09,0.0555,0,True,False,False,False,INCO,NO_INVESTIGATION,False,0,5,0.0,29.05,,basic_materials,27,0.0,48.61,7,0.25925925925925924,2,0.07407407407407407,0.5185185185185185,6,0.0,0.0,1.0,GOOD,0.38408779149519884,1.0,63.04526748971193,False,,NO_ACTIVITY_CONTEXT,False,NO_INVESTIGATION,False,,,0,0,0,0,0,0,0.0,29.05,,
2026-08-31,5250.0,93.78,3.8095,8.6548,0.4402,True,,0.0,0.4737,0.4663,0.4167,26.02,1.149,1.3513,85.78,0.2052,0,True,False,False,False,INCO,NO_INVESTIGATION,False,0,5,0.0,35.93,,basic_materials,27,69.98,80.765,17,0.6296296296296297,4,0.14814814814814814,0.18518518518518517,6,18.005,0.3333333333333333,0.3333333333333333,GOOD,0.06858710562414265,0.22222222222222224,13.004115226337449,False,,NO_ACTIVITY_CONTEXT,False,NO_INVESTIGATION,False,,,0,0,0,0,0,0,0.0,35.93,,
2026-09-01,5050.0,63.53,5.7416,7.957,0.7216,True,,48.83,1.4354,1.4624,1.414,12.81,1.0024,1.2914,10.34,-0.2173,3,True,False,True,False,INCO,NO_INVESTIGATION,False,0,5,0.0,33.49,,basic_materials,27,54.42,84.5,14,0.5185185185185185,2,0.07407407407407407,0.48148148148148145,6,0.065,0.0,1.0,GOOD,0.23182441700960219,1.0,53.90946502057613,True,53.90946502057613,MIXED_CONTEXT,True,NO_INVESTIGATION,False,,,0,0,0,0,0,0,0.0,33.49,,
2026-09-02,4820.0,0.25,9.7608,7.5305,1.2962,True,,100.0,3.2957,3.5353,3.7706,0.0,0.8632,0.9083,39.4,-0.0424,3,False,True,True,False,INCO,NO_INVESTIGATION,False,0,5,0.0,34.0,,basic_materials,27,17.97,62.275000000000006,8,0.2962962962962963,0,0.0,1.0,6,0.485,0.0,1.0,GOOD,0.7037037037037037,1.0,82.22222222222221,True,82.22222222222221,STOCK_SPECIFIC_ACTIVITY,False,NO_INVESTIGATION,False,,,0,0,0,0,0,0,0.0,34.0,,
2026-09-03,4950.0,0.0,10.099,7.5305,1.3411,True,,32.28,1.221,1.2805,1.4409,0.0,0.8473,0.8718,89.72,0.2314,3,False,False,True,False,INCO,NO_INVESTIGATION,False,0,5,0.0,18.66,,basic_materials,27,32.28,69.175,9,0.3333333333333333,1,0.037037037037037035,0.5185185185185185,6,0.0,0.0,0.8333333333333334,GOOD,0.34567901234567905,0.8333333333333334,54.074074074074076,True,54.074074074074076,MIXED_CONTEXT,False,NO_INVESTIGATION,False,,,0,0,0,0,0,0,0.0,18.66,,
2026-09-04,4960.0,0.2,9.7782,7.5305,1.2985,True,,0.0,0.78,0.8084,0.8014,0.17,1.0022,0.8388,74.73,0.1315,0,False,False,False,False,INCO,NO_INVESTIGATION,False,0,5,0.0,7.55,,basic_materials,27,0.0,24.19,5,0.18518518518518517,1,0.037037037037037035,0.5185185185185185,6,0.0,0.16666666666666666,0.8333333333333334,GOOD,0.4224965706447188,0.6944444444444445,53.12757201646091,False,,NO_ACTIVITY_CONTEXT,False,NO_INVESTIGATION,False,,,0,0,0,0,0,0,0.0,7.55,,
2026-09-07,4860.0,0.15,9.798,7.5305,1.3011,True,,39.57,1.2618,1.3567,1.4972,0.0,0.8925,0.8585,60.5,0.0525,3,False,False,True,False,INCO,NO_INVESTIGATION,False,0,5,0.0,17.96,,basic_materials,27,0.77,43.894999999999996,6,0.2222222222222222,2,0.07407407407407407,0.7037037037037037,6,0.0,0.16666666666666666,0.8333333333333334,GOOD,0.5473251028806585,0.6944444444444445,60.61728395061729,True,60.61728395061729,MIXED_CONTEXT,False,NO_INVESTIGATION,False,,,0,0,0,0,0,0,0.0,17.96,,
2026-09-08,4900.0,57.21,5.8163,7.5305,0.7724,True,,30.34,1.3042,1.4097,1.1519,15.86,1.1837,0.992,81.6,0.1773,2,True,False,True,False,INCO,NO_INVESTIGATION,False,0,5,0.0,33.94,,basic_materials,27,21.11,72.91999999999999,10,0.37037037037037035,1,0.037037037037037035,0.5555555555555556,6,14.175,0.3333333333333333,0.6666666666666666,GOOD,0.3497942386831276,0.4444444444444445,38.76543209876544,True,38.76543209876544,MIXED_CONTEXT,True,NO_INVESTIGATION,False,,,0,0,0,0,0,0,0.0,33.94,,
2026-09-09,4900.0,87.7,3.6735,7.0702,0.5196,True,,72.35,1.7118,1.7793,1.6818,3.89,1.049,0.611,92.26,0.2484,3,True,True,True,True,INCO,EMERGING,True,1,5,20.0,57.44,57.44,basic_materials,27,51.62,75.14,14,0.5185185185185185,4,0.14814814814814814,0.7407407407407407,6,72.025,0.6666666666666666,0.5,GOOD,0.35665294924554186,0.16666666666666669,28.06584362139918,True,28.06584362139918,MARKET_WIDE_ACTIVITY,True,EMERGING,True,INCO-20260909-02,2026-09-09,1,1,1,1,1,0,20.0,57.44,57.44,
2026-09-10,4820.0,76.66,3.8776,6.6986,0.5789,True,,67.7,1.627,1.7227,1.543,13.73,1.1661,0.9487,35.07,-0.0597,3,True,True,True,True,INCO,DEVELOPING,True,2,5,40.0,53.04,53.04,basic_materials,27,23.38,67.435,12,0.4444444444444444,2,0.07407407407407407,0.7777777777777778,6,80.65,0.6666666666666666,0.5,GOOD,0.4320987654320988,0.16666666666666669,32.592592592592595,True,32.592592592592595,PEER_CLUSTERED_ACTIVITY,True,DEVELOPING,True,INCO-20260909-02,2026-09-09,2,2,2,2,2,0,40.0,53.04,53.04,
2026-09-11,4830.0,39.5,5.9671,6.6986,0.8908,True,,68.77,1.5585,1.6979,1.9237,6.99,0.9082,1.1491,100.0,0.3951,3,False,True,True,False,INCO,WEAKENING,True,2,5,40.0,49.55,49.55,basic_materials,27,18.62,50.334999999999994,7,0.25925925925925924,0,0.0,0.9259259259259259,6,40.455,0.3333333333333333,0.8333333333333334,GOOD,0.6858710562414265,0.5555555555555557,63.37448559670782,True,63.37448559670782,MIXED_CONTEXT,False,WEAKENING,True,INCO-20260909-02,2026-09-09,3,2,2,2,2,1,40.0,49.55,49.55,
2026-09-14,4690.0,8.95,7.2464,6.3328,1.1443,True,,68.13,1.5255,1.6579,1.9032,0.0,0.9529,0.7122,21.66,-0.1267,3,False,True,True,False,INCO,WEAKENING,True,2,5,40.0,32.84,32.84,basic_materials,27,26.07,74.15,11,0.4074074074074074,0,0.0,0.7037037037037037,6,85.95,0.8333333333333334,0.3333333333333333,GOOD,0.4170096021947874,0.05555555555555554,27.242798353909464,True,27.242798353909464,PEER_CLUSTERED_ACTIVITY,False,CLOSED,False,INCO-20260909-02,2026-09-09,4,2,2,2,2,2,40.0,32.84,,TWO_UNSUPPORTED_SESSIONS
2026-09-15,4640.0,8.15,7.2614,6.3328,1.1466,True,,2.09,0.8321,0.8824,1.0708,0.0,0.9346,0.6895,55.76,0.0288,0,False,False,False,False,INCO,WEAKENING,True,2,5,40.0,16.24,16.24,basic_materials,27,0.0,11.379999999999999,4,0.14814814814814814,0,0.0,0.6296296296296297,6,20.215,0.3333333333333333,0.5,GOOD,0.5363511659807957,0.33333333333333337,45.51440329218108,False,,NO_ACTIVITY_CONTEXT,False,NO_INVESTIGATION,False,,,0,0,0,0,0,0,0.0,8.24,,
2026-09-16,4830.0,0.24,7.8838,6.3328,1.2449,True,,91.44,2.4502,2.594,1.8856,51.62,1.5256,1.1118,81.37,0.1758,3,False,True,True,False,INCO,WEAKENING,True,1,5,20.0,47.37,47.37,basic_materials,27,0.0,19.835,2,0.07407407407407407,0,0.0,1.0,6,25.494999999999997,0.16666666666666666,1.0,GOOD,0.9259259259259259,0.8333333333333334,88.8888888888889,True,88.8888888888889,STOCK_SPECIFIC_ACTIVITY,False,NO_INVESTIGATION,False,,,0,0,0,0,0,0,0.0,43.37,,
2026-09-17,4680.0,28.4,6.1834,6.3328,0.9764,True,,59.93,1.5822,1.6344,1.5685,9.81,1.1103,0.9406,0.0,-0.3958,3,False,True,True,False,INCO,NO_INVESTIGATION,False,0,5,0.0,26.55,,basic_materials,27,0.0,8.625,3,0.1111111111111111,0,0.0,0.9259259259259259,6,0.0,0.16666666666666666,0.8333333333333334,GOOD,0.8230452674897119,0.6944444444444445,77.1604938271605,True,77.1604938271605,STOCK_SPECIFIC_ACTIVITY,False,NO_INVESTIGATION,False,,,0,0,0,0,0,0,0.0,26.55,,
2026-09-18,4860.0,22.2,6.1834,6.0752,1.0178,True,,39.59,1.5598,1.5809,1.0422,68.08,1.4792,1.5464,98.09,0.2872,2,False,False,True,False,INCO,NO_INVESTIGATION,False,0,5,0.0,37.45,,basic_materials,27,48.09,72.95,12,0.4444444444444444,1,0.037037037037037035,0.4074074074074074,6,15.085,0.3333333333333333,0.6666666666666666,GOOD,0.22633744855967078,0.4444444444444445,31.35802469135803,True,31.35802469135803,MIXED_CONTEXT,False,NO_INVESTIGATION,False,,,0,0,0,0,0,0,0.0,37.45,,
2026-09-21,4760.0,24.27,6.0924,6.0752,1.0028,True,,0.0,0.6579,0.6879,0.6534,0.0,0.9984,0.9792,0.36,-0.2971,0,False,False,False,False,INCO,NO_INVESTIGATION,False,0,5,0.0,6.1,,basic_materials,27,0.0,3.005,2,0.07407407407407407,0,0.0,0.7037037037037037,6,0.0,0.16666666666666666,0.6666666666666666,GOOD,0.6515775034293553,0.5555555555555556,61.31687242798354,False,,NO_ACTIVITY_CONTEXT,False,NO_INVESTIGATION,False,,,0,0,0,0,0,0,0.0,6.1,,
2026-09-22,4680.0,23.23,6.0924,6.0298,1.0104,True,,0.0,0.8146,0.8639,0.6999,14.27,1.1621,0.9173,62.61,0.0631,0,False,False,False,False,INCO,NO_INVESTIGATION,False,0,5,0.0,14.21,,basic_materials,27,2.89,15.330000000000002,4,0.14814814814814814,0,0.0,0.4074074074074074,6,2.845,0.16666666666666666,0.3333333333333333,GOOD,0.34705075445816186,0.2777777777777778,31.934156378600825,False,,NO_ACTIVITY_CONTEXT,False,NO_INVESTIGATION,False,,,0,0,0,0,0,0,0.0,14.21,,
2026-09-23,4790.0,55.54,4.8319,6.0924,0.7931,True,,0.0,0.841,0.8779,0.6752,32.16,1.2253,1.178,100.0,0.3772,0,True,False,False,False,INCO,NO_INVESTIGATION,False,0,5,0.0,28.71,,basic_materials,27,0.0,4.3549999999999995,2,0.07407407407407407,0,0.0,0.6296296296296297,6,0.0,0.16666666666666666,0.8333333333333334,GOOD,0.5829903978052127,0.6944444444444445,62.75720164609054,False,,NO_ACTIVITY_CONTEXT,False,NO_INVESTIGATION,False,,,0,0,0,0,0,0,0.0,28.71,,
2026-09-24,4720.0,64.0,4.4118,6.0924,0.7241,True,,0.0,0.8132,0.8284,0.7165,3.23,1.0381,0.912,5.85,-0.2532,0,True,False,False,False,INCO,NO_INVESTIGATION,False,0,5,0.0,17.07,,basic_materials,27,0.0,0.0,2,0.07407407407407407,0,0.0,0.8148148148148148,6,0.0,0.16666666666666666,0.8333333333333334,GOOD,0.7544581618655692,0.6944444444444445,73.04526748971195,False,,NO_ACTIVITY_CONTEXT,False,NO_INVESTIGATION,False,,,0,0,0,0,0,0,0.0,17.07,,
2026-09-25,4680.0,63.54,4.4492,6.0924,0.7303,True,,0.0,0.4044,0.419,0.4601,0.0,0.7948,0.9423,59.03,0.0451,0,True,False,False,False,INCO,NO_INVESTIGATION,False,0,5,0.0,21.79,,basic_materials,27,0.0,0.0,1,0.037037037037037035,0,0.0,0.7777777777777778,6,0.0,0.0,0.8333333333333334,GOOD,0.7489711934156379,0.8333333333333334,78.27160493827161,False,,NO_ACTIVITY_CONTEXT,False,NO_INVESTIGATION,False,,,0,0,0,0,0,0,0.0,21.79,,
2026-09-28,4400.0,0.0,10.2564,6.0924,1.6835,True,,39.02,1.3195,1.4251,1.4328,0.0,0.833,0.8421,4.7,-0.2624,3,False,False,True,False,INCO,NO_INVESTIGATION,False,0,5,0.0,12.18,,basic_materials,27,0.0,4.0649999999999995,1,0.037037037037037035,0,0.0,0.9629629629629629,6,0.0,0.0,1.0,GOOD,0.9272976680384087,1.0,95.63786008230453,True,95.63786008230453,STOCK_SPECIFIC_ACTIVITY,False,NO_INVESTIGATION,False,,,0,0,0,0,0,0,0.0,12.18,,
2026-09-29,4280.0,0.0,14.5299,6.1379,2.3672,True,,13.22,0.9545,1.1147,1.3161,0.0,0.6888,0.5287,66.55,0.0828,1,False,False,False,False,INCO,NO_INVESTIGATION,False,0,5,0.0,10.62,,basic_materials,27,13.22,41.695,3,0.1111111111111111,0,0.0,0.5185185185185185,6,9.035,0.0,0.5,GOOD,0.46090534979423864,0.5,47.654320987654316,True,47.654320987654316,MIXED_CONTEXT,False,NO_INVESTIGATION,False,,,0,0,0,0,0,0,0.0,10.62,,
2026-06-12,6425.0,0.0,13.253,6.7753,1.9561,True,,14.1,1.1796,1.162,0.7271,54.42,1.6158,1.1795,100.0,0.3215,0,False,False,False,False,INDF,NO_INVESTIGATION,False,0,5,0.0,22.39,,consumer_non_cyclical,27,7.79,25.415,4,0.14814814814814814,0,0.0,0.6296296296296297,3,9.19,0.3333333333333333,0.6666666666666666,GOOD,0.5363511659807957,0.4444444444444445,49.95884773662552,False,,NO_ACTIVITY_CONTEXT,False,NO_INVESTIGATION,False,,,0,0,0,0,0,0,0.0,22.39,,
2026-06-15,6650.0,0.0,12.8,6.9095,1.8525,True,,0.0,0.6885,0.6515,0.9261,0.24,0.7285,1.0046,73.5,0.1233,0,False,False,False,False,INDF,NO_INVESTIGATION,False,0,5,0.0,7.39,,consumer_non_cyclical,27,42.94,64.585,13,0.48148148148148145,0,0.0,0.14814814814814814,3,51.3,0.6666666666666666,0.0,GOOD,0.07681755829903979,0.0,4.609053497942387,False,,NO_ACTIVITY_CONTEXT,False,NO_INVESTIGATION,False,,,0,0,0,0,0,0,0.0,7.39,,
2026-06-17,6750.0,0.0,11.6732,6.9597,1.6772,True,,0.0,0.6332,0.5848,0.7728,24.33,0.8476,1.3614,100.0,0.3067,0,False,False,False,False,INDF,NO_INVESTIGATION,False,0,5,0.0,13.65,,consumer_non_cyclical,27,0.0,18.119999999999997,4,0.14814814814814814,0,0.0,0.5185185185185185,3,0.0,0.0,0.6666666666666666,GOOD,0.44170096021947874,0.6666666666666666,53.16872427983539,False,,NO_ACTIVITY_CONTEXT,False,NO_INVESTIGATION,False,,,0,0,0,0,0,0,0.0,13.65,,
2026-06-18,6800.0,0.0,9.7744,7.5121,1.3012,True,,0.0,0.3203,0.2959,0.4978,0.0,0.6961,0.6849,95.37,0.2691,0,False,False,False,False,INDF,NO_INVESTIGATION,False,0,5,0.0,9.54,,consumer_non_cyclical,27,0.0,2.745,1,0.037037037037037035,0,0.0,0.7037037037037037,3,0.0,0.0,1.0,GOOD,0.6776406035665296,1.0,80.65843621399178,False,,NO_ACTIVITY_CONTEXT,False,NO_INVESTIGATION,False,,,0,0,0,0,0,0,0.0,9.54,,
2026-06-19,6725.0,16.3,8.5502,8.0645,1.0602,True,,70.0,4.1757,3.8751,0.5986,67.81,7.7318,1.1387,55.53,0.0276,2,False,True,True,False,INDF,NO_INVESTIGATION,False,0,5,0.0,40.8,,consumer_non_cyclical,27,66.7,70.0,17,0.6296296296296297,6,0.2222222222222222,0.8518518518518519,3,70.0,1.0,1.0,GOOD,0.31550068587105623,0.0,18.930041152263374,True,18.930041152263374,MARKET_WIDE_ACTIVITY,False,NO_INVESTIGATION,False,,,0,0,0,0,0,0,0.0,40.8,,
2026-06-22,6725.0,75.94,5.2045,8.3074,0.6265,True,,0.0,0.5681,0.5354,0.5179,53.8,1.3104,1.6872,100.0,0.4025,0,True,False,False,False,INDF,NO_INVESTIGATION,False,0,5,0.0,37.05,,consumer_non_cyclical,27,0.0,14.54,1,0.037037037037037035,0,0.0,0.6296296296296297,3,16.74,0.0,0.3333333333333333,GOOD,0.6063100137174212,0.3333333333333333,49.711934156378604,False,,NO_ACTIVITY_CONTEXT,False,NO_INVESTIGATION,False,,,0,0,0,0,0,0,0.0,37.05,,
2026-06-23,6750.0,93.44,2.5926,8.3074,0.3121,True,,0.0,0.8337,0.7851,0.7737,32.92,1.2308,1.3606,82.26,0.1817,0,True,False,False,False,INDF,NO_INVESTIGATION,False,0,5,0.0,36.52,,consumer_non_cyclical,27,0.0,0.0,1,0.037037037037037035,0,0.0,0.8148148148148148,3,0.0,0.0,0.6666666666666666,GOOD,0.7846364883401921,0.6666666666666666,73.74485596707818,False,,NO_ACTIVITY_CONTEXT,False,NO_INVESTIGATION,False,,,0,0,0,0,0,0,0.0,36.52,,
2026-06-24,6750.0,90.19,2.2222,8.3074,0.2675,True,,0.0,0.5663,0.515,0.5417,15.74,1.1092,1.2062,100.0,0.4479,0,True,False,False,False,INDF,NO_INVESTIGATION,False,0,5,0.0,34.91,,consumer_non_cyclical,27,0.0,10.780000000000001,1,0.037037037037037035,0,0.0,0.6296296296296297,3,0.0,0.0,0.6666666666666666,GOOD,0.6063100137174212,0.6666666666666666,63.04526748971193,False,,NO_ACTIVITY_CONTEXT,False,NO_INVESTIGATION,False,,,0,0,0,0,0,0,0.0,34.91,,
2026-06-25,6725.0,91.07,1.487,8.3074,0.179,True,,0.0,0.9678,0.9125,0.7601,23.57,1.2294,1.2176,41.62,-0.0335,0,True,False,False,False,INDF,NO_INVESTIGATION,False,0,5,0.0,30.46,,consumer_non_cyclical,27,0.0,12.219999999999999,5,0.18518518518518517,1,0.037037037037037035,0.5185185185185185,3,2.74,0.3333333333333333,0.3333333333333333,GOOD,0.4224965706447188,0.22222222222222224,34.23868312757202,False,,NO_ACTIVITY_CONTEXT,False,NO_INVESTIGATION,False,,,0,0,0,0,0,0,0.0,30.46,,
2026-06-26,6725.0,91.07,1.487,8.3074,0.179,True,,0.0,0.9449,0.8935,0.6335,33.01,1.3825,1.2058,100.0,0.4056,0,True,False,False,False,INDF,NO_INVESTIGATION,False,0,5,0.0,37.72,,consumer_non_cyclical,27,0.0,0.0,1,0.037037037037037035,0,0.0,0.8148148148148148,3,0.0,0.0,1.0,GOOD,0.7846364883401921,1.0,87.07818930041152,False,,NO_ACTIVITY_CONTEXT,False,NO_INVESTIGATION,False,,,0,0,0,0,0,0,0.0,37.72,,
2026-06-29,6600.0,86.3,3.3457,8.3074,0.4027,True,,0.0,0.3304,0.3152,0.4361,2.92,0.7331,1.0615,92.1,0.2474,0,True,False,False,False,INDF,NO_INVESTIGATION,False,0,5,0.0,31.22,,consumer_non_cyclical,27,0.0,0.0,1,0.037037037037037035,0,0.0,0.9629629629629629,3,0.0,0.0,1.0,GOOD,0.9272976680384087,1.0,95.63786008230453,False,,NO_ACTIVITY_CONTEXT,False,NO_INVESTIGATION,False,,,0,0,0,0,0,0,0.0,31.22,,
2026-06-30,6675.0,85.21,3.3457,8.3074,0.4027,True,,0.0,0.4704,0.4743,0.4645,10.95,0.9684,1.2167,60.94,0.0547,0,True,False,False,False,INDF,NO_INVESTIGATION,False,0,5,0.0,29.04,,consumer_non_cyclical,27,0.0,25.9,2,0.07407407407407407,0,0.0,0.5925925925925926,3,49.76,0.3333333333333333,0.0,GOOD,0.5486968449931413,0.0,32.92181069958848,False,,NO_ACTIVITY_CONTEXT,False,NO_INVESTIGATION,False,,,0,0,0,0,0,0,0.0,29.04,,
2026-07-01,6600.0,84.47,3.3708,8.3074,0.4058,True,,0.0,0.5115,0.5211,0.7724,0.0,0.6914,0.8982,77.02,0.1468,0,True,False,False,False,INDF,NO_INVESTIGATION,False,0,5,0.0,28.82,,consumer_non_cyclical,27,0.0,0.0,1,0.037037037037037035,0,0.0,0.8518518518518519,3,0.0,0.0,1.0,GOOD,0.8203017832647462,1.0,89.21810699588477,False,,NO_ACTIVITY_CONTEXT,False,NO_INVESTIGATION,False,,,0,0,0,0,0,0,0.0,28.82,,
2026-07-02,6775.0,83.47,3.7453,8.3074,0.4508,True,,0.0,0.6817,0.679,0.6112,23.96,1.1727,1.2385,100.0,0.4356,0,True,False,False,False,INDF,NO_INVESTIGATION,False,0,5,0.0,34.46,,consumer_non_cyclical,27,0.0,0.0,1,0.037037037037037035,0,0.0,0.8888888888888888,3,0.0,0.3333333333333333,0.6666666666666666,GOOD,0.8559670781893004,0.4444444444444445,69.1358024691358,False,,NO_ACTIVITY_CONTEXT,False,NO_INVESTIGATION,False,,,0,0,0,0,0,0,0.0,34.46,,
2026-07-03,6925.0,66.82,5.2434,8.0645,0.6502,True,,0.0,0.6282,0.5931,0.7156,9.1,0.8847,1.1653,81.79,0.1786,0,True,False,False,False,INDF,NO_INVESTIGATION,False,0,5,0.0,26.25,,consumer_non_cyclical,27,0.0,0.0,1,0.037037037037037035,0,0.0,0.7777777777777778,3,0.0,0.0,0.6666666666666666,GOOD,0.7489711934156379,0.6666666666666666,71.60493827160495,False,,NO_ACTIVITY_CONTEXT,False,NO_INVESTIGATION,False,,,0,0,0,0,0,0,0.0,26.25,,
2026-07-06,6900.0,46.74,5.5351,6.654,0.8318,True,,0.0,0.7882,0.7336,0.9428,0.0,0.8448,0.7081,84.68,0.1978,0,False,False,False,False,INDF,NO_INVESTIGATION,False,0,5,0.0,20.15,,consumer_non_cyclical,27,0.0,0.0,0,0.0,0,0.0,0.8148148148148148,3,0.0,0.0,1.0,GOOD,0.8148148148148148,1.0,88.88888888888889,False,,NO_ACTIVITY_CONTEXT,False,NO_INVESTIGATION,False,,,0,0,0,0,0,0,0.0,20.15,,
2026-07-07,6675.0,12.59,5.9041,5.3893,1.0955,True,,10.42,0.8683,0.8711,1.3024,0.0,0.6626,0.6622,58.61,0.0431,1,False,False,False,False,INDF,NO_INVESTIGATION,False,0,5,0.0,12.13,,consumer_non_cyclical,27,0.0,6.77,1,0.037037037037037035,1,0.037037037037037035,0.8518518518518519,3,7.43,0.0,0.6666666666666666,GOOD,0.8203017832647462,0.6666666666666666,75.88477366255144,True,75.88477366255144,STOCK_SPECIFIC_ACTIVITY,False,NO_INVESTIGATION,False,,,0,0,0,0,0,0,0.0,12.13,,
2026-07-08,6575.0,12.51,5.9041,5.3893,1.0955,True,,4.7,0.8216,0.8386,1.1399,0.0,0.6992,0.6048,17.01,-0.1639,0,False,False,False,False,INDF,NO_INVESTIGATION,False,0,5,0.0,6.24,,consumer_non_cyclical,27,0.0,0.02,0,0.0,0,0.0,0.8148148148148148,3,0.0,0.0,1.0,GOOD,0.8148148148148148,1.0,88.88888888888889,False,,NO_ACTIVITY_CONTEXT,False,NO_INVESTIGATION,False,,,0,0,0,0,0,0,0.0,6.24,,
2026-07-09,6625.0,11.23,5.9925,5.3893,1.1119,True,,0.0,0.5791,0.5915,0.6308,0.0,0.8615,0.7855,100.0,0.3762,0,False,False,False,False,INDF,NO_INVESTIGATION,False,0,5,0.0,12.81,,consumer_non_cyclical,27,0.0,0.0,0,0.0,0,0.0,0.8148148148148148,3,0.0,0.0,0.6666666666666666,GOOD,0.8148148148148148,0.6666666666666666,75.55555555555556,False,,NO_ACTIVITY_CONTEXT,False,NO_INVESTIGATION,False,,,0,0,0,0,0,0,0.0,12.81,,
2026-07-10,6775.0,11.06,5.9925,5.3893,1.1119,True,,0.7,0.998,0.9911,1.0203,0.0,0.9689,0.9837,100.0,0.4796,0,False,False,False,False,INDF,NO_INVESTIGATION,False,0,5,0.0,12.97,,consumer_non_cyclical,27,0.0,0.0,0,0.0,0,0.0,0.8148148148148148,3,0.0,0.0,1.0,GOOD,0.8148148148148148,1.0,88.88888888888889,False,,NO_ACTIVITY_CONTEXT,False,NO_INVESTIGATION,False,,,0,0,0,0,0,0,0.0,12.97,,
2026-07-13,6750.0,56.35,4.1199,5.3893,0.7645,True,,10.78,1.1356,1.1281,0.7454,35.87,1.4934,0.4887,70.87,0.1058,0,True,False,False,False,INDF,NO_INVESTIGATION,False,0,5,0.0,29.79,,consumer_non_cyclical,27,0.0,0.0,2,0.07407407407407407,0,0.0,0.8518518518518519,3,0.0,0.0,1.0,GOOD,0.7887517146776406,1.0,87.32510288065843,False,,NO_ACTIVITY_CONTEXT,False,NO_INVESTIGATION,False,,,0,0,0,0,0,0,0.0,29.79,,
2026-07-14,6775.0,54.87,4.0741,5.224,0.7799,True,,0.0,0.5558,0.552,0.9602,0.0,0.5894,0.8178,99.28,0.2952,0,False,False,False,False,INDF,NO_INVESTIGATION,False,0,5,0.0,23.65,,consumer_non_cyclical,27,4.74,24.61,6,0.2222222222222222,0,0.0,0.4074074074074074,3,0.0,0.0,1.0,GOOD,0.3168724279835391,1.0,59.01234567901235,False,,NO_ACTIVITY_CONTEXT,False,NO_INVESTIGATION,False,,,0,0,0,0,0,0,0.0,23.65,,
2026-07-15,6750.0,43.0,4.0741,4.6622,0.8739,True,,8.64,1.0994,1.1015,0.766,49.08,1.5017,1.2532,74.16,0.1277,0,False,False,False,False,INDF,NO_INVESTIGATION,False,0,5,0.0,28.12,,consumer_non_cyclical,27,3.06,20.625,3,0.1111111111111111,2,0.07407407407407407,0.6296296296296297,3,11.62,0.3333333333333333,0.3333333333333333,GOOD,0.5596707818930041,0.22222222222222224,42.46913580246914,False,,NO_ACTIVITY_CONTEXT,False,NO_INVESTIGATION,False,,,0,0,0,0,0,0,0.0,28.12,,
2026-07-16,6750.0,61.41,2.963,4.097,0.7232,True,,0.0,0.8245,0.8282,0.9108,0.0,0.9187,0.5482,61.28,0.0564,0,True,False,False,False,INDF,NO_INVESTIGATION,False,0,5,0.0,21.48,,consumer_non_cyclical,27,2.62,37.715,5,0.18518518518518517,2,0.07407407407407407,0.4444444444444444,3,0.0,0.3333333333333333,0.6666666666666666,GOOD,0.36213991769547327,0.4444444444444445,39.50617283950618,False,,NO_ACTIVITY_CONTEXT,False,NO_INVESTIGATION,False,,,0,0,0,0,0,0,0.0,21.48,,
2026-07-17,6700.0,82.75,2.2222,4.0741,0.5455,True,,0.0,0.7352,0.7413,0.8042,0.0,0.9296,0.8499,41.64,-0.0334,0,True,False,False,False,INDF,NO_INVESTIGATION,False,0,5,0.0,24.85,,consumer_non_cyclical,27,10.93,54.2,8,0.2962962962962963,2,0.07407407407407407,0.3333333333333333,3,10.71,0.3333333333333333,0.3333333333333333,GOOD,0.2345679012345679,0.22222222222222224,22.962962962962962,False,,NO_ACTIVITY_CONTEXT,False,NO_INVESTIGATION,False,,,0,0,0,0,0,0,0.0,24.85,,
2026-07-20,6800.0,57.72,2.963,3.9097,0.7578,True,,85.56,1.6618,1.6668,2.6519,1.06,0.7072,1.0227,100.0,0.4579,3,True,True,True,True,INDF,EMERGING,True,1,5,20.0,54.26,54.26,consumer_non_cyclical,27,31.73,51.675,7,0.25925925925925924,2,0.07407407407407407,1.0,3,10.5,0.0,1.0,GOOD,0.7407407407407407,1.0,84.44444444444444,True,84.44444444444444,STOCK_SPECIFIC_ACTIVITY,True,EMERGING,True,INDF-20260720-01,2026-07-20,1,1,1,1,1,0,20.0,54.26,54.26,
2026-07-21,6850.0,33.62,3.3333,3.5581,0.9368,True,,5.69,1.0633,1.0591,1.0127,14.65,1.1467,1.091,88.64,0.2242,0,False,False,False,False,INDF,WEAKENING,True,1,5,20.0,25.17,25.17,consumer_non_cyclical,27,21.74,66.245,9,0.3333333333333333,5,0.18518518518518517,0.18518518518518517,3,41.04,0.3333333333333333,0.0,GOOD,0.1234567901234568,0.0,7.4074074074074066,False,,NO_ACTIVITY_CONTEXT,False,WEAKENING,True,INDF-20260720-01,2026-07-20,2,1,1,1,1,1,20.0,25.17,25.17,
2026-07-22,6900.0,8.57,4.0441,3.5581,1.1366,True,,35.43,1.2792,1.2701,1.2555,11.04,1.1309,1.0341,70.55,0.1037,3,False,False,True,False,INDF,WEAKENING,True,1,5,20.0,25.48,25.48,consumer_non_cyclical,27,44.55,85.55000000000001,13,0.48148148148148145,3,0.1111111111111111,0.4074074074074074,3,93.59,1.0,0.0,GOOD,0.21124828532235942,0.0,12.674897119341566,True,12.674897119341566,PEER_CLUSTERED_ACTIVITY,False,CLOSED,False,INDF-20260720-01,2026-07-20,3,1,1,1,1,2,20.0,25.48,,TWO_UNSUPPORTED_SESSIONS
2026-07-23,6925.0,2.56,4.7445,3.8947,1.2182,True,,50.68,1.3063,1.2742,1.7624,4.55,0.7927,1.0942,93.49,0.2566,3,False,True,True,False,INDF,WEAKENING,True,1,5,20.0,29.88,29.88,consumer_non_cyclical,27,50.68,81.85,14,0.5185185185185185,2,0.07407407407407407,0.5185185185185185,3,74.17,0.6666666666666666,0.3333333333333333,GOOD,0.2496570644718793,0.11111111111111112,19.423868312757204,True,19.423868312757204,MARKET_WIDE_ACTIVITY,False,NO_INVESTIGATION,False,,,0,0,0,0,0,0,0.0,25.88,,
2026-07-24,6850.0,26.34,4.0146,4.0591,0.989,True,,0.0,0.6648,0.6597,0.8142,0.0,0.8902,0.919,67.58,0.0879,0,False,False,False,False,INDF,WEAKENING,True,1,5,20.0,17.34,17.34,consumer_non_cyclical,27,11.43,44.915,6,0.2222222222222222,1,0.037037037037037035,0.2962962962962963,3,27.33,0.3333333333333333,0.0,GOOD,0.23045267489711932,0.0,13.82716049382716,False,,NO_ACTIVITY_CONTEXT,False,NO_INVESTIGATION,False,,,0,0,0,0,0,0,0.0,13.34,,
2026-07-27,6875.0,56.11,3.2727,4.0591,0.8063,True,,10.58,1.0535,1.0463,1.1759,0.0,0.983,0.9422,55.29,0.0264,0,True,False,False,False,INDF,NO_INVESTIGATION,False,0,5,0.0,22.73,,consumer_non_cyclical,27,0.0,14.01,1,0.037037037037037035,0,0.0,0.6666666666666666,3,0.0,0.0,1.0,GOOD,0.6419753086419753,1.0,78.51851851851852,False,,NO_ACTIVITY_CONTEXT,False,NO_INVESTIGATION,False,,,0,0,0,0,0,0,0.0,22.73,,
2026-07-28,6850.0,55.69,3.2727,4.0591,0.8063,True,,4.7,1.0213,1.0223,1.0784,3.43,1.0471,0.7602,14.48,-0.1841,0,True,False,False,False,INDF,NO_INVESTIGATION,False,0,5,0.0,17.29,,consumer_non_cyclical,27,0.0,4.82,1,0.037037037037037035,1,0.037037037037037035,0.7407407407407407,3,0.81,0.0,0.6666666666666666,GOOD,0.7133058984910837,0.6666666666666666,69.46502057613169,False,,NO_ACTIVITY_CONTEXT,False,NO_INVESTIGATION,False,,,0,0,0,0,0,0,0.0,17.29,,
2026-07-29,6875.0,55.36,3.2727,4.0591,0.8063,True,,69.79,1.6876,1.6722,1.2923,32.42,1.3806,1.0576,57.31,0.0366,3,True,True,True,True,INDF,EMERGING,True,1,5,20.0,49.37,49.37,consumer_non_cyclical,27,2.68,28.005,3,0.1111111111111111,1,0.037037037037037035,0.9259259259259259,3,4.46,0.0,1.0,GOOD,0.8230452674897119,1.0,89.38271604938271,True,89.38271604938271,STOCK_SPECIFIC_ACTIVITY,True,EMERGING,True,INDF-20260729-02,2026-07-29,1,1,1,1,1,0,20.0,49.37,49.37,
2026-07-30,6950.0,78.62,2.5455,4.0591,0.6271,True,,15.42,0.9816,0.959,1.4253,0.0,0.7227,0.5573,59.45,0.0472,1,True,False,False,False,INDF,WEAKENING,True,1,5,20.0,34.23,34.23,consumer_non_cyclical,27,0.45,16.86,2,0.07407407407407407,0,0.0,0.7407407407407407,3,0.0,0.0,0.6666666666666666,GOOD,0.6858710562414265,0.6666666666666666,67.81893004115226,True,67.81893004115226,STOCK_SPECIFIC_ACTIVITY,True,DEVELOPING,True,INDF-20260729-02,2026-07-29,2,1,2,2,1,0,40.0,38.23,38.23,
2026-07-31,6975.0,65.52,2.9091,4.0591,0.7167,True,,70.0,2.3285,2.2741,0.7728,65.3,3.0487,1.1139,64.27,0.0714,2,True,True,True,True,INDF,DEVELOPING,True,2,5,40.0,61.6,61.6,consumer_non_cyclical,27,9.39,62.57,8,0.2962962962962963,3,0.1111111111111111,0.8148148148148148,3,3.43,0.3333333333333333,0.6666666666666666,GOOD,0.5733882030178327,0.4444444444444445,52.18106995884775,True,52.18106995884775,MIXED_CONTEXT,True,DEVELOPING,True,INDF-20260729-02,2026-07-29,3,2,3,3,2,0,60.0,65.6,65.6,
2026-08-03,7075.0,0.0,5.7554,4.0294,1.4284,True,,94.61,1.8999,1.8044,2.3998,6.41,0.8071,1.1335,84.72,0.1981,3,False,True,True,False,INDF,WEAKENING,True,2,5,40.0,45.82,45.82,consumer_non_cyclical,27,13.11,61.47,9,0.3333333333333333,1,0.037037037037037035,0.9259259259259259,3,89.11,0.6666666666666666,0.6666666666666666,GOOD,0.617283950617284,0.22222222222222224,45.92592592592593,True,45.92592592592593,PEER_CLUSTERED_ACTIVITY,False,WEAKENING,True,INDF-20260729-02,2026-07-29,4,2,3,3,2,1,60.0,49.82,49.82,
2026-08-04,7200.0,0.0,5.3763,4.0294,1.3343,True,,19.07,1.1882,1.1297,1.1857,2.61,1.034,1.004,10.82,-0.2135,0,False,False,False,False,INDF,WEAKENING,True,2,5,40.0,15.19,15.19,consumer_non_cyclical,27,10.55,26.145000000000003,5,0.18518518518518517,0,0.0,0.6666666666666666,3,19.15,0.0,0.3333333333333333,GOOD,0.5432098765432098,0.3333333333333333,45.925925925925924,False,,NO_ACTIVITY_CONTEXT,False,CLOSED,False,INDF-20260729-02,2026-07-29,5,2,3,3,2,2,60.0,19.19,,TWO_UNSUPPORTED_SESSIONS
2026-08-05,7250.0,0.0,6.3604,4.0294,1.5785,True,,84.64,1.9205,1.8074,1.7307,10.29,1.1432,0.6396,30.33,-0.0787,3,False,True,True,False,INDF,WEAKENING,True,1,5,20.0,33.97,33.97,consumer_non_cyclical,27,40.75,82.745,12,0.4444444444444444,1,0.037037037037037035,0.8148148148148148,3,82.77,1.0,0.6666666666666666,GOOD,0.45267489711934156,0.0,27.160493827160494,True,27.160493827160494,PEER_CLUSTERED_ACTIVITY,False,NO_INVESTIGATION,False,,,0,0,0,0,0,0,0.0,29.97,,
2026-08-06,7275.0,0.0,5.5556,4.0294,1.3788,True,,15.76,1.185,1.1094,1.1123,28.67,1.1245,1.3151,99.12,0.2942,0,False,False,False,False,INDF,WEAKENING,True,1,5,20.0,22.94,22.94,consumer_non_cyclical,27,18.02,56.93,10,0.37037037037037035,0,0.0,0.48148148148148145,3,43.75,0.3333333333333333,0.3333333333333333,GOOD,0.30315500685871055,0.22222222222222224,27.078189300411527,False,,NO_ACTIVITY_CONTEXT,False,NO_INVESTIGATION,False,,,0,0,0,0,0,0,0.0,18.94,,
2026-08-07,7450.0,0.0,7.2414,4.0294,1.7972,True,,54.69,1.3793,1.2593,1.7125,0.34,0.8606,1.006,100.0,0.3718,3,False,True,True,False,INDF,NO_INVESTIGATION,False,0,5,0.0,26.46,,consumer_non_cyclical,27,0.0,28.735,4,0.14814814814814814,0,0.0,0.8888888888888888,3,34.73,0.3333333333333333,0.6666666666666666,GOOD,0.757201646090535,0.4444444444444445,63.20987654320987,True,63.20987654320987,MIXED_CONTEXT,False,NO_INVESTIGATION,False,,,0,0,0,0,0,0,0.0,26.46,,
2026-08-10,7325.0,0.0,6.5292,4.0294,1.6204,True,,0.0,0.4907,0.462,0.953,5.23,0.5572,1.0922,45.93,-0.0163,0,False,False,False,False,INDF,NO_INVESTIGATION,False,0,5,0.0,5.38,,consumer_non_cyclical,27,12.47,68.595,8,0.2962962962962963,3,0.1111111111111111,0.2962962962962963,3,83.94,1.0,0.0,GOOD,0.2085048010973937,0.0,12.510288065843621,False,,NO_ACTIVITY_CONTEXT,False,NO_INVESTIGATION,False,,,0,0,0,0,0,0,0.0,5.38,,
2026-08-11,7275.0,10.38,4.4674,4.0294,1.1087,True,,7.72,1.1287,1.0748,0.9619,46.55,1.2548,1.39,90.15,0.2344,0,False,False,False,False,INDF,NO_INVESTIGATION,False,0,5,0.0,20.91,,consumer_non_cyclical,27,2.88,13.344999999999999,2,0.07407407407407407,0,0.0,0.6296296296296297,3,0.0,0.3333333333333333,0.6666666666666666,GOOD,0.5829903978052127,0.4444444444444445,52.75720164609054,False,,NO_ACTIVITY_CONTEXT,False,NO_INVESTIGATION,False,,,0,0,0,0,0,0,0.0,20.91,,
2026-08-12,7375.0,47.19,3.413,4.0294,0.847,True,,0.0,0.7993,0.7834,0.9264,4.43,0.9835,1.0715,26.3,-0.0948,0,False,False,False,False,INDF,NO_INVESTIGATION,False,0,5,0.0,15.09,,consumer_non_cyclical,27,0.0,9.42,1,0.037037037037037035,0,0.0,0.5185185185185185,3,0.36,0.0,0.3333333333333333,GOOD,0.4993141289437586,0.3333333333333333,43.29218106995884,False,,NO_ACTIVITY_CONTEXT,False,NO_INVESTIGATION,False,,,0,0,0,0,0,0,0.0,15.09,,
2026-08-13,7350.0,37.73,3.4014,3.7138,0.9159,True,,0.0,0.8496,0.8321,0.8021,36.81,1.2161,1.2373,18.21,-0.1543,0,False,False,False,False,INDF,NO_INVESTIGATION,False,0,5,0.0,16.78,,consumer_non_cyclical,27,0.0,3.51,1,0.037037037037037035,0,0.0,0.5925925925925926,3,1.86,0.0,0.3333333333333333,GOOD,0.5706447187928669,0.3333333333333333,47.57201646090535,False,,NO_ACTIVITY_CONTEXT,False,NO_INVESTIGATION,False,,,0,0,0,0,0,0,0.0,16.78,,
2026-08-14,7425.0,37.73,3.4014,3.7138,0.9159,True,,0.0,0.5634,0.5503,0.6541,6.41,0.9831,1.0927,60.07,0.0503,0,False,False,False,False,INDF,NO_INVESTIGATION,False,0,5,0.0,16.4,,consumer_non_cyclical,27,0.0,1.06,2,0.07407407407407407,0,0.0,0.7037037037037037,3,0.0,0.0,0.6666666666666666,GOOD,0.6515775034293553,0.6666666666666666,65.76131687242798,False,,NO_ACTIVITY_CONTEXT,False,NO_INVESTIGATION,False,,,0,0,0,0,0,0,0.0,16.4,,
2026-08-18,7350.0,52.19,3.0612,3.7138,0.8243,True,,0.36,0.6477,0.6316,1.0101,18.62,0.7402,1.2558,77.97,0.1531,0,False,False,False,False,INDF,NO_INVESTIGATION,False,0,5,0.0,23.75,,consumer_non_cyclical,27,2.79,22.799999999999997,4,0.14814814814814814,1,0.037037037037037035,0.37037037037037035,3,15.58,0.3333333333333333,0.0,GOOD,0.31550068587105623,0.0,18.930041152263374,False,,NO_ACTIVITY_CONTEXT,False,NO_INVESTIGATION,False,,,0,0,0,0,0,0,0.0,23.75,,
2026-08-19,7275.0,52.68,3.0612,3.7138,0.8243,True,,0.0,0.8895,0.853,0.937,0.95,1.0125,0.8009,94.47,0.2632,0,False,False,False,False,INDF,NO_INVESTIGATION,False,0,5,0.0,22.76,,consumer_non_cyclical,27,0.0,27.994999999999997,6,0.2222222222222222,0,0.0,0.5925925925925926,3,25.91,0.3333333333333333,0.3333333333333333,GOOD,0.46090534979423864,0.22222222222222224,36.54320987654321,False,,NO_ACTIVITY_CONTEXT,False,NO_INVESTIGATION,False,,,0,0,0,0,0,0,0.0,22.76,,
2026-08-20,7350.0,77.12,2.381,3.7138,0.6411,True,,0.0,0.9466,0.9213,0.8478,15.49,1.1895,0.6553,50.24,0.0012,0,True,False,False,False,INDF,NO_INVESTIGATION,False,0,5,0.0,26.63,,consumer_non_cyclical,27,10.87,68.375,9,0.3333333333333333,1,0.037037037037037035,0.37037037037037035,3,20.47,0.3333333333333333,0.3333333333333333,GOOD,0.2469135802469136,0.22222222222222224,23.703703703703706,False,,NO_ACTIVITY_CONTEXT,False,NO_INVESTIGATION,False,,,0,0,0,0,0,0,0.0,26.63,,
2026-08-21,7375.0,68.37,2.381,3.4072,0.6988,True,,0.0,0.5591,0.5468,0.5127,38.46,1.118,1.5378,50.0,0.0,0,True,False,False,False,INDF,NO_INVESTIGATION,False,0,5,0.0,27.86,,consumer_non_cyclical,27,0.0,22.455,3,0.1111111111111111,1,0.037037037037037035,0.5185185185185185,3,0.0,0.0,0.6666666666666666,GOOD,0.46090534979423864,0.6666666666666666,54.32098765432099,False,,NO_ACTIVITY_CONTEXT,False,NO_INVESTIGATION,False,,,0,0,0,0,0,0,0.0,27.86,,
2026-08-24,7375.0,68.2,2.381,3.4014,0.7,True,,0.0,0.3761,0.3635,0.5475,0.69,0.687,1.0131,93.94,0.2596,0,True,False,False,False,INDF,NO_INVESTIGATION,False,0,5,0.0,26.55,,consumer_non_cyclical,27,6.91,39.585,6,0.2222222222222222,0,0.0,0.4074074074074074,3,6.91,0.3333333333333333,0.3333333333333333,GOOD,0.3168724279835391,0.22222222222222224,27.901234567901234,False,,NO_ACTIVITY_CONTEXT,False,NO_INVESTIGATION,False,,,0,0,0,0,0,0,0.0,26.55,,
2026-08-26,7275.0,64.93,2.381,3.337,0.7135,True,,8.26,1.1034,1.0721,1.0365,4.88,1.0647,0.9385,0.0,-0.3433,0,True,False,False,False,INDF,NO_INVESTIGATION,False,0,5,0.0,19.44,,consumer_non_cyclical,27,50.01,74.195,14,0.5185185185185185,1,0.037037037037037035,0.2222222222222222,3,59.96,1.0,0.0,GOOD,0.10699588477366255,0.0,6.419753086419752,False,,NO_ACTIVITY_CONTEXT,False,NO_INVESTIGATION,False,,,0,0,0,0,0,0,0.0,19.44,,
2026-08-27,7300.0,51.42,2.7211,3.337,0.8154,True,,0.0,0.4766,0.471,0.7322,13.54,0.66,1.2396,6.99,-0.2441,0,False,False,False,False,INDF,NO_INVESTIGATION,False,0,5,0.0,15.58,,consumer_non_cyclical,27,0.0,54.835,8,0.2962962962962963,2,0.07407407407407407,0.5185185185185185,3,72.12,1.0,0.0,GOOD,0.36488340192043894,0.0,21.893004115226336,False,,NO_ACTIVITY_CONTEXT,False,NO_INVESTIGATION,False,,,0,0,0,0,0,0,0.0,15.58,,
2026-08-28,7300.0,50.61,2.7397,3.337,0.821,True,,0.0,0.4494,0.4507,0.525,7.14,0.8768,1.1348,74.67,0.1311,0,False,False,False,False,INDF,NO_INVESTIGATION,False,0,5,0.0,21.19,,consumer_non_cyclical,27,0.0,48.61,7,0.25925925925925924,2,0.07407407407407407,0.5185185185185185,3,57.25,0.6666666666666666,0.0,GOOD,0.38408779149519884,0.0,23.04526748971193,False,,NO_ACTIVITY_CONTEXT,False,NO_INVESTIGATION,False,,,0,0,0,0,0,0,0.0,21.19,,
2026-08-31,7500.0,0.43,4.1096,3.2313,1.2718,True,,69.98,2.5231,2.4386,1.0618,67.7,2.4259,1.1495,90.33,0.2355,2,False,True,True,False,INDF,NO_INVESTIGATION,False,0,5,0.0,40.29,,consumer_non_cyclical,27,69.98,80.765,17,0.6296296296296297,4,0.14814814814814814,0.5185185185185185,3,98.57,1.0,0.0,GOOD,0.19204389574759942,0.0,11.522633744855964,True,11.522633744855964,MARKET_WIDE_ACTIVITY,False,NO_INVESTIGATION,False,,,0,0,0,0,0,0,0.0,40.29,,
2026-09-01,7200.0,4.2,4.1096,3.4014,1.2082,True,,55.23,1.4352,1.4462,1.7608,0.0,0.8507,0.5669,0.0,-0.4733,3,False,True,True,False,INDF,NO_INVESTIGATION,False,0,5,0.0,17.62,,consumer_non_cyclical,27,54.42,84.5,14,0.5185185185185185,2,0.07407407407407407,0.5925925925925926,3,99.21,1.0,0.0,GOOD,0.28532235939643347,0.0,17.11934156378601,True,17.11934156378601,MARKET_WIDE_ACTIVITY,False,NO_INVESTIGATION,False,,,0,0,0,0,0,0,0.0,17.62,,
2026-09-02,7175.0,0.0,5.8219,3.4072,1.7087,True,,40.24,1.2115,1.2455,1.7165,0.0,0.729,0.5216,64.8,0.074,3,False,False,True,False,INDF,NO_INVESTIGATION,False,0,5,0.0,18.55,,consumer_non_cyclical,27,17.97,62.275000000000006,8,0.2962962962962963,0,0.0,0.6666666666666666,3,77.95,1.0,0.0,GOOD,0.4691358024691358,0.0,28.148148148148145,True,28.148148148148145,PEER_CLUSTERED_ACTIVITY,False,NO_INVESTIGATION,False,,,0,0,0,0,0,0,0.0,18.55,,
2026-09-03,7250.0,0.0,5.8621,3.4072,1.7205,True,,15.37,0.7138,0.7214,1.3864,2.95,0.5317,1.0604,100.0,0.418,1,False,False,False,False,INDF,NO_INVESTIGATION,False,0,5,0.0,15.05,,consumer_non_cyclical,27,32.28,69.175,9,0.3333333333333333,1,0.037037037037037035,0.37037037037037035,3,66.07,0.6666666666666666,0.0,GOOD,0.2469135802469136,0.0,14.814814814814813,True,14.814814814814813,PEER_CLUSTERED_ACTIVITY,False,NO_INVESTIGATION,False,,,0,0,0,0,0,0,0.0,15.05,,
2026-09-04,7225.0,0.0,5.8824,3.4072,1.7265,True,,0.0,0.7238,0.735,0.7436,0.0,0.9801,0.7043,100.0,0.3175,0,False,False,False,False,INDF,NO_INVESTIGATION,False,0,5,0.0,10.0,,consumer_non_cyclical,27,0.0,24.19,5,0.18518518518518517,1,0.037037037037037035,0.5185185185185185,3,72.12,0.6666666666666666,0.0,GOOD,0.4224965706447188,0.0,25.349794238683128,False,,NO_ACTIVITY_CONTEXT,False,NO_INVESTIGATION,False,,,0,0,0,0,0,0,0.0,10.0,,
2026-09-07,7350.0,0.0,5.8824,3.4072,1.7265,True,,57.16,1.4489,1.4482,1.7185,7.06,0.8476,1.134,22.48,-0.1201,3,False,True,True,False,INDF,NO_INVESTIGATION,False,0,5,0.0,20.46,,consumer_non_cyclical,27,0.77,43.894999999999996,6,0.2222222222222222,2,0.07407407407407407,0.8518518518518519,3,45.03,0.3333333333333333,0.6666666666666666,GOOD,0.6625514403292181,0.4444444444444445,57.53086419753086,True,57.53086419753086,MIXED_CONTEXT,False,NO_INVESTIGATION,False,,,0,0,0,0,0,0,0.0,20.46,,
2026-09-08,7500.0,0.0,7.2414,3.4072,2.1253,True,,41.38,1.4331,1.4026,1.3239,14.84,1.1528,1.0792,100.0,0.428,3,False,False,True,False,INDF,NO_INVESTIGATION,False,0,5,0.0,24.64,,consumer_non_cyclical,27,21.11,72.91999999999999,10,0.37037037037037035,1,0.037037037037037035,0.5925925925925926,3,73.57,1.0,0.0,GOOD,0.3731138545953361,0.0,22.386831275720166,True,22.386831275720166,PEER_CLUSTERED_ACTIVITY,False,NO_INVESTIGATION,False,,,0,0,0,0,0,0,0.0,24.64,,
2026-09-09,7500.0,0.0,6.1224,3.4072,1.7969,True,,51.62,1.5078,1.4686,1.4612,7.18,1.0374,1.0776,48.98,-0.0041,3,False,True,True,False,INDF,NO_INVESTIGATION,False,0,5,0.0,21.46,,consumer_non_cyclical,27,51.62,75.14,14,0.5185185185185185,4,0.14814814814814814,0.5185185185185185,3,36.11,0.3333333333333333,0.6666666666666666,GOOD,0.2496570644718793,0.4444444444444445,32.757201646090536,True,32.757201646090536,MARKET_WIDE_ACTIVITY,False,NO_INVESTIGATION,False,,,0,0,0,0,0,0,0.0,21.46,,
2026-09-10,7325.0,0.0,6.1224,3.4072,1.7969,True,,0.0,0.5361,0.5277,0.7479,0.0,0.732,0.6391,21.13,-0.1309,0,False,False,False,False,INDF,NO_INVESTIGATION,False,0,5,0.0,2.11,,consumer_non_cyclical,27,23.38,67.435,12,0.4444444444444444,2,0.07407407407407407,0.2962962962962963,3,17.99,0.3333333333333333,0.3333333333333333,GOOD,0.1646090534979424,0.22222222222222224,18.765432098765434,False,,NO_ACTIVITY_CONTEXT,False,NO_INVESTIGATION,False,,,0,0,0,0,0,0,0.0,2.11,,
2026-09-11,7300.0,0.0,5.102,3.4072,1.4974,True,,2.55,0.923,0.9249,1.0795,0.0,0.872,0.6412,100.0,0.3554,0,False,False,False,False,INDF,NO_INVESTIGATION,False,0,5,0.0,10.77,,consumer_non_cyclical,27,18.62,50.334999999999994,7,0.25925925925925924,0,0.0,0.3333333333333333,3,31.0,0.3333333333333333,0.3333333333333333,GOOD,0.24691358024691357,0.22222222222222224,23.703703703703706,False,,NO_ACTIVITY_CONTEXT,False,NO_INVESTIGATION,False,,,0,0,0,0,0,0,0.0,10.77,,
2026-09-14,7250.0,0.65,5.1195,3.7555,1.3632,True,,0.0,0.8886,0.8847,0.8556,3.32,1.046,0.9942,27.9,-0.0884,0,False,False,False,False,INDF,NO_INVESTIGATION,False,0,5,0.0,3.45,,consumer_non_cyclical,27,26.07,74.15,11,0.4074074074074074,0,0.0,0.2222222222222222,3,0.0,0.0,0.6666666666666666,GOOD,0.1316872427983539,0.6666666666666666,34.5679012345679,False,,NO_ACTIVITY_CONTEXT,False,NO_INVESTIGATION,False,,,0,0,0,0,0,0,0.0,3.45,,
2026-09-15,7275.0,13.87,4.4521,4.1096,1.0833,True,,0.0,0.4931,0.4953,0.556,0.0,0.8251,0.7367,21.0,-0.132,0,False,False,False,False,INDF,NO_INVESTIGATION,False,0,5,0.0,5.57,,consumer_non_cyclical,27,0.0,11.379999999999999,4,0.14814814814814814,0,0.0,0.5185185185185185,3,11.57,0.3333333333333333,0.3333333333333333,GOOD,0.44170096021947874,0.22222222222222224,35.390946502057616,False,,NO_ACTIVITY_CONTEXT,False,NO_INVESTIGATION,False,,,0,0,0,0,0,0,0.0,5.57,,
2026-09-16,7225.0,1.82,5.4983,4.2808,1.2844,True,,19.61,1.1735,1.1893,1.2302,0.0,0.9454,0.9476,10.51,-0.2159,1,False,False,False,False,INDF,NO_INVESTIGATION,False,0,5,0.0,7.39,,consumer_non_cyclical,27,0.0,19.835,2,0.07407407407407407,0,0.0,0.7407407407407407,3,0.0,0.0,1.0,GOOD,0.6858710562414265,1.0,81.1522633744856,True,81.1522633744856,STOCK_SPECIFIC_ACTIVITY,False,NO_INVESTIGATION,False,,,0,0,0,0,0,0,0.0,7.39,,
2026-09-17,7175.0,23.21,4.8276,4.777,1.0106,True,,17.64,1.1032,1.127,1.3133,10.09,0.9027,1.2148,0.0,-0.3416,1,False,False,False,False,INDF,NO_INVESTIGATION,False,0,5,0.0,12.61,,consumer_non_cyclical,27,0.0,8.625,3,0.1111111111111111,0,0.0,0.8518518518518519,3,0.0,0.0,1.0,GOOD,0.757201646090535,1.0,85.4320987654321,True,85.4320987654321,STOCK_SPECIFIC_ACTIVITY,False,NO_INVESTIGATION,False,,,0,0,0,0,0,0,0.0,12.61,,
2026-09-18,7025.0,0.0,6.5744,4.9648,1.3242,True,,58.91,1.998,2.0643,1.0474,60.0,2.0449,0.6877,18.87,-0.149,2,False,True,True,False,INDF,NO_INVESTIGATION,False,0,5,0.0,28.56,,consumer_non_cyclical,27,48.09,72.95,12,0.4444444444444444,1,0.037037037037037035,0.6296296296296297,3,30.62,0.3333333333333333,0.6666666666666666,GOOD,0.3497942386831276,0.4444444444444445,38.76543209876544,True,38.76543209876544,MIXED_CONTEXT,False,NO_INVESTIGATION,False,,,0,0,0,0,0,0,0.0,28.56,,
2026-09-21,7000.0,5.87,5.9233,5.1107,1.159,True,,14.06,1.1901,1.2331,0.4971,62.39,2.5569,1.0478,5.71,-0.2543,1,False,False,False,False,INDF,NO_INVESTIGATION,False,0,5,0.0,15.62,,consumer_non_cyclical,27,0.0,3.005,2,0.07407407407407407,0,0.0,0.8148148148148148,3,0.0,0.0,1.0,GOOD,0.7544581618655692,1.0,85.26748971193415,True,85.26748971193415,STOCK_SPECIFIC_ACTIVITY,False,NO_INVESTIGATION,False,,,0,0,0,0,0,0,0.0,15.62,,
2026-09-22,6925.0,2.03,6.4057,5.3089,1.2066,True,,0.0,0.7906,0.8224,0.8972,8.44,1.0091,1.1496,88.89,0.2259,0,False,False,False,False,INDF,NO_INVESTIGATION,False,0,5,0.0,10.66,,consumer_non_cyclical,27,2.89,15.330000000000002,4,0.14814814814814814,0,0.0,0.4074074074074074,3,1.76,0.0,0.3333333333333333,GOOD,0.34705075445816186,0.3333333333333333,34.15637860082305,False,,NO_ACTIVITY_CONTEXT,False,NO_INVESTIGATION,False,,,0,0,0,0,0,0,0.0,10.66,,
2026-09-23,6925.0,34.67,5.3571,5.6601,0.9465,True,,0.0,0.7908,0.817,0.8888,1.09,1.0139,0.8007,52.26,0.0113,0,False,False,False,False,INDF,NO_INVESTIGATION,False,0,5,0.0,14.06,,consumer_non_cyclical,27,0.0,4.3549999999999995,2,0.07407407407407407,0,0.0,0.6296296296296297,3,0.0,0.0,1.0,GOOD,0.5829903978052127,1.0,74.97942386831275,False,,NO_ACTIVITY_CONTEXT,False,NO_INVESTIGATION,False,,,0,0,0,0,0,0,0.0,14.06,,
2026-09-24,6950.0,58.53,4.6763,5.6601,0.8262,True,,0.0,0.7438,0.7804,0.5716,35.68,1.383,1.0331,88.15,0.221,0,True,False,False,False,INDF,NO_INVESTIGATION,False,0,5,0.0,28.8,,consumer_non_cyclical,27,0.0,0.0,2,0.07407407407407407,0,0.0,0.8148148148148148,3,0.0,0.0,0.6666666666666666,GOOD,0.7544581618655692,0.6666666666666666,71.93415637860082,False,,NO_ACTIVITY_CONTEXT,False,NO_INVESTIGATION,False,,,0,0,0,0,0,0,0.0,28.8,,
2026-09-25,6750.0,57.97,4.6931,5.6601,0.8292,True,,0.0,0.4858,0.5165,0.8182,0.0,0.6254,0.6509,36.01,-0.056,0,True,False,False,False,INDF,NO_INVESTIGATION,False,0,5,0.0,18.09,,consumer_non_cyclical,27,0.0,0.0,1,0.037037037037037035,0,0.0,0.7777777777777778,3,0.0,0.0,0.6666666666666666,GOOD,0.7489711934156379,0.6666666666666666,71.60493827160495,False,,NO_ACTIVITY_CONTEXT,False,NO_INVESTIGATION,False,,,0,0,0,0,0,0,0.0,18.09,,
2026-09-28,6650.0,46.08,5.0542,5.6601,0.8929,True,,1.01,0.9592,1.0321,0.754,29.91,1.3519,0.8259,68.23,0.0912,0,False,False,False,False,INDF,NO_INVESTIGATION,False,0,5,0.0,23.13,,consumer_non_cyclical,27,0.0,4.0649999999999995,1,0.037037037037037035,0,0.0,0.6296296296296297,3,0.0,0.0,1.0,GOOD,0.6063100137174212,1.0,76.37860082304528,False,,NO_ACTIVITY_CONTEXT,False,NO_INVESTIGATION,False,,,0,0,0,0,0,0,0.0,23.13,,
2026-09-29,6700.0,16.58,5.9259,5.6601,1.047,True,,0.01,0.959,1.0003,0.9098,9.35,1.1196,0.985,38.25,-0.047,0,False,False,False,False,INDF,NO_INVESTIGATION,False,0,5,0.0,9.38,,consumer_non_cyclical,27,13.22,41.695,3,0.1111111111111111,0,0.0,0.37037037037037035,3,0.0,0.0,0.6666666666666666,GOOD,0.3292181069958847,0.6666666666666666,46.419753086419746,False,,NO_ACTIVITY_CONTEXT,False,NO_INVESTIGATION,False,,,0,0,0,0,0,0,0.0,9.38,,
2026-06-12,1855.0,1.37,15.978,12.9692,1.232,True,,55.32,1.5814,1.7557,1.2663,12.96,1.1807,0.992,20.26,-0.1379,3,False,True,True,False,ISAT,NO_INVESTIGATION,False,0,5,0.0,20.91,,telecom,27,7.79,25.415,4,0.14814814814814814,0,0.0,0.8888888888888888,1,18.03,0.0,1.0,THIN,0.757201646090535,1.0,75.7201646090535,True,75.7201646090535,STOCK_SPECIFIC_ACTIVITY,False,NO_INVESTIGATION,False,,,0,0,0,0,0,0,0.0,20.91,,
2026-06-15,1870.0,3.4,15.6334,12.9692,1.2054,True,,63.57,1.5716,1.7342,1.6497,0.0,0.8769,0.9435,61.16,0.0558,3,False,True,True,False,ISAT,NO_INVESTIGATION,False,0,5,0.0,26.04,,telecom,27,42.94,64.585,13,0.48148148148148145,0,0.0,0.7407407407407407,1,4.63,0.0,1.0,THIN,0.38408779149519895,1.0,38.408779149519894,True,38.408779149519894,MIXED_CONTEXT,False,NO_INVESTIGATION,False,,,0,0,0,0,0,0,0.0,26.04,,
2026-06-17,1855.0,38.92,13.2075,14.5069,0.9104,True,,3.89,0.8058,0.9477,1.1103,0.0,0.7053,0.4925,51.02,0.0051,0,False,False,False,False,ISAT,NO_INVESTIGATION,False,0,5,0.0,16.0,,telecom,27,0.0,18.119999999999997,4,0.14814814814814814,0,0.0,0.6296296296296297,1,26.33,0.0,0.0,THIN,0.5363511659807957,0.0,53.63511659807957,False,,NO_ACTIVITY_CONTEXT,False,NO_INVESTIGATION,False,,,0,0,0,0,0,0,0.0,16.0,,
2026-06-18,1730.0,51.16,12.1294,14.5069,0.8361,True,,21.64,1.14,1.3327,1.185,0.0,0.9058,0.9856,0.0,-0.4398,1,False,False,False,False,ISAT,NO_INVESTIGATION,False,0,5,0.0,19.28,,telecom,27,0.0,2.745,1,0.037037037037037035,0,0.0,0.8518518518518519,1,30.05,0.0,0.0,THIN,0.8203017832647462,0.0,82.03017832647463,True,82.03017832647463,STOCK_SPECIFIC_ACTIVITY,True,NO_INVESTIGATION,False,,,0,0,0,0,0,0,0.0,19.28,,
2026-06-19,1735.0,51.27,12.1294,14.5069,0.8361,True,,75.46,3.372,4.0155,1.1568,60.0,2.8376,0.9516,56.95,0.0348,2,False,True,True,False,ISAT,NO_INVESTIGATION,False,0,5,0.0,50.15,,telecom,27,66.7,70.0,17,0.6296296296296297,6,0.2222222222222222,0.9259259259259259,1,78.76,1.0,0.0,THIN,0.34293552812071326,0.0,34.293552812071326,True,34.293552812071326,MARKET_WIDE_ACTIVITY,True,NO_INVESTIGATION,False,,,0,0,0,0,0,0,0.0,50.15,,
2026-06-22,1740.0,45.99,12.6437,14.5069,0.8716,True,,0.0,0.6942,0.814,0.7551,0.0,0.8644,0.5779,22.6,-0.1192,0,False,False,False,False,ISAT,NO_INVESTIGATION,False,0,5,0.0,13.76,,telecom,27,0.0,14.54,1,0.037037037037037035,0,0.0,0.6296296296296297,1,2.24,0.0,0.0,THIN,0.6063100137174212,0.0,60.63100137174212,False,,NO_ACTIVITY_CONTEXT,False,NO_INVESTIGATION,False,,,0,0,0,0,0,0,0.0,13.76,,
2026-06-23,1765.0,46.05,12.6437,14.5069,0.8716,True,,0.0,0.8074,0.8664,0.7044,18.41,1.0363,1.2723,66.21,0.0811,0,False,False,False,False,ISAT,NO_INVESTIGATION,False,0,5,0.0,20.89,,telecom,27,0.0,0.0,1,0.037037037037037035,0,0.0,0.8148148148148148,1,0.0,0.0,1.0,THIN,0.7846364883401921,1.0,78.46364883401921,False,,NO_ACTIVITY_CONTEXT,False,NO_INVESTIGATION,False,,,0,0,0,0,0,0,0.0,20.89,,
2026-06-24,1770.0,72.47,10.0575,14.5069,0.6933,True,,12.84,1.1603,1.2262,0.7858,20.55,1.2749,0.897,22.26,-0.1219,1,True,False,False,False,ISAT,NO_INVESTIGATION,False,0,5,0.0,27.28,,telecom,27,0.0,10.780000000000001,1,0.037037037037037035,0,0.0,0.7777777777777778,1,0.0,0.0,1.0,THIN,0.7489711934156379,1.0,74.8971193415638,True,74.8971193415638,STOCK_SPECIFIC_ACTIVITY,True,NO_INVESTIGATION,False,,,0,0,0,0,0,0,0.0,27.28,,
2026-06-25,1765.0,85.68,7.3654,13.2939,0.554,True,,54.63,1.9008,1.9152,0.9176,66.08,1.9036,1.1884,0.0,-0.4216,2,True,True,True,True,ISAT,EMERGING,True,1,5,20.0,51.72,51.72,telecom,27,0.0,12.219999999999999,5,0.18518518518518517,1,0.037037037037037035,0.9629629629629629,1,0.0,0.0,1.0,THIN,0.7846364883401921,1.0,78.46364883401921,True,78.46364883401921,STOCK_SPECIFIC_ACTIVITY,True,EMERGING,True,ISAT-20260625-01,2026-06-25,1,1,1,1,1,0,20.0,51.72,51.72,
2026-06-26,1750.0,92.58,5.949,12.9256,0.4602,True,,0.0,0.5492,0.5589,0.5782,0.0,0.9182,0.9568,0.0,-0.3648,0,True,False,False,False,ISAT,WEAKENING,True,1,5,20.0,27.14,27.14,telecom,27,0.0,0.0,1,0.037037037037037035,0,0.0,0.8148148148148148,1,7.1,0.0,0.0,THIN,0.7846364883401921,0.0,78.46364883401921,False,,NO_ACTIVITY_CONTEXT,False,WEAKENING,True,ISAT-20260625-01,2026-06-25,2,1,1,1,1,1,20.0,27.14,27.14,
2026-06-29,1740.0,90.79,5.949,12.6437,0.4705,True,,0.0,0.216,0.2201,0.3309,0.0,0.6311,0.7907,31.92,-0.0723,0,True,False,False,False,ISAT,WEAKENING,True,1,5,20.0,29.89,29.89,telecom,27,0.0,0.0,1,0.037037037037037035,0,0.0,0.9629629629629629,1,0.0,0.0,1.0,THIN,0.9272976680384087,1.0,92.72976680384087,False,,NO_ACTIVITY_CONTEXT,False,CLOSED,False,ISAT-20260625-01,2026-06-25,3,1,1,1,1,2,20.0,29.89,,TWO_UNSUPPORTED_SESSIONS
2026-06-30,1730.0,80.45,7.1429,12.6437,0.5649,True,,0.0,0.4347,0.4446,0.4504,4.8,0.9794,1.09,10.88,-0.2129,0,True,False,False,False,ISAT,WEAKENING,True,1,5,20.0,25.92,25.92,telecom,27,0.0,25.9,2,0.07407407407407407,0,0.0,0.5925925925925926,1,36.81,0.0,0.0,THIN,0.5486968449931413,0.0,54.86968449931413,False,,NO_ACTIVITY_CONTEXT,False,NO_INVESTIGATION,False,,,0,0,0,0,0,0,0.0,21.92,,
2026-07-01,1795.0,83.03,6.8571,12.6437,0.5423,True,,0.0,0.4126,0.4175,0.6422,8.04,0.6061,1.1152,87.26,0.2151,0,True,False,False,False,ISAT,WEAKENING,True,1,5,20.0,34.69,34.69,telecom,27,0.0,0.0,1,0.037037037037037035,0,0.0,0.8518518518518519,1,0.0,0.0,1.0,THIN,0.8203017832647462,1.0,82.03017832647463,False,,NO_ACTIVITY_CONTEXT,False,NO_INVESTIGATION,False,,,0,0,0,0,0,0,0.0,30.69,,
2026-07-02,1825.0,70.07,8.2857,12.6437,0.6553,True,,0.0,0.7982,0.7941,0.836,31.32,0.9078,1.5401,0.0,-0.4932,0,True,False,False,False,ISAT,NO_INVESTIGATION,False,0,5,0.0,22.22,,telecom,27,0.0,0.0,1,0.037037037037037035,0,0.0,0.8888888888888888,1,0.0,0.0,1.0,THIN,0.8559670781893004,1.0,85.59670781893004,False,,NO_ACTIVITY_CONTEXT,False,NO_INVESTIGATION,False,,,0,0,0,0,0,0,0.0,22.22,,
2026-07-03,1985.0,0.0,19.7772,12.6437,1.5642,True,,100.0,4.6159,4.4022,2.5318,59.79,1.7362,1.1415,0.0,-0.3163,3,False,True,True,False,ISAT,NO_INVESTIGATION,False,0,5,0.0,38.97,,telecom,27,0.0,0.0,1,0.037037037037037035,0,0.0,1.0,1,0.0,0.0,1.0,THIN,0.962962962962963,1.0,96.2962962962963,True,96.2962962962963,STOCK_SPECIFIC_ACTIVITY,False,NO_INVESTIGATION,False,,,0,0,0,0,0,0,0.0,38.97,,
2026-07-06,1885.0,0.0,19.4521,12.6437,1.5385,True,,7.47,0.9614,0.9121,1.2236,0.0,0.7345,0.7685,0.0,-0.3917,1,False,False,False,False,ISAT,NO_INVESTIGATION,False,0,5,0.0,2.24,,telecom,27,0.0,0.0,0,0.0,0,0.0,0.9259259259259259,1,0.0,0.0,1.0,THIN,0.9259259259259259,1.0,92.5925925925926,True,92.5925925925926,STOCK_SPECIFIC_ACTIVITY,False,NO_INVESTIGATION,False,,,0,0,0,0,0,0,0.0,2.24,,
2026-07-07,1890.0,2.72,15.9151,12.6437,1.2587,True,,0.0,0.6972,0.6815,0.724,0.0,0.9167,0.6975,0.0,-0.3102,0,False,False,False,False,ISAT,NO_INVESTIGATION,False,0,5,0.0,0.68,,telecom,27,0.0,6.77,1,0.037037037037037035,1,0.037037037037037035,0.7037037037037037,1,0.0,0.0,1.0,THIN,0.6776406035665296,1.0,67.76406035665296,False,,NO_ACTIVITY_CONTEXT,False,NO_INVESTIGATION,False,,,0,0,0,0,0,0,0.0,0.68,,
2026-07-08,1850.0,7.03,14.8541,12.6437,1.1748,True,,0.0,0.4315,0.4252,0.5831,0.0,0.7374,0.6462,29.77,-0.0809,0,False,False,False,False,ISAT,NO_INVESTIGATION,False,0,5,0.0,4.73,,telecom,27,0.0,0.02,0,0.0,0,0.0,0.7407407407407407,1,0.0,0.0,1.0,THIN,0.7407407407407407,1.0,74.07407407407408,False,,NO_ACTIVITY_CONTEXT,False,NO_INVESTIGATION,False,,,0,0,0,0,0,0,0.0,4.73,,
2026-07-09,1880.0,32.68,11.9363,12.6437,0.9441,True,,4.19,0.8155,0.821,1.1374,10.32,0.7756,1.225,9.74,-0.2221,0,False,False,False,False,ISAT,NO_INVESTIGATION,False,0,5,0.0,11.95,,telecom,27,0.0,0.0,0,0.0,0,0.0,0.8518518518518519,1,0.0,0.0,1.0,THIN,0.8518518518518519,1.0,85.18518518518519,False,,NO_ACTIVITY_CONTEXT,False,NO_INVESTIGATION,False,,,0,0,0,0,0,0,0.0,11.95,,
2026-07-10,1820.0,64.74,8.7766,12.3865,0.7086,True,,0.0,0.6389,0.6396,0.8166,9.66,0.7738,1.2106,12.85,-0.1972,0,True,False,False,False,ISAT,NO_INVESTIGATION,False,0,5,0.0,18.92,,telecom,27,0.0,0.0,0,0.0,0,0.0,0.7777777777777778,1,1.46,0.0,0.0,THIN,0.7777777777777778,0.0,77.77777777777779,False,,NO_ACTIVITY_CONTEXT,False,NO_INVESTIGATION,False,,,0,0,0,0,0,0,0.0,18.92,,
2026-07-13,1840.0,89.44,5.6757,12.1294,0.4679,True,,0.0,0.4902,0.4778,0.5162,0.0,0.937,0.8838,5.94,-0.2525,0,True,False,False,False,ISAT,NO_INVESTIGATION,False,0,5,0.0,22.95,,telecom,27,0.0,0.0,2,0.07407407407407407,0,0.0,0.7777777777777778,1,0.0,0.0,1.0,THIN,0.720164609053498,1.0,72.0164609053498,False,,NO_ACTIVITY_CONTEXT,False,NO_INVESTIGATION,False,,,0,0,0,0,0,0,0.0,22.95,,
2026-07-14,1860.0,90.16,5.1351,12.0329,0.4268,True,,10.84,1.1037,1.0611,1.1533,0.0,0.9553,0.9617,38.0,-0.048,0,True,False,False,False,ISAT,NO_INVESTIGATION,False,0,5,0.0,29.59,,telecom,27,4.74,24.61,6,0.2222222222222222,0,0.0,0.5925925925925926,1,0.0,0.0,1.0,THIN,0.46090534979423864,1.0,46.090534979423865,False,,NO_ACTIVITY_CONTEXT,False,NO_INVESTIGATION,False,,,0,0,0,0,0,0,0.0,29.59,,
2026-07-15,1895.0,85.9,5.6452,10.9969,0.5133,True,,2.75,1.0628,1.0058,0.9251,16.86,1.1842,1.0749,2.45,-0.2804,0,True,False,False,False,ISAT,NO_INVESTIGATION,False,0,5,0.0,25.07,,telecom,27,3.06,20.625,3,0.1111111111111111,2,0.07407407407407407,0.48148148148148145,1,22.44,0.0,0.0,THIN,0.42798353909465014,0.0,42.798353909465014,False,,NO_ACTIVITY_CONTEXT,False,NO_INVESTIGATION,False,,,0,0,0,0,0,0,0.0,25.07,,
2026-07-16,1885.0,69.5,6.1828,9.417,0.6566,True,,7.47,1.1242,1.0771,0.7342,48.95,1.561,1.1504,52.77,0.0139,0,True,False,False,False,ISAT,NO_INVESTIGATION,False,0,5,0.0,32.24,,telecom,27,2.62,37.715,5,0.18518518518518517,2,0.07407407407407407,0.5555555555555556,1,0.0,0.0,1.0,THIN,0.4526748971193416,1.0,45.26748971193416,False,,NO_ACTIVITY_CONTEXT,False,NO_INVESTIGATION,False,,,0,0,0,0,0,0,0.0,32.24,,
2026-07-17,1900.0,62.77,6.1008,8.5312,0.7151,True,,0.0,0.9608,0.917,0.691,55.42,1.4664,1.3999,73.76,0.1251,0,True,False,False,False,ISAT,NO_INVESTIGATION,False,0,5,0.0,31.38,,telecom,27,10.93,54.2,8,0.2962962962962963,2,0.07407407407407407,0.3333333333333333,1,29.85,0.0,0.0,THIN,0.2345679012345679,0.0,23.456790123456788,False,,NO_ACTIVITY_CONTEXT,False,NO_INVESTIGATION,False,,,0,0,0,0,0,0,0.0,31.38,,
2026-07-20,1910.0,52.51,6.3325,7.8256,0.8092,True,,0.0,0.6102,0.5777,0.6936,0.0,0.9415,0.8725,39.77,-0.0409,0,False,False,False,False,ISAT,NO_INVESTIGATION,False,0,5,0.0,17.1,,telecom,27,31.73,51.675,7,0.25925925925925924,2,0.07407407407407407,0.18518518518518517,1,28.85,0.0,0.0,THIN,0.1371742112482853,0.0,13.71742112482853,False,,NO_ACTIVITY_CONTEXT,False,NO_INVESTIGATION,False,,,0,0,0,0,0,0,0.0,17.1,,
2026-07-21,1945.0,33.44,6.8421,7.2541,0.9432,True,,8.73,1.1352,1.0966,0.7455,44.16,1.6636,0.9844,7.7,-0.2384,0,False,False,False,False,ISAT,NO_INVESTIGATION,False,0,5,0.0,18.37,,telecom,27,21.74,66.245,9,0.3333333333333333,5,0.18518518518518517,0.2962962962962963,1,18.04,0.0,0.0,THIN,0.19753086419753088,0.0,19.75308641975309,False,,NO_ACTIVITY_CONTEXT,False,NO_INVESTIGATION,False,,,0,0,0,0,0,0,0.0,18.37,,
2026-07-22,1925.0,47.06,6.0209,7.0,0.8601,True,,0.0,0.9314,0.9089,0.694,40.66,1.5356,1.0533,0.0,-0.3495,0,False,False,False,False,ISAT,NO_INVESTIGATION,False,0,5,0.0,17.86,,telecom,27,44.55,85.55000000000001,13,0.48148148148148145,3,0.1111111111111111,0.14814814814814814,1,66.89,1.0,0.0,THIN,0.07681755829903979,0.0,7.681755829903978,False,,NO_ACTIVITY_CONTEXT,False,NO_INVESTIGATION,False,,,0,0,0,0,0,0,0.0,17.86,,
2026-07-23,1935.0,46.41,5.974,6.8496,0.8722,True,,14.16,1.1918,1.1581,0.9081,45.02,1.6148,1.0621,8.3,-0.2336,0,False,False,False,False,ISAT,NO_INVESTIGATION,False,0,5,0.0,23.43,,telecom,27,50.68,81.85,14,0.5185185185185185,2,0.07407407407407407,0.2222222222222222,1,0.57,0.0,1.0,THIN,0.10699588477366255,1.0,10.699588477366255,False,,NO_ACTIVITY_CONTEXT,False,NO_INVESTIGATION,False,,,0,0,0,0,0,0,0.0,23.43,,
2026-07-24,1950.0,85.35,4.1344,6.5873,0.6276,True,,5.71,1.0758,1.0572,0.8295,65.21,1.6807,1.3382,36.14,-0.0554,0,True,False,False,False,ISAT,NO_INVESTIGATION,False,0,5,0.0,36.45,,telecom,27,11.43,44.915,6,0.2222222222222222,1,0.037037037037037035,0.4444444444444444,1,0.0,0.0,1.0,THIN,0.345679012345679,1.0,34.5679012345679,False,,NO_ACTIVITY_CONTEXT,False,NO_INVESTIGATION,False,,,0,0,0,0,0,0,0.0,36.45,,
2026-07-27,1915.0,66.81,4.9096,6.5873,0.7453,True,,0.0,0.6781,0.6667,0.7696,18.58,1.1766,1.1194,0.0,-0.473,0,True,False,False,False,ISAT,NO_INVESTIGATION,False,0,5,0.0,19.49,,telecom,27,0.0,14.01,1,0.037037037037037035,0,0.0,0.5925925925925926,1,0.0,0.0,1.0,THIN,0.5706447187928669,1.0,57.06447187928669,False,,NO_ACTIVITY_CONTEXT,False,NO_INVESTIGATION,False,,,0,0,0,0,0,0,0.0,19.49,,
2026-07-28,1950.0,64.06,4.9096,6.5873,0.7453,True,,62.62,1.4497,1.4018,1.6603,5.35,1.0834,0.9885,39.65,-0.0414,3,True,True,True,True,ISAT,EMERGING,True,1,5,20.0,43.57,43.57,telecom,27,0.0,4.82,1,0.037037037037037035,1,0.037037037037037035,1.0,1,0.0,0.0,1.0,THIN,0.962962962962963,1.0,96.2962962962963,True,96.2962962962963,STOCK_SPECIFIC_ACTIVITY,True,EMERGING,True,ISAT-20260728-02,2026-07-28,1,1,1,1,1,0,20.0,43.57,43.57,
2026-07-29,1900.0,20.01,6.4599,6.2576,1.0323,True,,93.76,1.786,1.7898,2.4774,0.0,0.8678,0.8535,23.92,-0.1086,3,False,True,True,False,ISAT,WEAKENING,True,1,5,20.0,39.52,39.52,telecom,27,2.68,28.005,3,0.1111111111111111,1,0.037037037037037035,1.0,1,0.0,0.0,1.0,THIN,0.8888888888888888,1.0,88.88888888888889,True,88.88888888888889,STOCK_SPECIFIC_ACTIVITY,False,WEAKENING,True,ISAT-20260728-02,2026-07-28,2,1,1,1,1,1,20.0,39.52,39.52,
2026-07-30,1925.0,19.24,6.4935,6.2576,1.0377,True,,18.56,1.0708,1.0576,1.3659,23.47,0.9186,1.3983,69.54,0.0977,1,False,False,False,False,ISAT,WEAKENING,True,1,5,20.0,24.85,24.85,telecom,27,0.45,16.86,2,0.07407407407407407,0,0.0,0.8148148148148148,1,7.6,0.0,1.0,THIN,0.7544581618655692,1.0,75.44581618655693,True,75.44581618655693,STOCK_SPECIFIC_ACTIVITY,False,CLOSED,False,ISAT-20260728-02,2026-07-28,3,1,1,1,1,2,20.0,24.85,,TWO_UNSUPPORTED_SESSIONS
2026-07-31,1900.0,17.96,6.5274,6.2576,1.0431,True,,20.51,1.1134,1.1142,1.2783,5.5,1.0321,1.0629,3.24,-0.2741,1,False,False,False,False,ISAT,WEAKENING,True,1,5,20.0,15.79,15.79,telecom,27,9.39,62.57,8,0.2962962962962963,3,0.1111111111111111,0.5555555555555556,1,0.78,0.0,1.0,THIN,0.3909465020576132,1.0,39.09465020576132,True,39.09465020576132,MIXED_CONTEXT,False,NO_INVESTIGATION,False,,,0,0,0,0,0,0,0.0,11.79,,
2026-08-03,1905.0,16.26,6.5617,6.2576,1.0486,True,,36.45,1.2614,1.2552,1.1858,21.43,1.2856,0.778,43.4,-0.0264,2,False,False,True,False,ISAT,WEAKENING,True,1,5,20.0,26.55,26.55,telecom,27,13.11,61.47,9,0.3333333333333333,1,0.037037037037037035,0.6666666666666666,1,27.03,0.0,1.0,THIN,0.4444444444444445,1.0,44.44444444444445,True,44.44444444444445,MIXED_CONTEXT,False,NO_INVESTIGATION,False,,,0,0,0,0,0,0,0.0,22.55,,
2026-08-04,1990.0,0.0,8.6614,6.2576,1.3841,True,,86.3,1.8838,1.8343,1.6358,22.46,1.2975,0.8081,58.98,0.0449,3,False,True,True,False,ISAT,NO_INVESTIGATION,False,0,5,0.0,35.16,,telecom,27,10.55,26.145000000000003,5,0.18518518518518517,0,0.0,0.9629629629629629,1,2.33,0.0,1.0,THIN,0.7846364883401921,1.0,78.46364883401921,True,78.46364883401921,STOCK_SPECIFIC_ACTIVITY,False,NO_INVESTIGATION,False,,,0,0,0,0,0,0,0.0,35.16,,
2026-08-05,1900.0,0.0,8.1365,6.2576,1.3003,True,,100.0,4.0723,4.0586,3.692,17.04,1.2534,0.7063,18.66,-0.1507,3,False,True,True,False,ISAT,NO_INVESTIGATION,False,0,5,0.0,34.42,,telecom,27,40.75,82.745,12,0.4444444444444444,1,0.037037037037037035,1.0,1,20.63,0.0,1.0,THIN,0.5555555555555556,1.0,55.55555555555556,True,55.55555555555556,MIXED_CONTEXT,False,NO_INVESTIGATION,False,,,0,0,0,0,0,0,0.0,34.42,,
2026-08-06,1900.0,0.0,8.1579,6.2576,1.3037,True,,86.08,1.78,1.8088,1.8649,0.0,0.9868,0.6072,29.29,-0.0828,3,False,True,True,False,ISAT,NO_INVESTIGATION,False,0,5,0.0,28.75,,telecom,27,18.02,56.93,10,0.37037037037037035,0,0.0,1.0,1,41.42,0.0,1.0,THIN,0.6296296296296297,1.0,62.96296296296296,True,62.96296296296296,MIXED_CONTEXT,False,NO_INVESTIGATION,False,,,0,0,0,0,0,0,0.0,28.75,,
2026-08-07,2170.0,0.0,19.685,6.2576,3.1458,True,,100.0,7.9071,7.0809,5.1921,41.21,1.5859,0.6264,92.7,0.2514,3,False,True,True,False,ISAT,NO_INVESTIGATION,False,0,5,0.0,45.45,,telecom,27,0.0,28.735,4,0.14814814814814814,0,0.0,1.0,1,0.0,0.0,1.0,THIN,0.8518518518518519,1.0,85.18518518518519,True,85.18518518518519,STOCK_SPECIFIC_ACTIVITY,False,NO_INVESTIGATION,False,,,0,0,0,0,0,0,0.0,45.45,,
2026-08-10,2100.0,0.0,19.3467,6.2576,3.0917,True,,100.0,5.9623,5.2393,5.9556,0.0,0.9341,0.6995,33.39,-0.0664,3,False,True,True,False,ISAT,NO_INVESTIGATION,False,0,5,0.0,33.34,,telecom,27,12.47,68.595,8,0.2962962962962963,3,0.1111111111111111,1.0,1,23.98,0.0,1.0,THIN,0.7037037037037037,1.0,70.37037037037037,True,70.37037037037037,STOCK_SPECIFIC_ACTIVITY,False,NO_INVESTIGATION,False,,,0,0,0,0,0,0,0.0,33.34,,
2026-08-11,2150.0,0.0,18.3333,6.3962,2.8663,True,,95.57,3.8918,3.4368,2.0004,48.28,1.7146,0.8192,64.9,0.0745,3,False,True,True,False,ISAT,NO_INVESTIGATION,False,0,5,0.0,42.4,,telecom,27,2.88,13.344999999999999,2,0.07407407407407407,0,0.0,1.0,1,3.22,0.0,1.0,THIN,0.9259259259259259,1.0,92.5925925925926,True,92.5925925925926,STOCK_SPECIFIC_ACTIVITY,False,NO_INVESTIGATION,False,,,0,0,0,0,0,0,0.0,42.4,,
2026-08-12,2460.0,0.0,34.6512,6.4767,5.3501,True,,100.0,14.1868,11.0383,7.4475,41.2,1.5441,0.6945,51.9,0.0095,3,False,True,True,False,ISAT,NO_INVESTIGATION,False,0,5,0.0,41.37,,telecom,27,0.0,9.42,1,0.037037037037037035,0,0.0,1.0,1,28.77,0.0,1.0,THIN,0.962962962962963,1.0,96.2962962962963,True,96.2962962962963,STOCK_SPECIFIC_ACTIVITY,False,NO_INVESTIGATION,False,,,0,0,0,0,0,0,0.0,41.37,,
2026-08-13,2470.0,0.0,33.1797,6.5105,5.0964,True,,96.67,5.4905,4.2246,2.4225,50.31,1.7747,0.7149,14.44,-0.1844,3,False,True,True,False,ISAT,NO_INVESTIGATION,False,0,5,0.0,37.99,,telecom,27,0.0,3.51,1,0.037037037037037035,0,0.0,1.0,1,0.0,0.0,1.0,THIN,0.962962962962963,1.0,96.2962962962963,True,96.2962962962963,STOCK_SPECIFIC_ACTIVITY,False,NO_INVESTIGATION,False,,,0,0,0,0,0,0,0.0,37.99,,
2026-08-14,2540.0,0.0,20.7317,6.5445,3.1678,True,,98.35,7.2741,5.5134,3.0597,54.97,1.9093,0.9359,0.0,-0.3127,3,False,True,True,False,ISAT,NO_INVESTIGATION,False,0,5,0.0,37.75,,telecom,27,0.0,1.06,2,0.07407407407407407,0,0.0,1.0,1,0.0,0.0,1.0,THIN,0.9259259259259259,1.0,92.5925925925926,True,92.5925925925926,STOCK_SPECIFIC_ACTIVITY,False,NO_INVESTIGATION,False,,,0,0,0,0,0,0,0.0,37.75,,
2026-08-18,2600.0,0.0,23.0769,6.7019,3.4433,True,,100.0,10.6149,7.8062,4.5839,57.89,2.0022,0.6606,0.0,-0.4036,3,False,True,True,False,ISAT,NO_INVESTIGATION,False,0,5,0.0,38.68,,telecom,27,2.79,22.799999999999997,4,0.14814814814814814,1,0.037037037037037035,1.0,1,0.0,0.0,1.0,THIN,0.8518518518518519,1.0,85.18518518518519,True,85.18518518518519,STOCK_SPECIFIC_ACTIVITY,False,NO_INVESTIGATION,False,,,0,0,0,0,0,0,0.0,38.68,,
2026-08-19,2740.0,0.0,26.7717,7.4893,3.5747,True,,100.0,8.2838,5.851,4.6688,32.81,1.4652,0.8051,27.5,-0.09,3,False,True,True,False,ISAT,NO_INVESTIGATION,False,0,5,0.0,37.67,,telecom,27,0.0,27.994999999999997,6,0.2222222222222222,0,0.0,1.0,1,0.0,0.0,1.0,THIN,0.7777777777777778,1.0,77.77777777777779,True,77.77777777777779,STOCK_SPECIFIC_ACTIVITY,False,NO_INVESTIGATION,False,,,0,0,0,0,0,0,0.0,37.67,,
2026-08-20,2730.0,0.0,16.1538,8.1472,1.9828,True,,65.51,2.741,1.9249,1.3871,29.86,1.4316,0.8139,1.34,-0.2893,3,False,True,True,False,ISAT,NO_INVESTIGATION,False,0,5,0.0,24.27,,telecom,27,10.87,68.375,9,0.3333333333333333,1,0.037037037037037035,0.7407407407407407,1,0.0,0.0,1.0,THIN,0.4938271604938272,1.0,49.38271604938272,True,49.38271604938272,MIXED_CONTEXT,False,NO_INVESTIGATION,False,,,0,0,0,0,0,0,0.0,24.27,,
2026-08-21,2720.0,0.0,13.2353,8.4097,1.5738,True,,32.92,1.7237,1.3264,1.0526,44.62,1.716,1.0299,50.0,0.0,2,False,False,True,False,ISAT,NO_INVESTIGATION,False,0,5,0.0,21.57,,telecom,27,0.0,22.455,3,0.1111111111111111,1,0.037037037037037035,0.8518518518518519,1,0.0,0.0,1.0,THIN,0.757201646090535,1.0,75.7201646090535,True,75.7201646090535,STOCK_SPECIFIC_ACTIVITY,False,NO_INVESTIGATION,False,,,0,0,0,0,0,0,0.0,21.57,,
2026-08-24,2630.0,15.24,11.7647,10.9484,1.0746,True,,48.96,1.6823,1.398,1.648,23.85,1.3926,0.7744,0.0,-0.3353,3,False,False,True,False,ISAT,NO_INVESTIGATION,False,0,5,0.0,22.08,,telecom,27,6.91,39.585,6,0.2222222222222222,0,0.0,0.7777777777777778,1,0.0,0.0,1.0,THIN,0.6049382716049383,1.0,60.49382716049383,True,60.49382716049383,MIXED_CONTEXT,False,NO_INVESTIGATION,False,,,0,0,0,0,0,0,0.0,22.08,,
2026-08-26,2480.0,13.38,13.6029,12.5,1.0882,True,,60.32,1.8034,1.7417,1.7407,20.52,1.3318,0.8456,7.16,-0.2427,3,False,True,True,False,ISAT,NO_INVESTIGATION,False,0,5,0.0,25.23,,telecom,27,50.01,74.195,14,0.5185185185185185,1,0.037037037037037035,0.6296296296296297,1,1.15,0.0,1.0,THIN,0.3031550068587106,1.0,30.31550068587106,True,30.31550068587106,MARKET_WIDE_ACTIVITY,False,NO_INVESTIGATION,False,,,0,0,0,0,0,0,0.0,25.23,,
2026-08-27,2610.0,25.77,13.308,13.4191,0.9917,True,,0.0,0.8821,0.8678,0.8459,6.27,1.1009,0.7837,0.46,-0.2963,0,False,False,False,False,ISAT,NO_INVESTIGATION,False,0,5,0.0,7.43,,telecom,27,0.0,54.835,8,0.2962962962962963,2,0.07407407407407407,0.5185185185185185,1,63.26,1.0,0.0,THIN,0.36488340192043894,0.0,36.48834019204389,False,,NO_ACTIVITY_CONTEXT,False,NO_INVESTIGATION,False,,,0,0,0,0,0,0,0.0,7.43,,
2026-08-28,2530.0,25.12,13.41,13.4555,0.9966,True,,9.06,1.1071,1.1066,1.0746,0.71,1.0109,0.9679,0.0,-0.4055,0,False,False,False,False,ISAT,NO_INVESTIGATION,False,0,5,0.0,9.1,,telecom,27,0.0,48.61,7,0.25925925925925924,2,0.07407407407407407,0.6666666666666666,1,0.0,0.0,1.0,THIN,0.49382716049382713,1.0,49.382716049382715,False,,NO_ACTIVITY_CONTEXT,False,NO_INVESTIGATION,False,,,0,0,0,0,0,0,0.0,9.1,,
2026-08-31,2500.0,41.29,11.8577,13.5065,0.8779,True,,0.0,0.6921,0.6744,0.5292,20.41,1.2872,0.9504,23.92,-0.1087,0,False,False,False,False,ISAT,NO_INVESTIGATION,False,0,5,0.0,15.78,,telecom,27,69.98,80.765,17,0.6296296296296297,4,0.14814814814814814,0.18518518518518517,1,70.0,1.0,0.0,THIN,0.06858710562414265,0.0,6.858710562414265,False,,NO_ACTIVITY_CONTEXT,False,NO_INVESTIGATION,False,,,0,0,0,0,0,0,0.0,15.78,,
2026-09-01,2390.0,65.6,9.2,13.5065,0.6812,True,,54.42,1.4566,1.4702,1.9498,0.0,0.7325,0.867,0.0,-0.3159,3,True,True,True,True,ISAT,EMERGING,True,1,5,20.0,36.73,36.73,telecom,27,54.42,84.5,14,0.5185185185185185,2,0.07407407407407407,0.5185185185185185,1,1.58,0.0,1.0,THIN,0.2496570644718793,1.0,24.96570644718793,True,24.96570644718793,MARKET_WIDE_ACTIVITY,True,EMERGING,True,ISAT-20260901-03,2026-09-01,1,1,1,1,1,0,20.0,36.73,36.73,
2026-09-02,2360.0,44.16,11.6,13.5065,0.8588,True,,16.25,0.9876,1.0367,1.5263,0.0,0.6516,0.8485,40.64,-0.0375,1,False,False,False,False,ISAT,WEAKENING,True,1,5,20.0,23.98,23.98,telecom,27,17.97,62.275000000000006,8,0.2962962962962963,0,0.0,0.48148148148148145,1,40.67,0.0,0.0,THIN,0.3388203017832647,0.0,33.882030178326474,True,33.882030178326474,MIXED_CONTEXT,True,DEVELOPING,True,ISAT-20260901-03,2026-09-01,2,1,2,2,1,0,40.0,27.98,27.98,
2026-09-03,2420.0,40.37,11.9835,13.5065,0.8872,True,,0.0,0.8315,0.8258,0.7258,4.4,1.0634,0.6338,0.0,-0.3811,0,False,False,False,False,ISAT,WEAKENING,True,1,5,20.0,14.75,14.75,telecom,27,32.28,69.175,9,0.3333333333333333,1,0.037037037037037035,0.2222222222222222,1,2.12,0.0,0.0,THIN,0.14814814814814817,0.0,14.814814814814817,False,,NO_ACTIVITY_CONTEXT,False,WEAKENING,True,ISAT-20260901-03,2026-09-01,3,1,2,2,1,1,40.0,18.75,18.75,
2026-09-04,2390.0,52.02,10.8787,13.5065,0.8054,True,,0.0,0.7237,0.7316,0.6422,13.62,1.0413,1.1028,0.0,-0.3204,0,False,False,False,False,ISAT,WEAKENING,True,1,5,20.0,19.05,19.05,telecom,27,0.0,24.19,5,0.18518518518518517,1,0.037037037037037035,0.5185185185185185,1,2.77,0.0,0.0,THIN,0.4224965706447188,0.0,42.249657064471876,False,,NO_ACTIVITY_CONTEXT,False,CLOSED,False,ISAT-20260901-03,2026-09-01,4,1,2,2,1,2,40.0,23.05,,TWO_UNSUPPORTED_SESSIONS
2026-09-07,2350.0,65.2,9.6234,13.5065,0.7125,True,,0.0,0.605,0.6153,0.6368,7.3,0.9127,1.0751,0.0,-0.6064,0,True,False,False,False,ISAT,WEAKENING,True,1,5,20.0,21.39,21.39,telecom,27,0.77,43.894999999999996,6,0.2222222222222222,2,0.07407407407407407,0.4444444444444444,1,0.0,0.0,1.0,THIN,0.345679012345679,1.0,34.5679012345679,False,,NO_ACTIVITY_CONTEXT,False,NO_INVESTIGATION,False,,,0,0,0,0,0,0,0.0,17.39,,
2026-09-08,2360.0,93.64,5.5085,13.5065,0.4078,True,,0.0,0.5021,0.5106,0.6254,0.0,0.7712,0.6839,0.0,-0.3027,0,True,False,False,False,ISAT,NO_INVESTIGATION,False,0,5,0.0,23.41,,telecom,27,21.11,72.91999999999999,10,0.37037037037037035,1,0.037037037037037035,0.25925925925925924,1,87.58,1.0,0.0,THIN,0.16323731138545952,0.0,16.323731138545952,False,,NO_ACTIVITY_CONTEXT,False,NO_INVESTIGATION,False,,,0,0,0,0,0,0,0.0,23.41,,
2026-09-09,2400.0,91.16,6.6946,13.359,0.5011,True,,63.74,1.5802,1.5902,1.6306,0.68,1.0063,0.6355,18.57,-0.1514,3,True,True,True,True,ISAT,EMERGING,True,1,5,20.0,47.87,47.87,telecom,27,51.62,75.14,14,0.5185185185185185,4,0.14814814814814814,0.7037037037037037,1,49.55,0.0,1.0,THIN,0.3388203017832648,1.0,33.88203017832648,True,33.88203017832648,MARKET_WIDE_ACTIVITY,True,EMERGING,True,ISAT-20260909-04,2026-09-09,1,1,1,1,1,0,20.0,47.87,47.87,
2026-09-10,2400.0,86.87,7.113,13.2716,0.536,True,,85.47,2.4639,2.4736,1.5927,49.94,1.6007,0.9737,0.0,-0.3453,3,True,True,True,True,ISAT,DEVELOPING,True,2,5,40.0,62.85,62.85,telecom,27,23.38,67.435,12,0.4444444444444444,2,0.07407407407407407,0.8148148148148148,1,7.36,0.0,1.0,THIN,0.45267489711934156,1.0,45.267489711934154,True,45.267489711934154,MIXED_CONTEXT,True,DEVELOPING,True,ISAT-20260909-04,2026-09-09,2,2,2,2,2,0,40.0,62.85,62.85,
2026-09-11,2430.0,83.39,7.0833,12.6094,0.5618,True,,18.62,1.2522,1.2652,0.7908,64.84,1.5274,1.2444,65.16,0.0758,2,True,False,True,False,ISAT,WEAKENING,True,2,5,40.0,50.68,50.68,telecom,27,18.62,50.334999999999994,7,0.25925925925925924,0,0.0,0.5185185185185185,1,7.49,0.0,1.0,THIN,0.38408779149519884,1.0,38.40877914951989,True,38.40877914951989,MIXED_CONTEXT,True,DEVELOPING,True,ISAT-20260909-04,2026-09-09,3,2,3,3,2,0,60.0,54.68,54.68,
2026-09-14,2380.0,72.95,7.9167,11.9206,0.6641,True,,18.46,1.2359,1.2698,0.9883,33.57,1.3714,1.0188,24.57,-0.1034,2,True,False,True,False,ISAT,WEAKENING,True,2,5,40.0,39.27,39.27,telecom,27,26.07,74.15,11,0.4074074074074074,0,0.0,0.4444444444444444,1,64.41,1.0,0.0,THIN,0.2633744855967078,0.0,26.33744855967078,True,26.33744855967078,MIXED_CONTEXT,True,ESTABLISHED,True,ISAT-20260909-04,2026-09-09,4,2,4,4,2,0,80.0,47.27,47.27,
2026-09-15,2390.0,72.56,7.9167,11.8112,0.6703,True,,0.0,0.5234,0.5534,0.6074,15.08,0.9821,1.2356,67.8,0.089,0,True,False,False,False,ISAT,WEAKENING,True,2,5,40.0,35.18,35.18,telecom,27,0.0,11.379999999999999,4,0.14814814814814814,0,0.0,0.5185185185185185,1,72.66,1.0,0.0,THIN,0.44170096021947874,0.0,44.17009602194788,False,,NO_ACTIVITY_CONTEXT,False,WEAKENING,True,ISAT-20260909-04,2026-09-09,5,2,4,4,2,1,80.0,43.18,43.18,
2026-09-16,2360.0,71.74,7.9498,11.6824,0.6805,True,,0.0,0.4642,0.4781,0.4242,28.06,1.1774,1.1053,9.64,-0.2229,0,True,False,False,False,ISAT,WEAKENING,True,1,5,20.0,27.11,27.11,telecom,27,0.0,19.835,2,0.07407407407407407,0,0.0,0.5185185185185185,1,0.0,0.0,1.0,THIN,0.4801097393689986,1.0,48.01097393689986,False,,NO_ACTIVITY_CONTEXT,False,CLOSED,False,ISAT-20260909-04,2026-09-09,6,2,4,3,1,2,60.0,35.11,,TWO_UNSUPPORTED_SESSIONS
2026-09-17,2370.0,81.78,6.7227,11.2393,0.5981,True,,0.0,0.6792,0.713,0.6049,34.8,1.1853,1.1802,75.14,0.1343,0,True,False,False,False,ISAT,NO_INVESTIGATION,False,0,5,0.0,33.18,,telecom,27,0.0,8.625,3,0.1111111111111111,0,0.0,0.6666666666666666,1,16.44,0.0,0.0,THIN,0.5925925925925926,0.0,59.25925925925925,False,,NO_ACTIVITY_CONTEXT,False,NO_INVESTIGATION,False,,,0,0,0,0,0,0,0.0,33.18,,
2026-09-18,2370.0,86.31,5.4852,10.251,0.5351,True,,1.98,0.9716,1.0622,0.4621,94.09,2.1757,1.6501,53.2,0.016,0,True,False,False,False,ISAT,NO_INVESTIGATION,False,0,5,0.0,41.61,,telecom,27,48.09,72.95,12,0.4444444444444444,1,0.037037037037037035,0.18518518518518517,1,94.68,1.0,0.0,THIN,0.102880658436214,0.0,10.2880658436214,False,,NO_ACTIVITY_CONTEXT,False,NO_INVESTIGATION,False,,,0,0,0,0,0,0,0.0,41.61,,
2026-09-21,2310.0,80.81,5.4852,9.4117,0.5828,True,,1.67,0.7496,0.7862,1.0537,26.31,0.7653,1.4428,54.01,0.0201,0,True,False,False,False,ISAT,NO_INVESTIGATION,False,0,5,0.0,30.05,,telecom,27,0.0,3.005,2,0.07407407407407407,0,0.0,0.7407407407407407,1,21.25,0.0,0.0,THIN,0.6858710562414265,0.0,68.58710562414265,False,,NO_ACTIVITY_CONTEXT,False,NO_INVESTIGATION,False,,,0,0,0,0,0,0,0.0,30.05,,
2026-09-22,2410.0,54.73,6.7511,8.5749,0.7873,True,,64.76,1.8816,1.8759,1.2521,46.69,1.5433,1.1139,59.53,0.0476,3,False,True,True,False,ISAT,NO_INVESTIGATION,False,0,5,0.0,46.07,,telecom,27,2.89,15.330000000000002,4,0.14814814814814814,0,0.0,0.8888888888888888,1,42.49,0.0,1.0,THIN,0.757201646090535,1.0,75.7201646090535,True,75.7201646090535,STOCK_SPECIFIC_ACTIVITY,True,NO_INVESTIGATION,False,,,0,0,0,0,0,0,0.0,46.07,,
2026-09-23,2420.0,46.7,6.7511,7.9332,0.851,True,,15.39,1.2178,1.2043,0.8764,29.87,1.4057,0.9388,0.0,-0.3749,2,False,False,True,False,ISAT,NO_INVESTIGATION,False,0,5,0.0,20.77,,telecom,27,0.0,4.3549999999999995,2,0.07407407407407407,0,0.0,0.8148148148148148,1,69.99,1.0,0.0,THIN,0.7544581618655692,0.0,75.44581618655693,True,75.44581618655693,STOCK_SPECIFIC_ACTIVITY,True,NO_INVESTIGATION,False,,,0,0,0,0,0,0,0.0,20.77,,
2026-09-24,2400.0,49.86,6.6667,7.9167,0.8421,True,,0.0,0.6267,0.6235,0.5728,39.03,1.13,1.5713,4.6,-0.2632,0,False,False,False,False,ISAT,NO_INVESTIGATION,False,0,5,0.0,18.78,,telecom,27,0.0,0.0,2,0.07407407407407407,0,0.0,0.8148148148148148,1,25.33,0.0,0.0,THIN,0.7544581618655692,0.0,75.44581618655693,False,,NO_ACTIVITY_CONTEXT,False,NO_INVESTIGATION,False,,,0,0,0,0,0,0,0.0,18.78,,
2026-09-25,2350.0,43.25,6.6667,7.5148,0.8871,True,,0.0,0.6544,0.6538,0.6483,23.3,1.0008,1.4104,4.63,-0.2629,0,False,False,False,False,ISAT,NO_INVESTIGATION,False,0,5,0.0,14.77,,telecom,27,0.0,0.0,1,0.037037037037037035,0,0.0,0.7777777777777778,1,57.75,1.0,0.0,THIN,0.7489711934156379,0.0,74.8971193415638,False,,NO_ACTIVITY_CONTEXT,False,NO_INVESTIGATION,False,,,0,0,0,0,0,0,0.0,14.77,,
2026-09-28,2240.0,0.81,8.75,7.0982,1.2327,True,,0.0,0.6378,0.6671,0.8441,0.0,0.7247,0.7663,38.78,-0.0449,0,False,False,False,False,ISAT,NO_INVESTIGATION,False,0,5,0.0,4.08,,telecom,27,0.0,4.0649999999999995,1,0.037037037037037035,0,0.0,0.5555555555555556,1,24.59,0.0,0.0,THIN,0.5349794238683128,0.0,53.49794238683128,False,,NO_ACTIVITY_CONTEXT,False,NO_INVESTIGATION,False,,,0,0,0,0,0,0,0.0,4.08,,
2026-09-29,2300.0,0.0,10.6383,7.0982,1.4987,True,,0.0,0.6576,0.6799,0.7448,0.03,0.8965,1.0006,85.15,0.201,0,False,False,False,False,ISAT,NO_INVESTIGATION,False,0,5,0.0,8.52,,telecom,27,13.22,41.695,3,0.1111111111111111,0,0.0,0.3333333333333333,1,83.74,1.0,0.0,THIN,0.2962962962962963,0.0,29.629629629629626,False,,NO_ACTIVITY_CONTEXT,False,NO_INVESTIGATION,False,,,0,0,0,0,0,0,0.0,8.52,,
2026-06-12,740.0,0.0,18.4397,10.091,1.8273,True,,20.47,1.2838,1.2764,0.7493,74.13,1.8571,1.4158,0.0,-0.3875,2,False,False,True,False,KLBF,NO_INVESTIGATION,False,0,5,0.0,17.26,,healthcare,27,7.79,25.415,4,0.14814814814814814,0,0.0,0.7037037037037037,1,0.0,0.0,1.0,THIN,0.5994513031550068,1.0,59.945130315500684,True,59.945130315500684,MIXED_CONTEXT,False,NO_INVESTIGATION,False,,,0,0,0,0,0,0,0.0,17.26,,
2026-06-15,740.0,0.0,20.6897,11.9561,1.7305,True,,65.6,2.0621,2.0136,1.0383,76.84,2.1624,1.3733,0.0,-0.3223,2,False,True,True,False,KLBF,NO_INVESTIGATION,False,0,5,0.0,31.21,,healthcare,27,42.94,64.585,13,0.48148148148148145,0,0.0,0.7777777777777778,1,0.0,0.0,1.0,THIN,0.4032921810699589,1.0,40.32921810699589,True,40.32921810699589,MIXED_CONTEXT,False,NO_INVESTIGATION,False,,,0,0,0,0,0,0,0.0,31.21,,
2026-06-17,720.0,47.8,11.7241,13.9554,0.8401,True,,70.83,2.6757,2.6914,1.0292,67.09,2.8307,1.1657,0.0,-0.5431,2,False,True,True,False,KLBF,NO_INVESTIGATION,False,0,5,0.0,43.26,,healthcare,27,0.0,18.119999999999997,4,0.14814814814814814,0,0.0,0.9629629629629629,1,0.0,0.0,1.0,THIN,0.8203017832647462,1.0,82.03017832647463,True,82.03017832647463,STOCK_SPECIFIC_ACTIVITY,True,NO_INVESTIGATION,False,,,0,0,0,0,0,0,0.0,43.26,,
2026-06-18,710.0,54.99,11.0345,13.9554,0.7907,True,,37.6,1.48,1.5295,0.8152,93.21,1.9766,1.9534,0.0,-0.5096,2,False,False,True,False,KLBF,NO_INVESTIGATION,False,0,5,0.0,39.01,,healthcare,27,0.0,2.745,1,0.037037037037037035,0,0.0,0.9629629629629629,1,0.0,0.0,1.0,THIN,0.9272976680384087,1.0,92.72976680384087,True,92.72976680384087,STOCK_SPECIFIC_ACTIVITY,True,NO_INVESTIGATION,False,,,0,0,0,0,0,0,0.0,39.01,,
2026-06-19,700.0,55.17,11.1111,13.9554,0.7962,True,,66.7,2.3661,2.4205,0.4902,60.0,5.3634,0.9884,21.59,-0.1273,2,True,True,True,True,KLBF,EMERGING,True,1,5,20.0,48.96,48.96,healthcare,27,66.7,70.0,17,0.6296296296296297,6,0.2222222222222222,0.5185185185185185,1,70.61,1.0,0.0,THIN,0.19204389574759942,0.0,19.204389574759944,True,19.204389574759944,MARKET_WIDE_ACTIVITY,True,EMERGING,True,KLBF-20260619-01,2026-06-19,1,1,1,1,1,0,20.0,48.96,48.96,
2026-06-22,680.0,7.69,14.7887,12.9209,1.1446,True,,30.92,1.3921,1.4368,1.0363,58.19,1.5871,1.3884,0.0,-0.3083,2,False,False,True,False,KLBF,WEAKENING,True,1,5,20.0,23.93,23.93,healthcare,27,0.0,14.54,1,0.037037037037037035,0,0.0,0.8888888888888888,1,0.0,0.0,1.0,THIN,0.8559670781893004,1.0,85.59670781893004,True,85.59670781893004,STOCK_SPECIFIC_ACTIVITY,False,WEAKENING,True,KLBF-20260619-01,2026-06-19,2,1,1,1,1,1,20.0,23.93,23.93,
2026-06-23,760.0,27.89,12.6761,12.9543,0.9785,True,,98.74,2.9849,2.9375,1.9397,39.65,1.6583,0.9463,8.2,-0.2344,3,False,True,True,False,KLBF,WEAKENING,True,1,5,20.0,47.36,47.36,healthcare,27,0.0,0.0,1,0.037037037037037035,0,0.0,1.0,1,0.0,0.0,1.0,THIN,0.962962962962963,1.0,96.2962962962963,True,96.2962962962963,STOCK_SPECIFIC_ACTIVITY,False,CLOSED,False,KLBF-20260619-01,2026-06-19,3,1,1,1,1,2,20.0,47.36,,TWO_UNSUPPORTED_SESSIONS
2026-06-24,765.0,6.86,15.493,13.4302,1.1536,True,,24.79,1.2577,1.1932,1.2214,20.55,1.0437,1.3603,0.0,-0.3178,2,False,False,True,False,KLBF,WEAKENING,True,1,5,20.0,16.23,16.23,healthcare,27,0.0,10.780000000000001,1,0.037037037037037035,0,0.0,0.8518518518518519,1,43.14,0.0,0.0,THIN,0.8203017832647462,0.0,82.03017832647463,True,82.03017832647463,STOCK_SPECIFIC_ACTIVITY,False,NO_INVESTIGATION,False,,,0,0,0,0,0,0,0.0,12.23,,
2026-06-25,780.0,4.63,17.1053,14.4866,1.1808,True,,53.42,1.6424,1.5263,1.3317,16.56,1.2765,0.9427,0.0,-0.4093,3,False,True,True,False,KLBF,WEAKENING,True,1,5,20.0,23.67,23.67,healthcare,27,0.0,12.219999999999999,5,0.18518518518518517,1,0.037037037037037035,0.9259259259259259,1,50.55,1.0,1.0,THIN,0.7544581618655694,0.0,75.44581618655694,True,75.44581618655694,STOCK_SPECIFIC_ACTIVITY,False,NO_INVESTIGATION,False,,,0,0,0,0,0,0,0.0,19.67,,
2026-06-26,790.0,6.7,16.9935,14.8619,1.1434,True,,0.0,0.8079,0.7502,0.73,26.0,1.1428,1.3266,8.15,-0.2348,0,False,False,False,False,KLBF,NO_INVESTIGATION,False,0,5,0.0,6.39,,healthcare,27,0.0,0.0,1,0.037037037037037035,0,0.0,0.8148148148148148,1,13.58,0.0,0.0,THIN,0.7846364883401921,0.0,78.46364883401921,False,,NO_ACTIVITY_CONTEXT,False,NO_INVESTIGATION,False,,,0,0,0,0,0,0,0.0,6.39,,
2026-06-29,780.0,6.14,17.3077,15.214,1.1376,True,,0.0,0.9191,0.8462,0.9205,9.91,0.9375,1.1801,0.0,-0.433,0,False,False,False,False,KLBF,NO_INVESTIGATION,False,0,5,0.0,3.02,,healthcare,27,0.0,0.0,1,0.037037037037037035,0,0.0,0.9629629629629629,1,0.0,0.0,1.0,THIN,0.9272976680384087,1.0,92.72976680384087,False,,NO_ACTIVITY_CONTEXT,False,NO_INVESTIGATION,False,,,0,0,0,0,0,0,0.0,3.02,,
2026-06-30,765.0,92.79,8.9744,15.5479,0.5772,True,,2.03,1.0447,0.9899,0.6325,36.54,1.5509,1.0351,40.02,-0.0399,0,True,False,False,False,KLBF,NO_INVESTIGATION,False,0,5,0.0,33.29,,healthcare,27,0.0,25.9,2,0.07407407407407407,0,0.0,0.6296296296296297,1,25.35,0.0,0.0,THIN,0.5829903978052127,0.0,58.29903978052127,False,,NO_ACTIVITY_CONTEXT,False,NO_INVESTIGATION,False,,,0,0,0,0,0,0,0.0,33.29,,
2026-07-01,765.0,92.79,8.9744,15.5479,0.5772,True,,0.0,0.3329,0.3215,0.602,4.02,0.5323,1.0798,18.35,-0.1532,0,True,False,False,False,KLBF,NO_INVESTIGATION,False,0,5,0.0,25.64,,healthcare,27,0.0,0.0,1,0.037037037037037035,0,0.0,0.8518518518518519,1,0.0,0.0,1.0,THIN,0.8203017832647462,1.0,82.03017832647463,False,,NO_ACTIVITY_CONTEXT,False,NO_INVESTIGATION,False,,,0,0,0,0,0,0,0.0,25.64,,
2026-07-02,745.0,91.74,9.1503,15.5479,0.5885,True,,0.0,0.7816,0.7734,0.8845,9.82,0.8822,1.1894,3.44,-0.2725,0,True,False,False,False,KLBF,NO_INVESTIGATION,False,0,5,0.0,24.75,,healthcare,27,0.0,0.0,1,0.037037037037037035,0,0.0,0.8888888888888888,1,0.0,0.0,1.0,THIN,0.8559670781893004,1.0,85.59670781893004,False,,NO_ACTIVITY_CONTEXT,False,NO_INVESTIGATION,False,,,0,0,0,0,0,0,0.0,24.75,,
2026-07-03,750.0,87.93,9.1503,15.5479,0.5885,True,,0.0,0.4562,0.4462,0.4531,6.94,1.0733,1.0395,18.02,-0.1558,0,True,False,False,False,KLBF,NO_INVESTIGATION,False,0,5,0.0,24.83,,healthcare,27,0.0,0.0,1,0.037037037037037035,0,0.0,0.7777777777777778,1,0.0,0.0,1.0,THIN,0.7489711934156379,1.0,74.8971193415638,False,,NO_ACTIVITY_CONTEXT,False,NO_INVESTIGATION,False,,,0,0,0,0,0,0,0.0,24.83,,
2026-07-06,750.0,94.2,8.0,15.1408,0.5284,True,,0.0,0.6696,0.6674,0.9448,1.22,0.7548,1.0226,54.24,0.0212,0,True,False,False,False,KLBF,NO_INVESTIGATION,False,0,5,0.0,29.16,,healthcare,27,0.0,0.0,0,0.0,0,0.0,0.8148148148148148,1,0.0,0.0,1.0,THIN,0.8148148148148148,1.0,81.48148148148148,False,,NO_ACTIVITY_CONTEXT,False,NO_INVESTIGATION,False,,,0,0,0,0,0,0,0.0,29.16,,
2026-07-07,745.0,95.42,6.6667,14.4866,0.4602,True,,0.0,0.6401,0.6377,0.857,0.0,0.7955,0.9769,7.55,-0.2396,0,True,False,False,False,KLBF,NO_INVESTIGATION,False,0,5,0.0,24.61,,healthcare,27,0.0,6.77,1,0.037037037037037035,1,0.037037037037037035,0.7037037037037037,1,6.11,0.0,0.0,THIN,0.6776406035665296,0.0,67.76406035665296,False,,NO_ACTIVITY_CONTEXT,False,NO_INVESTIGATION,False,,,0,0,0,0,0,0,0.0,24.61,,
2026-07-08,740.0,91.27,6.0403,13.4302,0.4498,True,,0.0,0.572,0.5721,0.7859,0.0,0.775,0.8463,9.41,-0.2247,0,True,False,False,False,KLBF,NO_INVESTIGATION,False,0,5,0.0,23.76,,healthcare,27,0.0,0.02,0,0.0,0,0.0,0.7407407407407407,1,37.18,0.0,0.0,THIN,0.7407407407407407,0.0,74.07407407407408,False,,NO_ACTIVITY_CONTEXT,False,NO_INVESTIGATION,False,,,0,0,0,0,0,0,0.0,23.76,,
2026-07-09,725.0,84.18,6.7114,12.2001,0.5501,True,,0.0,0.4745,0.4843,0.8277,0.0,0.6247,0.8975,4.73,-0.2622,0,True,False,False,False,KLBF,NO_INVESTIGATION,False,0,5,0.0,21.52,,healthcare,27,0.0,0.0,0,0.0,0,0.0,0.8148148148148148,1,47.01,0.0,0.0,THIN,0.8148148148148148,0.0,81.48148148148148,False,,NO_ACTIVITY_CONTEXT,False,NO_INVESTIGATION,False,,,0,0,0,0,0,0,0.0,21.52,,
2026-07-10,725.0,88.32,5.4054,11.4176,0.4734,True,,0.0,0.3546,0.3618,0.7398,0.0,0.5359,0.7352,28.17,-0.0873,0,True,False,False,False,KLBF,NO_INVESTIGATION,False,0,5,0.0,24.9,,healthcare,27,0.0,0.0,0,0.0,0,0.0,0.7777777777777778,1,0.0,0.0,1.0,THIN,0.7777777777777778,1.0,77.77777777777779,False,,NO_ACTIVITY_CONTEXT,False,NO_INVESTIGATION,False,,,0,0,0,0,0,0,0.0,24.9,,
2026-07-13,725.0,87.93,4.8276,11.0728,0.436,True,,0.0,0.492,0.5178,0.7378,0.0,0.7389,0.908,18.86,-0.1491,0,True,False,False,False,KLBF,NO_INVESTIGATION,False,0,5,0.0,23.87,,healthcare,27,0.0,0.0,2,0.07407407407407407,0,0.0,0.7777777777777778,1,0.0,0.0,1.0,THIN,0.720164609053498,1.0,72.0164609053498,False,,NO_ACTIVITY_CONTEXT,False,NO_INVESTIGATION,False,,,0,0,0,0,0,0,0.0,23.87,,
2026-07-14,730.0,87.93,4.8276,10.0924,0.4783,True,,0.0,0.7174,0.7684,0.977,0.0,0.7924,0.9533,76.85,0.1457,0,True,False,False,False,KLBF,NO_INVESTIGATION,False,0,5,0.0,29.67,,healthcare,27,4.74,24.61,6,0.2222222222222222,0,0.0,0.4074074074074074,1,23.66,0.0,0.0,THIN,0.3168724279835391,0.0,31.68724279835391,False,,NO_ACTIVITY_CONTEXT,False,NO_INVESTIGATION,False,,,0,0,0,0,0,0,0.0,29.67,,
2026-07-15,705.0,67.74,6.2069,9.1503,0.6783,True,,86.7,2.0158,2.1765,1.9011,13.1,1.181,0.5723,69.79,0.0989,3,True,True,True,True,KLBF,EMERGING,True,1,5,20.0,55.89,55.89,healthcare,27,3.06,20.625,3,0.1111111111111111,2,0.07407407407407407,1.0,1,13.34,0.0,1.0,THIN,0.8888888888888888,1.0,88.88888888888889,True,88.88888888888889,STOCK_SPECIFIC_ACTIVITY,True,EMERGING,True,KLBF-20260715-02,2026-07-15,1,1,1,1,1,0,20.0,55.89,55.89,
2026-07-16,720.0,66.61,6.2069,9.0623,0.6849,True,,41.61,1.2802,1.368,1.5555,4.21,0.9167,1.0781,69.65,0.0982,3,True,False,True,False,KLBF,WEAKENING,True,1,5,20.0,40.73,40.73,healthcare,27,2.62,37.715,5,0.18518518518518517,2,0.07407407407407407,0.8148148148148148,1,0.0,0.0,1.0,THIN,0.663923182441701,1.0,66.3923182441701,True,66.3923182441701,STOCK_SPECIFIC_ACTIVITY,True,DEVELOPING,True,KLBF-20260715-02,2026-07-15,2,1,2,2,1,0,40.0,44.73,44.73,
2026-07-17,760.0,35.73,8.2759,8.9744,0.9222,True,,60.34,1.5427,1.5947,1.6913,4.29,1.0627,0.9345,43.48,-0.0261,3,False,True,True,False,KLBF,WEAKENING,True,1,5,20.0,36.03,36.03,healthcare,27,10.93,54.2,8,0.2962962962962963,2,0.07407407407407407,0.8518518518518519,1,0.0,0.0,1.0,THIN,0.5994513031550068,1.0,59.945130315500684,True,59.945130315500684,MIXED_CONTEXT,False,WEAKENING,True,KLBF-20260715-02,2026-07-15,3,1,2,2,1,1,40.0,40.03,40.03,
2026-07-20,770.0,5.19,10.274,8.6251,1.1912,True,,21.95,1.1803,1.1799,1.28,2.46,1.032,0.9147,0.0,-0.4043,1,False,False,False,False,KLBF,WEAKENING,True,1,5,20.0,12.25,12.25,healthcare,27,31.73,51.675,7,0.25925925925925924,2,0.07407407407407407,0.37037037037037035,1,0.0,0.0,1.0,THIN,0.2743484224965706,1.0,27.43484224965706,True,27.43484224965706,MIXED_CONTEXT,False,CLOSED,False,KLBF-20260715-02,2026-07-15,4,1,2,2,1,2,40.0,16.25,,TWO_UNSUPPORTED_SESSIONS
2026-07-21,745.0,6.65,10.0671,8.6251,1.1672,True,,21.74,1.0256,1.0517,1.5712,0.0,0.7306,0.6466,0.0,-0.4196,1,False,False,False,False,KLBF,WEAKENING,True,1,5,20.0,12.18,12.18,healthcare,27,21.74,66.245,9,0.3333333333333333,5,0.18518518518518517,0.5185185185185185,1,6.71,0.0,1.0,THIN,0.34567901234567905,1.0,34.567901234567906,True,34.567901234567906,MIXED_CONTEXT,False,NO_INVESTIGATION,False,,,0,0,0,0,0,0,0.0,8.18,,
2026-07-22,730.0,12.34,9.396,8.6251,1.0894,True,,15.05,1.094,1.1471,1.2005,4.26,1.0463,0.9016,0.0,-0.3591,1,False,False,False,False,KLBF,NO_INVESTIGATION,False,0,5,0.0,8.24,,healthcare,27,44.55,85.55000000000001,13,0.48148148148148145,3,0.1111111111111111,0.2962962962962963,1,44.09,0.0,0.0,THIN,0.15363511659807957,0.0,15.363511659807957,True,15.363511659807957,MIXED_CONTEXT,False,NO_INVESTIGATION,False,,,0,0,0,0,0,0,0.0,8.24,,
2026-07-23,725.0,34.78,8.0537,8.6251,0.9337,True,,11.91,1.0862,1.1393,1.1137,9.85,1.1037,0.624,0.0,-0.3215,0,False,False,False,False,KLBF,NO_INVESTIGATION,False,0,5,0.0,13.75,,healthcare,27,50.68,81.85,14,0.5185185185185185,2,0.07407407407407407,0.14814814814814814,1,14.19,0.0,0.0,THIN,0.07133058984910837,0.0,7.133058984910837,False,,NO_ACTIVITY_CONTEXT,False,NO_INVESTIGATION,False,,,0,0,0,0,0,0,0.0,13.75,,
2026-07-24,720.0,11.76,8.9041,8.1648,1.0906,True,,0.0,0.6281,0.6712,0.8079,1.61,0.8797,1.0266,24.1,-0.1072,0,False,False,False,False,KLBF,NO_INVESTIGATION,False,0,5,0.0,5.59,,healthcare,27,11.43,44.915,6,0.2222222222222222,1,0.037037037037037035,0.2962962962962963,1,0.0,0.0,1.0,THIN,0.23045267489711932,1.0,23.045267489711932,False,,NO_ACTIVITY_CONTEXT,False,NO_INVESTIGATION,False,,,0,0,0,0,0,0,0.0,5.59,,
2026-07-27,715.0,10.3,8.9655,8.1648,1.0981,True,,0.0,0.4021,0.4206,0.5845,0.0,0.7312,0.899,37.88,-0.0485,0,False,False,False,False,KLBF,NO_INVESTIGATION,False,0,5,0.0,6.36,,healthcare,27,0.0,14.01,1,0.037037037037037035,0,0.0,0.5925925925925926,1,29.49,0.0,0.0,THIN,0.5706447187928669,0.0,57.06447187928669,False,,NO_ACTIVITY_CONTEXT,False,NO_INVESTIGATION,False,,,0,0,0,0,0,0,0.0,6.36,,
2026-07-28,700.0,49.46,6.9444,8.1648,0.8505,True,,43.93,1.3527,1.4341,1.4316,6.16,0.9645,1.0949,0.0,-0.5231,3,False,False,True,False,KLBF,NO_INVESTIGATION,False,0,5,0.0,26.47,,healthcare,27,0.0,4.82,1,0.037037037037037035,1,0.037037037037037035,0.9629629629629629,1,0.0,0.0,1.0,THIN,0.9272976680384087,1.0,92.72976680384087,True,92.72976680384087,STOCK_SPECIFIC_ACTIVITY,True,NO_INVESTIGATION,False,,,0,0,0,0,0,0,0.0,26.47,,
2026-07-29,700.0,45.95,6.993,8.0268,0.8712,True,,2.68,0.9578,1.0211,1.0611,0.0,0.8979,0.8454,5.77,-0.2539,0,False,False,False,False,KLBF,NO_INVESTIGATION,False,0,5,0.0,12.87,,healthcare,27,2.68,28.005,3,0.1111111111111111,1,0.037037037037037035,0.5185185185185185,1,20.08,0.0,0.0,THIN,0.46090534979423864,0.0,46.090534979423865,False,,NO_ACTIVITY_CONTEXT,False,NO_INVESTIGATION,False,,,0,0,0,0,0,0,0.0,12.87,,
2026-07-30,695.0,73.68,5.0,7.4965,0.667,True,,3.2,1.0236,1.0709,0.7813,28.16,1.2458,1.0532,0.0,-0.4877,0,True,False,False,False,KLBF,NO_INVESTIGATION,False,0,5,0.0,23.6,,healthcare,27,0.45,16.86,2,0.07407407407407407,0,0.0,0.6296296296296297,1,3.09,0.0,1.0,THIN,0.5829903978052127,1.0,58.29903978052127,False,,NO_ACTIVITY_CONTEXT,False,NO_INVESTIGATION,False,,,0,0,0,0,0,0,0.0,23.6,,
2026-07-31,725.0,52.74,5.7143,6.9687,0.82,True,,65.94,2.1692,2.2046,1.0226,64.02,2.1101,1.062,14.97,-0.1802,2,False,True,True,False,KLBF,NO_INVESTIGATION,False,0,5,0.0,44.07,,healthcare,27,9.39,62.57,8,0.2962962962962963,3,0.1111111111111111,0.7777777777777778,1,34.01,0.0,1.0,THIN,0.5473251028806585,1.0,54.73251028806585,True,54.73251028806585,MIXED_CONTEXT,True,NO_INVESTIGATION,False,,,0,0,0,0,0,0,0.0,44.07,,
2026-08-03,725.0,18.0,7.1429,6.8279,1.0461,True,,59.15,1.8102,1.7854,1.1783,69.1,1.5225,1.3107,18.44,-0.1524,2,False,True,True,False,KLBF,NO_INVESTIGATION,False,0,5,0.0,34.45,,healthcare,27,13.11,61.47,9,0.3333333333333333,1,0.037037037037037035,0.7407407407407407,1,1.31,0.0,1.0,THIN,0.4938271604938272,1.0,49.38271604938272,True,49.38271604938272,MIXED_CONTEXT,False,NO_INVESTIGATION,False,,,0,0,0,0,0,0,0.0,34.45,,
2026-08-04,735.0,23.21,6.8966,6.8279,1.0101,True,,0.0,0.6405,0.6369,0.8324,0.0,0.8141,0.9253,13.09,-0.1953,0,False,False,False,False,KLBF,NO_INVESTIGATION,False,0,5,0.0,7.11,,healthcare,27,10.55,26.145000000000003,5,0.18518518518518517,0,0.0,0.4074074074074074,1,15.36,0.0,0.0,THIN,0.3319615912208505,0.0,33.19615912208505,False,,NO_ACTIVITY_CONTEXT,False,NO_INVESTIGATION,False,,,0,0,0,0,0,0,0.0,7.11,,
2026-08-05,800.0,0.0,16.5517,6.9205,2.3917,True,,100.0,3.8555,3.5721,2.9204,42.49,1.4296,1.0987,76.05,0.1404,3,False,True,True,False,KLBF,NO_INVESTIGATION,False,0,5,0.0,43.98,,healthcare,27,40.75,82.745,12,0.4444444444444444,1,0.037037037037037035,1.0,1,22.83,0.0,1.0,THIN,0.5555555555555556,1.0,55.55555555555556,True,55.55555555555556,MIXED_CONTEXT,False,NO_INVESTIGATION,False,,,0,0,0,0,0,0,0.0,43.98,,
2026-08-06,790.0,0.0,17.0068,6.9687,2.4404,True,,62.69,1.841,1.7166,1.4548,46.56,1.4677,1.1357,0.0,-0.4064,3,False,True,True,False,KLBF,NO_INVESTIGATION,False,0,5,0.0,25.79,,healthcare,27,18.02,56.93,10,0.37037037037037035,0,0.0,0.8148148148148148,1,9.24,0.0,1.0,THIN,0.5130315500685871,1.0,51.30315500685872,True,51.30315500685872,MIXED_CONTEXT,False,NO_INVESTIGATION,False,,,0,0,0,0,0,0,0.0,25.79,,
2026-08-07,790.0,0.0,12.6582,7.0679,1.7909,True,,0.01,0.7005,0.6504,1.0005,11.32,0.7462,1.1574,4.49,-0.2641,0,False,False,False,False,KLBF,NO_INVESTIGATION,False,0,5,0.0,2.15,,healthcare,27,0.0,28.735,4,0.14814814814814814,0,0.0,0.5555555555555556,1,0.0,0.0,1.0,THIN,0.4732510288065844,1.0,47.325102880658434,False,,NO_ACTIVITY_CONTEXT,False,NO_INVESTIGATION,False,,,0,0,0,0,0,0,0.0,2.15,,
2026-08-10,785.0,0.0,12.6582,7.5983,1.6659,True,,0.0,0.9914,0.9117,0.951,17.81,1.0903,1.1519,34.18,-0.0633,0,False,False,False,False,KLBF,NO_INVESTIGATION,False,0,5,0.0,6.09,,healthcare,27,12.47,68.595,8,0.2962962962962963,3,0.1111111111111111,0.2962962962962963,1,0.0,0.0,1.0,THIN,0.2085048010973937,1.0,20.85048010973937,False,,NO_ACTIVITY_CONTEXT,False,NO_INVESTIGATION,False,,,0,0,0,0,0,0,0.0,6.09,,
2026-08-11,800.0,0.0,11.3924,8.1648,1.3953,True,,14.03,1.2265,1.1231,1.0226,15.64,1.2097,0.9296,66.91,0.0846,1,False,False,False,False,KLBF,NO_INVESTIGATION,False,0,5,0.0,13.25,,healthcare,27,2.88,13.344999999999999,2,0.07407407407407407,0,0.0,0.8148148148148148,1,0.0,0.0,1.0,THIN,0.7544581618655692,1.0,75.44581618655693,True,75.44581618655693,STOCK_SPECIFIC_ACTIVITY,False,NO_INVESTIGATION,False,,,0,0,0,0,0,0,0.0,13.25,,
2026-08-12,800.0,73.83,5.6962,8.59,0.6631,True,,0.48,1.0115,0.9194,0.9487,22.16,1.0459,1.281,0.0,-0.3135,0,True,False,False,False,KLBF,NO_INVESTIGATION,False,0,5,0.0,21.93,,healthcare,27,0.0,9.42,1,0.037037037037037035,0,0.0,0.6666666666666666,1,0.0,0.0,1.0,THIN,0.6419753086419753,1.0,64.19753086419753,False,,NO_ACTIVITY_CONTEXT,False,NO_INVESTIGATION,False,,,0,0,0,0,0,0,0.0,21.93,,
2026-08-13,800.0,93.01,4.375,8.59,0.5093,True,,0.0,0.5492,0.508,0.4917,36.84,1.1178,1.459,42.65,-0.0294,0,True,False,False,False,KLBF,NO_INVESTIGATION,False,0,5,0.0,33.04,,healthcare,27,0.0,3.51,1,0.037037037037037035,0,0.0,0.5925925925925926,1,0.0,0.0,1.0,THIN,0.5706447187928669,1.0,57.06447187928669,False,,NO_ACTIVITY_CONTEXT,False,NO_INVESTIGATION,False,,,0,0,0,0,0,0,0.0,33.04,,
2026-08-14,800.0,95.75,3.75,8.59,0.4366,True,,27.46,1.3986,1.3273,0.6584,68.45,2.1057,1.1366,8.45,-0.2324,2,True,False,True,False,KLBF,NO_INVESTIGATION,False,0,5,0.0,43.29,,healthcare,27,0.0,1.06,2,0.07407407407407407,0,0.0,0.8888888888888888,1,0.0,0.0,1.0,THIN,0.8230452674897119,1.0,82.30452674897118,True,82.30452674897118,STOCK_SPECIFIC_ACTIVITY,True,NO_INVESTIGATION,False,,,0,0,0,0,0,0,0.0,43.29,,
2026-08-18,800.0,61.78,6.25,8.4789,0.7371,True,,17.58,1.2662,1.2001,0.9444,37.0,1.3325,1.2083,38.07,-0.0477,2,True,False,True,False,KLBF,NO_INVESTIGATION,False,0,5,0.0,30.08,,healthcare,27,2.79,22.799999999999997,4,0.14814814814814814,1,0.037037037037037035,0.7037037037037037,1,21.29,0.0,0.0,THIN,0.5994513031550068,0.0,59.945130315500684,True,59.945130315500684,MIXED_CONTEXT,True,NO_INVESTIGATION,False,,,0,0,0,0,0,0,0.0,30.08,,
2026-08-19,780.0,51.13,6.25,7.5983,0.8226,True,,0.0,0.8936,0.8538,0.8588,14.74,1.039,1.1996,16.99,-0.164,0,False,False,False,False,KLBF,NO_INVESTIGATION,False,0,5,0.0,16.69,,healthcare,27,0.0,27.994999999999997,6,0.2222222222222222,0,0.0,0.5925925925925926,1,30.08,0.0,0.0,THIN,0.46090534979423864,0.0,46.090534979423865,False,,NO_ACTIVITY_CONTEXT,False,NO_INVESTIGATION,False,,,0,0,0,0,0,0,0.0,16.69,,
2026-08-20,825.0,7.63,8.125,7.0679,1.1496,True,,52.22,1.6344,1.5094,1.2096,25.83,1.3542,1.0027,24.88,-0.101,3,False,True,True,False,KLBF,NO_INVESTIGATION,False,0,5,0.0,23.94,,healthcare,27,10.87,68.375,9,0.3333333333333333,1,0.037037037037037035,0.7037037037037037,1,88.42,1.0,0.0,THIN,0.4691358024691359,0.0,46.91358024691359,True,46.91358024691359,MIXED_CONTEXT,False,NO_INVESTIGATION,False,,,0,0,0,0,0,0,0.0,23.94,,
2026-08-21,810.0,7.13,8.125,7.0679,1.1496,True,,4.51,0.9213,0.8671,1.1211,0.0,0.8098,0.9371,50.0,0.0,0,False,False,False,False,KLBF,NO_INVESTIGATION,False,0,5,0.0,8.14,,healthcare,27,0.0,22.455,3,0.1111111111111111,1,0.037037037037037035,0.5555555555555556,1,65.69,1.0,0.0,THIN,0.49382716049382713,0.0,49.382716049382715,False,,NO_ACTIVITY_CONTEXT,False,NO_INVESTIGATION,False,,,0,0,0,0,0,0,0.0,8.14,,
2026-08-24,805.0,7.63,8.0745,7.0679,1.1424,True,,0.0,0.7684,0.7591,0.9754,10.48,0.7717,1.1396,0.63,-0.295,0,False,False,False,False,KLBF,NO_INVESTIGATION,False,0,5,0.0,3.54,,healthcare,27,6.91,39.585,6,0.2222222222222222,0,0.0,0.4074074074074074,1,30.21,0.0,0.0,THIN,0.3168724279835391,0.0,31.68724279835391,False,,NO_ACTIVITY_CONTEXT,False,NO_INVESTIGATION,False,,,0,0,0,0,0,0,0.0,3.54,,
2026-08-26,805.0,29.96,6.8323,7.0679,0.9667,True,,1.64,1.03,1.0119,0.7672,29.69,1.3151,1.1207,0.67,-0.2946,0,False,False,False,False,KLBF,NO_INVESTIGATION,False,0,5,0.0,12.5,,healthcare,27,50.01,74.195,14,0.5185185185185185,1,0.037037037037037035,0.1111111111111111,1,86.32,1.0,0.0,THIN,0.053497942386831275,0.0,5.349794238683128,False,,NO_ACTIVITY_CONTEXT,False,NO_INVESTIGATION,False,,,0,0,0,0,0,0,0.0,12.5,,
2026-08-27,805.0,42.44,6.2112,6.9687,0.8913,True,,0.0,0.6067,0.6015,0.5835,1.36,1.02,0.8953,0.0,-0.4071,0,False,False,False,False,KLBF,NO_INVESTIGATION,False,0,5,0.0,10.81,,healthcare,27,0.0,54.835,8,0.2962962962962963,2,0.07407407407407407,0.5185185185185185,1,70.55,1.0,0.0,THIN,0.36488340192043894,0.0,36.48834019204389,False,,NO_ACTIVITY_CONTEXT,False,NO_INVESTIGATION,False,,,0,0,0,0,0,0,0.0,10.81,,
2026-08-28,800.0,68.44,4.9689,6.9448,0.7155,True,,0.0,0.4392,0.4382,0.5516,19.28,0.778,1.2837,0.0,-0.6845,0,True,False,False,False,KLBF,NO_INVESTIGATION,False,0,5,0.0,20.0,,healthcare,27,0.0,48.61,7,0.25925925925925924,2,0.07407407407407407,0.5185185185185185,1,0.0,0.0,1.0,THIN,0.38408779149519884,1.0,38.40877914951989,False,,NO_ACTIVITY_CONTEXT,False,NO_INVESTIGATION,False,,,0,0,0,0,0,0,0.0,20.0,,
2026-08-31,785.0,54.51,5.5901,6.8644,0.8144,True,,0.0,0.6198,0.6282,0.7329,0.0,0.8263,0.6148,6.94,-0.2445,0,False,False,False,False,KLBF,NO_INVESTIGATION,False,0,5,0.0,14.32,,healthcare,27,69.98,80.765,17,0.6296296296296297,4,0.14814814814814814,0.18518518518518517,1,4.42,0.0,0.0,THIN,0.06858710562414265,0.0,6.858710562414265,False,,NO_ACTIVITY_CONTEXT,False,NO_INVESTIGATION,False,,,0,0,0,0,0,0,0.0,14.32,,
2026-09-01,775.0,39.05,6.25,6.8644,0.9105,True,,11.2,0.7157,0.7316,1.2855,0.0,0.544,0.7403,4.11,-0.2671,1,False,False,False,False,KLBF,NO_INVESTIGATION,False,0,5,0.0,13.53,,healthcare,27,54.42,84.5,14,0.5185185185185185,2,0.07407407407407407,0.37037037037037035,1,2.81,0.0,1.0,THIN,0.17832647462277093,1.0,17.832647462277095,True,17.832647462277095,MARKET_WIDE_ACTIVITY,False,NO_INVESTIGATION,False,,,0,0,0,0,0,0,0.0,13.53,,
2026-09-02,755.0,0.0,8.9172,6.8644,1.299,True,,6.55,0.8884,0.9411,1.1901,0.0,0.6929,0.5399,1.99,-0.2841,0,False,False,False,False,KLBF,NO_INVESTIGATION,False,0,5,0.0,2.16,,healthcare,27,17.97,62.275000000000006,8,0.2962962962962963,0,0.0,0.3333333333333333,1,81.65,1.0,0.0,THIN,0.2345679012345679,0.0,23.456790123456788,False,,NO_ACTIVITY_CONTEXT,False,NO_INVESTIGATION,False,,,0,0,0,0,0,0,0.0,2.16,,
2026-09-03,780.0,8.51,7.6923,6.8644,1.1206,True,,21.7,1.2678,1.3071,1.0354,8.03,1.1151,0.7304,18.02,-0.1558,2,False,False,True,False,KLBF,NO_INVESTIGATION,False,0,5,0.0,11.64,,healthcare,27,32.28,69.175,9,0.3333333333333333,1,0.037037037037037035,0.4074074074074074,1,0.0,0.0,1.0,THIN,0.271604938271605,1.0,27.160493827160497,True,27.160493827160497,MIXED_CONTEXT,False,NO_INVESTIGATION,False,,,0,0,0,0,0,0,0.0,11.64,,
2026-09-04,775.0,28.16,7.0968,7.2623,0.9772,True,,0.0,0.8308,0.8571,0.6622,12.38,1.1307,1.0549,65.04,0.0752,0,False,False,False,False,KLBF,NO_INVESTIGATION,False,0,5,0.0,15.4,,healthcare,27,0.0,24.19,5,0.18518518518518517,1,0.037037037037037035,0.5185185185185185,1,0.0,0.0,1.0,THIN,0.4224965706447188,1.0,42.249657064471876,False,,NO_ACTIVITY_CONTEXT,False,NO_INVESTIGATION,False,,,0,0,0,0,0,0,0.0,15.4,,
2026-09-07,785.0,0.0,9.6774,6.9645,1.3895,True,,100.0,2.7952,2.8139,2.5672,0.0,0.9592,0.6421,0.0,-0.4061,3,False,True,True,False,KLBF,NO_INVESTIGATION,False,0,5,0.0,30.0,,healthcare,27,0.77,43.894999999999996,6,0.2222222222222222,2,0.07407407407407407,1.0,1,81.9,1.0,1.0,THIN,0.7777777777777778,0.0,77.77777777777779,True,77.77777777777779,STOCK_SPECIFIC_ACTIVITY,False,NO_INVESTIGATION,False,,,0,0,0,0,0,0,0.0,30.0,,
2026-09-08,780.0,0.0,9.6154,6.9645,1.3806,True,,63.9,1.5264,1.5694,1.639,0.0,0.844,0.7687,0.0,-0.4497,3,False,True,True,False,KLBF,NO_INVESTIGATION,False,0,5,0.0,19.17,,healthcare,27,21.11,72.91999999999999,10,0.37037037037037035,1,0.037037037037037035,0.7037037037037037,1,78.11,1.0,0.0,THIN,0.4430727023319616,0.0,44.307270233196164,True,44.307270233196164,MIXED_CONTEXT,False,NO_INVESTIGATION,False,,,0,0,0,0,0,0,0.0,19.17,,
2026-09-09,760.0,2.49,8.3333,6.9645,1.1965,True,,56.74,1.564,1.6316,1.3586,7.44,1.0992,0.8854,0.0,-0.5015,3,False,True,True,False,KLBF,NO_INVESTIGATION,False,0,5,0.0,18.76,,healthcare,27,51.62,75.14,14,0.5185185185185185,4,0.14814814814814814,0.6296296296296297,1,0.0,0.0,1.0,THIN,0.3031550068587106,1.0,30.31550068587106,True,30.31550068587106,MARKET_WIDE_ACTIVITY,False,NO_INVESTIGATION,False,,,0,0,0,0,0,0,0.0,18.76,,
2026-09-10,755.0,0.0,9.0323,6.9645,1.2969,True,,3.11,1.0192,1.073,0.969,0.0,0.9876,0.8448,7.74,-0.2381,0,False,False,False,False,KLBF,NO_INVESTIGATION,False,0,5,0.0,1.71,,healthcare,27,23.38,67.435,12,0.4444444444444444,2,0.07407407407407407,0.37037037037037035,1,24.3,0.0,0.0,THIN,0.205761316872428,0.0,20.5761316872428,False,,NO_ACTIVITY_CONTEXT,False,NO_INVESTIGATION,False,,,0,0,0,0,0,0,0.0,1.71,,
2026-09-11,735.0,0.0,12.5,6.9645,1.7948,True,,39.25,1.3815,1.4855,1.2166,7.39,1.098,0.7918,51.72,0.0086,3,False,False,True,False,KLBF,NO_INVESTIGATION,False,0,5,0.0,18.06,,healthcare,27,18.62,50.334999999999994,7,0.25925925925925924,0,0.0,0.6666666666666666,1,35.38,0.0,1.0,THIN,0.49382716049382713,1.0,49.382716049382715,True,49.382716049382715,MIXED_CONTEXT,False,NO_INVESTIGATION,False,,,0,0,0,0,0,0,0.0,18.06,,
2026-09-14,735.0,13.39,7.947,7.3945,1.0747,True,,0.0,0.6825,0.7354,0.9262,0.0,0.7019,0.7685,61.29,0.0565,0,False,False,False,False,KLBF,NO_INVESTIGATION,False,0,5,0.0,9.48,,healthcare,27,26.07,74.15,11,0.4074074074074074,0,0.0,0.2222222222222222,1,0.0,0.0,1.0,THIN,0.1316872427983539,1.0,13.16872427983539,False,,NO_ACTIVITY_CONTEXT,False,NO_INVESTIGATION,False,,,0,0,0,0,0,0,0.0,9.48,,
2026-09-15,770.0,35.76,7.2848,7.8197,0.9316,True,,45.54,1.6044,1.6916,1.0285,38.8,1.5083,0.7579,38.77,-0.0449,2,False,False,True,False,KLBF,NO_INVESTIGATION,False,0,5,0.0,32.3,,healthcare,27,0.0,11.379999999999999,4,0.14814814814814814,0,0.0,0.8518518518518519,1,0.0,0.0,1.0,THIN,0.7256515775034293,1.0,72.56515775034293,True,72.56515775034293,STOCK_SPECIFIC_ACTIVITY,False,NO_INVESTIGATION,False,,,0,0,0,0,0,0,0.0,32.3,,
2026-09-16,760.0,50.92,6.6225,7.8197,0.8469,True,,0.0,0.8822,0.9195,0.7755,17.4,1.0843,1.23,8.75,-0.23,0,False,False,False,False,KLBF,NO_INVESTIGATION,False,0,5,0.0,16.21,,healthcare,27,0.0,19.835,2,0.07407407407407407,0,0.0,0.5185185185185185,1,0.0,0.0,1.0,THIN,0.4801097393689986,1.0,48.01097393689986,False,,NO_ACTIVITY_CONTEXT,False,NO_INVESTIGATION,False,,,0,0,0,0,0,0,0.0,16.21,,
2026-09-17,775.0,51.93,6.5789,7.8197,0.8413,True,,0.0,0.948,0.9926,0.9234,16.81,0.9268,1.3296,70.99,0.1066,0,False,False,False,False,KLBF,NO_INVESTIGATION,False,0,5,0.0,22.6,,healthcare,27,0.0,8.625,3,0.1111111111111111,0,0.0,0.6666666666666666,1,0.0,0.0,1.0,THIN,0.5925925925925926,1.0,59.25925925925925,False,,NO_ACTIVITY_CONTEXT,False,NO_INVESTIGATION,False,,,0,0,0,0,0,0,0.0,22.6,,
2026-09-18,760.0,51.93,6.5789,7.8197,0.8413,True,,0.0,0.7947,0.8271,0.7493,0.0,0.9545,0.661,0.0,-0.3481,0,False,False,False,False,KLBF,NO_INVESTIGATION,False,0,5,0.0,12.98,,healthcare,27,48.09,72.95,12,0.4444444444444444,1,0.037037037037037035,0.14814814814814814,1,79.84,1.0,0.0,THIN,0.0823045267489712,0.0,8.23045267489712,False,,NO_ACTIVITY_CONTEXT,False,NO_INVESTIGATION,False,,,0,0,0,0,0,0,0.0,12.98,,
2026-09-21,750.0,46.93,6.5789,7.4885,0.8785,True,,0.0,0.3816,0.3874,0.8126,0.0,0.4233,0.9822,50.23,0.0012,0,False,False,False,False,KLBF,NO_INVESTIGATION,False,0,5,0.0,16.76,,healthcare,27,0.0,3.005,2,0.07407407407407407,0,0.0,0.7037037037037037,1,0.0,0.0,1.0,THIN,0.6515775034293553,1.0,65.15775034293553,False,,NO_ACTIVITY_CONTEXT,False,NO_INVESTIGATION,False,,,0,0,0,0,0,0,0.0,16.76,,
2026-09-22,750.0,40.02,6.5789,7.1908,0.9149,True,,4.4,0.9068,0.9287,1.1315,0.0,0.7397,0.6458,29.6,-0.0816,0,False,False,False,False,KLBF,NO_INVESTIGATION,False,0,5,0.0,14.29,,healthcare,27,2.89,15.330000000000002,4,0.14814814814814814,0,0.0,0.5555555555555556,1,0.0,0.0,1.0,THIN,0.4732510288065844,1.0,47.325102880658434,False,,NO_ACTIVITY_CONTEXT,False,NO_INVESTIGATION,False,,,0,0,0,0,0,0,0.0,14.29,,
2026-09-23,755.0,34.13,6.6225,6.9645,0.9509,True,,0.0,0.8167,0.8257,0.6962,22.44,1.0828,1.3025,12.96,-0.1964,0,False,False,False,False,KLBF,NO_INVESTIGATION,False,0,5,0.0,13.19,,healthcare,27,0.0,4.3549999999999995,2,0.07407407407407407,0,0.0,0.6296296296296297,1,0.0,0.0,1.0,THIN,0.5829903978052127,1.0,58.29903978052127,False,,NO_ACTIVITY_CONTEXT,False,NO_INVESTIGATION,False,,,0,0,0,0,0,0,0.0,13.19,,
2026-09-24,735.0,30.06,6.6667,6.8596,0.9719,True,,0.0,0.7234,0.7492,0.7077,7.53,0.9129,1.1522,0.0,-0.3162,0,False,False,False,False,KLBF,NO_INVESTIGATION,False,0,5,0.0,8.64,,healthcare,27,0.0,0.0,2,0.07407407407407407,0,0.0,0.8148148148148148,1,0.0,0.0,1.0,THIN,0.7544581618655692,1.0,75.44581618655693,False,,NO_ACTIVITY_CONTEXT,False,NO_INVESTIGATION,False,,,0,0,0,0,0,0,0.0,8.64,,
2026-09-25,735.0,66.32,5.3333,6.8817,0.775,True,,0.0,0.3785,0.3954,0.4606,18.96,0.7517,1.3423,10.46,-0.2163,0,True,False,False,False,KLBF,NO_INVESTIGATION,False,0,5,0.0,20.47,,healthcare,27,0.0,0.0,1,0.037037037037037035,0,0.0,0.7777777777777778,1,0.0,0.0,1.0,THIN,0.7489711934156379,1.0,74.8971193415638,False,,NO_ACTIVITY_CONTEXT,False,NO_INVESTIGATION,False,,,0,0,0,0,0,0,0.0,20.47,,
2026-09-28,720.0,63.82,5.4422,6.8817,0.7908,True,,5.26,1.0435,1.0991,0.7397,55.91,1.2905,1.6978,38.0,-0.048,0,True,False,False,False,KLBF,NO_INVESTIGATION,False,0,5,0.0,29.72,,healthcare,27,0.0,4.0649999999999995,1,0.037037037037037035,0,0.0,0.7777777777777778,1,0.0,0.0,1.0,THIN,0.7489711934156379,1.0,74.8971193415638,False,,NO_ACTIVITY_CONTEXT,False,NO_INVESTIGATION,False,,,0,0,0,0,0,0,0.0,29.72,,
2026-09-29,725.0,9.97,7.483,6.8817,1.0874,True,,0.0,0.5333,0.5628,0.7647,17.52,0.6436,1.3103,60.03,0.0502,0,False,False,False,False,KLBF,NO_INVESTIGATION,False,0,5,0.0,11.12,,healthcare,27,13.22,41.695,3,0.1111111111111111,0,0.0,0.3333333333333333,1,0.0,0.0,1.0,THIN,0.2962962962962963,1.0,29.629629629629626,False,,NO_ACTIVITY_CONTEXT,False,NO_INVESTIGATION,False,,,0,0,0,0,0,0,0.0,11.12,,
2026-06-12,2540.0,63.69,21.2598,26.8682,0.7913,True,,0.0,0.5217,0.5123,0.8516,14.64,0.5302,1.3074,44.02,-0.0239,0,True,False,False,False,MDKA,NO_INVESTIGATION,False,0,5,0.0,22.52,,basic_materials,27,7.79,25.415,4,0.14814814814814814,0,0.0,0.4074074074074074,6,2.01,0.16666666666666666,0.5,GOOD,0.34705075445816186,0.4166666666666667,37.489711934156375,False,,NO_ACTIVITY_CONTEXT,False,NO_INVESTIGATION,False,,,0,0,0,0,0,0,0.0,22.52,,
2026-06-15,2740.0,82.14,17.8295,26.8682,0.6636,True,,0.0,0.8239,0.7731,0.811,0.0,0.8896,0.9246,77.79,0.1519,0,True,False,False,False,MDKA,NO_INVESTIGATION,False,0,5,0.0,28.31,,basic_materials,27,42.94,64.585,13,0.48148148148148145,0,0.0,0.14814814814814814,6,48.68,0.5,0.16666666666666666,GOOD,0.07681755829903979,0.08333333333333333,7.94238683127572,False,,NO_ACTIVITY_CONTEXT,False,NO_INVESTIGATION,False,,,0,0,0,0,0,0,0.0,28.31,,
2026-06-17,2730.0,97.04,14.2857,26.8682,0.5317,True,,0.0,0.4456,0.4227,0.5628,0.0,0.7212,0.7998,64.91,0.0745,0,True,False,False,False,MDKA,NO_INVESTIGATION,False,0,5,0.0,30.75,,basic_materials,27,0.0,18.119999999999997,4,0.14814814814814814,0,0.0,0.5185185185185185,6,0.0,0.3333333333333333,0.6666666666666666,GOOD,0.44170096021947874,0.4444444444444445,44.2798353909465,False,,NO_ACTIVITY_CONTEXT,False,NO_INVESTIGATION,False,,,0,0,0,0,0,0,0.0,30.75,,
2026-06-18,2860.0,89.23,16.4835,26.8682,0.6135,True,,0.0,0.7351,0.6725,0.7208,11.65,0.9387,1.253,50.98,0.0049,0,True,False,False,False,MDKA,NO_INVESTIGATION,False,0,5,0.0,29.15,,basic_materials,27,0.0,2.745,1,0.037037037037037035,0,0.0,0.7037037037037037,6,0.0,0.0,0.6666666666666666,GOOD,0.6776406035665296,0.6666666666666666,67.32510288065843,False,,NO_ACTIVITY_CONTEXT,False,NO_INVESTIGATION,False,,,0,0,0,0,0,0,0.0,29.15,,
2026-06-19,2930.0,57.14,22.2628,26.8682,0.8286,True,,29.77,1.3288,1.1476,1.3362,0.0,0.948,0.8006,70.65,0.1043,2,True,False,True,False,MDKA,NO_INVESTIGATION,False,0,5,0.0,30.28,,basic_materials,27,66.7,70.0,17,0.6296296296296297,6,0.2222222222222222,0.37037037037037035,6,27.16,0.5,0.5,GOOD,0.1371742112482853,0.25,18.23045267489712,True,18.23045267489712,MARKET_WIDE_ACTIVITY,True,NO_INVESTIGATION,False,,,0,0,0,0,0,0,0.0,30.28,,
2026-06-22,2940.0,73.99,18.1818,25.9196,0.7015,True,,0.0,0.4936,0.4332,0.5441,0.0,0.8255,0.7712,37.59,-0.0496,0,True,False,False,False,MDKA,NO_INVESTIGATION,False,0,5,0.0,22.26,,basic_materials,27,0.0,14.54,1,0.037037037037037035,0,0.0,0.6296296296296297,6,0.0,0.0,0.6666666666666666,GOOD,0.6063100137174212,0.6666666666666666,63.04526748971193,False,,NO_ACTIVITY_CONTEXT,False,NO_INVESTIGATION,False,,,0,0,0,0,0,0,0.0,22.26,,
2026-06-23,2840.0,85.29,15.3846,25.7028,0.5986,True,,0.0,0.3801,0.3592,0.4984,0.0,0.7435,0.9934,10.36,-0.2171,0,True,False,False,False,MDKA,NO_INVESTIGATION,False,0,5,0.0,22.36,,basic_materials,27,0.0,0.0,1,0.037037037037037035,0,0.0,0.8148148148148148,6,0.0,0.0,1.0,GOOD,0.7846364883401921,1.0,87.07818930041152,False,,NO_ACTIVITY_CONTEXT,False,NO_INVESTIGATION,False,,,0,0,0,0,0,0,0.0,22.36,,
2026-06-24,2720.0,83.54,15.3846,25.7028,0.5986,True,,0.0,0.3598,0.3579,0.4618,2.45,0.7581,1.0512,29.0,-0.084,0,True,False,False,False,MDKA,NO_INVESTIGATION,False,0,5,0.0,24.15,,basic_materials,27,0.0,10.780000000000001,1,0.037037037037037035,0,0.0,0.6296296296296297,6,0.0,0.0,0.6666666666666666,GOOD,0.6063100137174212,0.6666666666666666,63.04526748971193,False,,NO_ACTIVITY_CONTEXT,False,NO_INVESTIGATION,False,,,0,0,0,0,0,0,0.0,24.15,,
2026-06-25,2900.0,71.04,17.5862,25.4514,0.691,True,,0.0,0.4785,0.4701,0.5791,2.61,0.8067,1.054,45.49,-0.018,0,True,False,False,False,MDKA,NO_INVESTIGATION,False,0,5,0.0,22.7,,basic_materials,27,0.0,12.219999999999999,5,0.18518518518518517,1,0.037037037037037035,0.5185185185185185,6,0.0,0.0,0.6666666666666666,GOOD,0.4224965706447188,0.6666666666666666,52.016460905349795,False,,NO_ACTIVITY_CONTEXT,False,NO_INVESTIGATION,False,,,0,0,0,0,0,0,0.0,22.7,,
2026-06-26,2690.0,80.52,14.0845,23.9828,0.5873,True,,0.0,0.4663,0.4444,0.6032,6.82,0.7876,1.1431,5.72,-0.2543,0,True,False,False,False,MDKA,NO_INVESTIGATION,False,0,5,0.0,21.72,,basic_materials,27,0.0,0.0,1,0.037037037037037035,0,0.0,0.8148148148148148,6,0.0,0.16666666666666666,0.8333333333333334,GOOD,0.7846364883401921,0.6944444444444445,74.85596707818931,False,,NO_ACTIVITY_CONTEXT,False,NO_INVESTIGATION,False,,,0,0,0,0,0,0,0.0,21.72,,
2026-06-29,2630.0,81.46,12.5,21.7613,0.5744,True,,0.0,0.3023,0.2908,0.4148,0.0,0.7525,0.8062,17.46,-0.1603,0,True,False,False,False,MDKA,NO_INVESTIGATION,False,0,5,0.0,22.11,,basic_materials,27,0.0,0.0,1,0.037037037037037035,0,0.0,0.9629629629629629,6,0.0,0.0,1.0,GOOD,0.9272976680384087,1.0,95.63786008230453,False,,NO_ACTIVITY_CONTEXT,False,NO_INVESTIGATION,False,,,0,0,0,0,0,0,0.0,22.11,,
2026-06-30,2420.0,37.35,19.3309,21.1358,0.9146,True,,0.0,0.4521,0.4826,0.8627,2.29,0.5209,1.0466,31.95,-0.0722,0,False,False,False,False,MDKA,NO_INVESTIGATION,False,0,5,0.0,12.88,,basic_materials,27,0.0,25.9,2,0.07407407407407407,0,0.0,0.5925925925925926,6,0.0,0.0,0.8333333333333334,GOOD,0.5486968449931413,0.8333333333333334,66.2551440329218,False,,NO_ACTIVITY_CONTEXT,False,NO_INVESTIGATION,False,,,0,0,0,0,0,0,0.0,12.88,,
2026-07-01,2540.0,11.81,22.0532,20.1713,1.0933,True,,0.0,0.3975,0.4166,0.3795,31.41,1.0848,1.4832,26.13,-0.0955,0,False,False,False,False,MDKA,NO_INVESTIGATION,False,0,5,0.0,10.28,,basic_materials,27,0.0,0.0,1,0.037037037037037035,0,0.0,0.8518518518518519,6,0.0,0.16666666666666666,0.6666666666666666,GOOD,0.8203017832647462,0.5555555555555556,71.440329218107,False,,NO_ACTIVITY_CONTEXT,False,NO_INVESTIGATION,False,,,0,0,0,0,0,0,0.0,10.28,,
2026-07-02,2540.0,17.14,21.2598,20.1713,1.054,True,,0.0,0.2655,0.2742,0.3348,5.25,0.8043,1.112,0.0,-0.3111,0,False,False,False,False,MDKA,NO_INVESTIGATION,False,0,5,0.0,5.07,,basic_materials,27,0.0,0.0,1,0.037037037037037035,0,0.0,0.8888888888888888,6,0.0,0.0,0.6666666666666666,GOOD,0.8559670781893004,0.6666666666666666,78.02469135802468,False,,NO_ACTIVITY_CONTEXT,False,NO_INVESTIGATION,False,,,0,0,0,0,0,0,0.0,5.07,,
2026-07-03,2700.0,49.61,16.9291,20.1713,0.8393,True,,0.0,0.3694,0.3775,0.4132,0.0,0.8697,0.9406,49.78,-0.0009,0,False,False,False,False,MDKA,NO_INVESTIGATION,False,0,5,0.0,17.38,,basic_materials,27,0.0,0.0,1,0.037037037037037035,0,0.0,0.7777777777777778,6,0.0,0.0,0.8333333333333334,GOOD,0.7489711934156379,0.8333333333333334,78.27160493827161,False,,NO_ACTIVITY_CONTEXT,False,NO_INVESTIGATION,False,,,0,0,0,0,0,0,0.0,17.38,,
2026-07-06,2710.0,43.87,16.5354,18.7563,0.8816,True,,0.0,0.4884,0.5111,0.4797,13.49,0.9615,1.2504,19.98,-0.1402,0,False,False,False,False,MDKA,NO_INVESTIGATION,False,0,5,0.0,14.99,,basic_materials,27,0.0,0.0,0,0.0,0,0.0,0.8148148148148148,6,0.0,0.0,1.0,GOOD,0.8148148148148148,1.0,88.88888888888889,False,,NO_ACTIVITY_CONTEXT,False,NO_INVESTIGATION,False,,,0,0,0,0,0,0,0.0,14.99,,
2026-07-07,2720.0,46.88,15.5556,18.0056,0.8639,True,,0.0,0.4897,0.5027,0.4748,35.13,1.0497,1.6227,5.07,-0.2595,0,False,False,False,False,MDKA,NO_INVESTIGATION,False,0,5,0.0,17.5,,basic_materials,27,0.0,6.77,1,0.037037037037037035,1,0.037037037037037035,0.7037037037037037,6,0.0,0.0,1.0,GOOD,0.6776406035665296,1.0,80.65843621399178,False,,NO_ACTIVITY_CONTEXT,False,NO_INVESTIGATION,False,,,0,0,0,0,0,0,0.0,17.5,,
2026-07-08,2570.0,89.07,10.0,17.7078,0.5647,True,,0.0,0.5412,0.5713,0.5033,21.01,1.0441,1.3134,14.79,-0.1817,0,True,False,False,False,MDKA,NO_INVESTIGATION,False,0,5,0.0,26.9,,basic_materials,27,0.0,0.02,0,0.0,0,0.0,0.7407407407407407,6,0.0,0.0,0.6666666666666666,GOOD,0.7407407407407407,0.6666666666666666,71.1111111111111,False,,NO_ACTIVITY_CONTEXT,False,NO_INVESTIGATION,False,,,0,0,0,0,0,0,0.0,26.9,,
2026-07-09,2570.0,96.63,8.8889,17.2577,0.5151,True,,0.0,0.523,0.5696,0.5582,30.08,0.8357,1.6696,0.0,-0.3144,0,True,False,False,False,MDKA,NO_INVESTIGATION,False,0,5,0.0,28.67,,basic_materials,27,0.0,0.0,0,0.0,0,0.0,0.8148148148148148,6,0.0,0.0,1.0,GOOD,0.8148148148148148,1.0,88.88888888888889,False,,NO_ACTIVITY_CONTEXT,False,NO_INVESTIGATION,False,,,0,0,0,0,0,0,0.0,28.67,,
2026-07-10,2570.0,90.65,9.3385,16.7323,0.5581,True,,0.0,0.5284,0.57,0.5664,2.62,0.8405,1.0569,0.0,-0.3835,0,True,False,False,False,MDKA,NO_INVESTIGATION,False,0,5,0.0,23.06,,basic_materials,27,0.0,0.0,0,0.0,0,0.0,0.7777777777777778,6,0.0,0.0,0.8333333333333334,GOOD,0.7777777777777778,0.8333333333333334,80.0,False,,NO_ACTIVITY_CONTEXT,False,NO_INVESTIGATION,False,,,0,0,0,0,0,0,0.0,23.06,,
2026-07-13,2640.0,90.73,9.3385,16.5095,0.5656,True,,0.0,0.6673,0.6774,0.7856,0.0,0.7912,0.6469,68.64,0.0932,0,True,False,False,False,MDKA,NO_INVESTIGATION,False,0,5,0.0,29.55,,basic_materials,27,0.0,0.0,2,0.07407407407407407,0,0.0,0.7777777777777778,6,0.0,0.0,0.8333333333333334,GOOD,0.720164609053498,0.8333333333333334,76.54320987654322,False,,NO_ACTIVITY_CONTEXT,False,NO_INVESTIGATION,False,,,0,0,0,0,0,0,0.0,29.55,,
2026-07-14,2660.0,96.46,8.5603,16.0195,0.5344,True,,0.0,0.985,0.956,0.9431,0.0,0.9843,0.5068,39.37,-0.0425,0,True,False,False,False,MDKA,NO_INVESTIGATION,False,0,5,0.0,28.05,,basic_materials,27,4.74,24.61,6,0.2222222222222222,0,0.0,0.4074074074074074,6,42.985,0.5,0.0,GOOD,0.3168724279835391,0.0,19.012345679012345,False,,NO_ACTIVITY_CONTEXT,False,NO_INVESTIGATION,False,,,0,0,0,0,0,0,0.0,28.05,,
2026-07-15,2650.0,93.31,7.9545,15.4701,0.5142,True,,0.0,0.6968,0.6777,0.8367,9.91,0.8106,1.2149,0.0,-0.4621,0,True,False,False,False,MDKA,NO_INVESTIGATION,False,0,5,0.0,24.81,,basic_materials,27,3.06,20.625,3,0.1111111111111111,2,0.07407407407407407,0.3333333333333333,6,12.399999999999999,0.16666666666666666,0.3333333333333333,GOOD,0.2962962962962963,0.2777777777777778,28.888888888888886,False,,NO_ACTIVITY_CONTEXT,False,NO_INVESTIGATION,False,,,0,0,0,0,0,0,0.0,24.81,,
2026-07-16,2660.0,82.19,9.0566,15.4701,0.5854,True,,10.57,1.1514,1.1161,0.7166,40.6,1.4619,0.6081,24.4,-0.1048,0,True,False,False,False,MDKA,NO_INVESTIGATION,False,0,5,0.0,32.25,,basic_materials,27,2.62,37.715,5,0.18518518518518517,2,0.07407407407407407,0.6296296296296297,6,17.41,0.3333333333333333,0.5,GOOD,0.5130315500685871,0.33333333333333337,44.11522633744857,False,,NO_ACTIVITY_CONTEXT,False,NO_INVESTIGATION,False,,,0,0,0,0,0,0,0.0,32.25,,
2026-07-17,2660.0,78.63,9.0226,15.3846,0.5865,True,,0.0,0.9566,0.9411,0.7586,27.63,1.2368,1.1429,0.0,-0.3193,0,True,False,False,False,MDKA,NO_INVESTIGATION,False,0,5,0.0,23.8,,basic_materials,27,10.93,54.2,8,0.2962962962962963,2,0.07407407407407407,0.3333333333333333,6,0.0,0.0,0.6666666666666666,GOOD,0.2345679012345679,0.6666666666666666,40.74074074074074,False,,NO_ACTIVITY_CONTEXT,False,NO_INVESTIGATION,False,,,0,0,0,0,0,0,0.0,23.8,,
2026-07-20,2670.0,91.74,4.8872,14.7346,0.3317,True,,0.0,0.9582,0.9468,0.7219,29.91,1.3336,0.8271,60.54,0.0527,0,True,False,False,False,MDKA,NO_INVESTIGATION,False,0,5,0.0,33.48,,basic_materials,27,31.73,51.675,7,0.25925925925925924,2,0.07407407407407407,0.18518518518518517,6,27.25,0.16666666666666666,0.0,GOOD,0.1371742112482853,0.0,8.230452674897117,False,,NO_ACTIVITY_CONTEXT,False,NO_INVESTIGATION,False,,,0,0,0,0,0,0,0.0,33.48,,
2026-07-21,2720.0,89.49,6.015,13.2923,0.4525,True,,73.42,1.81,1.7653,1.2956,34.21,1.3852,0.5901,71.68,0.1112,3,True,True,True,True,MDKA,EMERGING,True,1,5,20.0,60.7,60.7,basic_materials,27,21.74,66.245,9,0.3333333333333333,5,0.18518518518518517,0.8518518518518519,6,69.74000000000001,0.6666666666666666,0.5,GOOD,0.5679012345679013,0.16666666666666669,40.74074074074075,True,40.74074074074075,PEER_CLUSTERED_ACTIVITY,True,EMERGING,True,MDKA-20260721-01,2026-07-21,1,1,1,1,1,0,20.0,60.7,60.7,
2026-07-22,2730.0,56.94,8.6142,11.25,0.7657,True,,93.8,2.1613,2.0671,1.6653,24.78,1.2868,0.5288,60.03,0.0501,3,True,True,True,True,MDKA,DEVELOPING,True,2,5,40.0,60.09,60.09,basic_materials,27,44.55,85.55000000000001,13,0.48148148148148145,3,0.1111111111111111,0.9259259259259259,6,81.725,0.8333333333333334,1.0,GOOD,0.4801097393689987,0.16666666666666663,35.47325102880659,True,35.47325102880659,PEER_CLUSTERED_ACTIVITY,True,DEVELOPING,True,MDKA-20260721-01,2026-07-21,2,2,2,2,2,0,40.0,60.09,60.09,
2026-07-23,2780.0,1.9,12.1324,9.6693,1.2547,True,,97.42,2.5509,2.3938,1.8533,30.91,1.3647,0.867,83.35,0.189,3,False,True,True,False,MDKA,WEAKENING,True,2,5,40.0,50.67,50.67,basic_materials,27,50.68,81.85,14,0.5185185185185185,2,0.07407407407407407,0.9629629629629629,6,76.45,0.8333333333333334,0.8333333333333334,GOOD,0.46364883401920437,0.13888888888888887,33.374485596707814,True,33.374485596707814,MARKET_WIDE_ACTIVITY,False,WEAKENING,True,MDKA-20260721-01,2026-07-21,3,2,2,2,2,1,40.0,50.67,50.67,
2026-07-24,2650.0,10.85,10.6618,9.6693,1.1026,True,,60.11,1.373,1.3514,1.7484,0.0,0.7786,0.8369,22.48,-0.1202,3,False,True,True,False,MDKA,WEAKENING,True,2,5,40.0,30.99,30.99,basic_materials,27,11.43,44.915,6,0.2222222222222222,1,0.037037037037037035,0.8148148148148148,6,39.635000000000005,0.5,0.5,GOOD,0.6337448559670782,0.25,48.0246913580247,True,48.0246913580247,PEER_CLUSTERED_ACTIVITY,False,CLOSED,False,MDKA-20260721-01,2026-07-21,4,2,2,2,2,2,40.0,30.99,,TWO_UNSUPPORTED_SESSIONS
2026-07-27,2640.0,0.0,12.1324,9.6693,1.2547,True,,19.88,1.2032,1.206,1.0369,13.58,1.1505,1.0555,53.49,0.0174,2,False,False,True,False,MDKA,WEAKENING,True,2,5,40.0,21.35,21.35,basic_materials,27,0.0,14.01,1,0.037037037037037035,0,0.0,0.8518518518518519,6,0.0,0.0,0.8333333333333334,GOOD,0.8203017832647462,0.8333333333333334,82.55144032921811,True,82.55144032921811,STOCK_SPECIFIC_ACTIVITY,False,NO_INVESTIGATION,False,,,0,0,0,0,0,0,0.0,13.35,,
2026-07-28,2630.0,0.0,12.4528,9.6693,1.2879,True,,0.0,0.5666,0.5658,0.5595,24.37,0.9808,1.5069,9.44,-0.2245,0,False,False,False,False,MDKA,WEAKENING,True,1,5,20.0,8.6,8.6,basic_materials,27,0.0,4.82,1,0.037037037037037035,1,0.037037037037037035,0.6296296296296297,6,0.0,0.0,0.8333333333333334,GOOD,0.6063100137174212,0.8333333333333334,69.7119341563786,False,,NO_ACTIVITY_CONTEXT,False,NO_INVESTIGATION,False,,,0,0,0,0,0,0,0.0,4.6,,
2026-07-29,2610.0,0.0,14.3939,9.6693,1.4886,True,,8.76,1.0963,1.1116,0.857,39.63,1.2108,1.5158,63.86,0.0693,0,False,False,False,False,MDKA,NO_INVESTIGATION,False,0,5,0.0,14.96,,basic_materials,27,2.68,28.005,3,0.1111111111111111,1,0.037037037037037035,0.5925925925925926,6,12.495,0.16666666666666666,0.5,GOOD,0.5267489711934156,0.4166666666666667,48.2716049382716,False,,NO_ACTIVITY_CONTEXT,False,NO_INVESTIGATION,False,,,0,0,0,0,0,0,0.0,14.96,,
2026-07-30,2690.0,45.96,8.3333,9.6693,0.8618,True,,28.01,1.3058,1.278,0.8206,58.94,1.5241,1.4225,100.0,0.3454,2,False,False,True,False,MDKA,NO_INVESTIGATION,False,0,5,0.0,38.73,,basic_materials,27,0.45,16.86,2,0.07407407407407407,0,0.0,0.8888888888888888,6,8.02,0.16666666666666666,0.6666666666666666,GOOD,0.8230452674897119,0.5555555555555556,71.60493827160494,True,71.60493827160494,STOCK_SPECIFIC_ACTIVITY,True,NO_INVESTIGATION,False,,,0,0,0,0,0,0,0.0,38.73,,
2026-07-31,2720.0,50.23,7.9545,9.3385,0.8518,True,,0.0,0.5595,0.5433,0.5808,0.0,0.922,0.8828,10.65,-0.2148,0,False,False,False,False,MDKA,NO_INVESTIGATION,False,0,5,0.0,13.62,,basic_materials,27,9.39,62.57,8,0.2962962962962963,3,0.1111111111111111,0.2962962962962963,6,53.635,0.5,0.16666666666666666,GOOD,0.2085048010973937,0.08333333333333333,15.843621399176955,False,,NO_ACTIVITY_CONTEXT,False,NO_INVESTIGATION,False,,,0,0,0,0,0,0,0.0,13.62,,
2026-08-03,2720.0,23.03,9.2937,9.1976,1.0105,True,,0.0,0.4973,0.4803,0.5205,0.0,0.926,0.81,19.93,-0.1405,0,False,False,False,False,MDKA,NO_INVESTIGATION,False,0,5,0.0,7.75,,basic_materials,27,13.11,61.47,9,0.3333333333333333,1,0.037037037037037035,0.37037037037037035,6,44.0,0.5,0.16666666666666666,GOOD,0.2469135802469136,0.08333333333333333,18.148148148148145,False,,NO_ACTIVITY_CONTEXT,False,NO_INVESTIGATION,False,,,0,0,0,0,0,0,0.0,7.75,,
2026-08-04,2910.0,0.0,13.6029,9.1751,1.4826,True,,96.58,3.1902,2.9206,1.834,76.79,1.7464,1.7423,100.0,0.4494,3,False,True,True,False,MDKA,NO_INVESTIGATION,False,0,5,0.0,50.49,,basic_materials,27,10.55,26.145000000000003,5,0.18518518518518517,0,0.0,1.0,6,10.425,0.3333333333333333,1.0,GOOD,0.8148148148148149,0.6666666666666667,75.55555555555557,True,75.55555555555557,STOCK_SPECIFIC_ACTIVITY,False,NO_INVESTIGATION,False,,,0,0,0,0,0,0,0.0,50.49,,
2026-08-05,2910.0,0.0,12.5,9.1751,1.3624,True,,90.04,2.3095,2.0678,1.6351,26.42,1.3693,0.9107,44.81,-0.0207,3,False,True,True,False,MDKA,NO_INVESTIGATION,False,0,5,0.0,35.46,,basic_materials,27,40.75,82.745,12,0.4444444444444444,1,0.037037037037037035,0.8518518518518519,6,53.879999999999995,0.5,0.8333333333333334,GOOD,0.4732510288065844,0.4166666666666667,45.06172839506173,True,45.06172839506173,PEER_CLUSTERED_ACTIVITY,False,NO_INVESTIGATION,False,,,0,0,0,0,0,0,0.0,35.46,,
2026-08-06,2840.0,7.82,10.2113,9.1751,1.1129,True,,53.98,1.4847,1.351,1.6427,0.0,0.8495,0.6921,4.2,-0.2664,3,False,True,True,False,MDKA,NO_INVESTIGATION,False,0,5,0.0,18.57,,basic_materials,27,18.02,56.93,10,0.37037037037037035,0,0.0,0.7407407407407407,6,51.065,0.6666666666666666,0.6666666666666666,GOOD,0.4663923182441701,0.22222222222222224,36.8724279835391,True,36.8724279835391,PEER_CLUSTERED_ACTIVITY,False,NO_INVESTIGATION,False,,,0,0,0,0,0,0,0.0,18.57,,
2026-08-07,2940.0,13.94,9.9656,9.3161,1.0697,True,,0.57,1.0139,0.9263,0.9392,30.55,1.0696,1.6245,92.17,0.2478,0,False,False,False,False,MDKA,NO_INVESTIGATION,False,0,5,0.0,17.46,,basic_materials,27,0.0,28.735,4,0.14814814814814814,0,0.0,0.5925925925925926,6,6.52,0.0,0.5,GOOD,0.50480109739369,0.5,50.288065843621396,False,,NO_ACTIVITY_CONTEXT,False,NO_INVESTIGATION,False,,,0,0,0,0,0,0,0.0,17.46,,
2026-08-10,3040.0,0.0,11.6838,9.3161,1.2542,True,,98.06,2.5806,2.2937,2.3573,27.49,1.0529,1.5767,100.0,0.3286,3,False,True,True,False,MDKA,NO_INVESTIGATION,False,0,5,0.0,43.54,,basic_materials,27,12.47,68.595,8,0.2962962962962963,3,0.1111111111111111,0.9629629629629629,6,5.865,0.0,1.0,GOOD,0.6776406035665294,1.0,80.65843621399176,True,80.65843621399176,STOCK_SPECIFIC_ACTIVITY,False,NO_INVESTIGATION,False,,,0,0,0,0,0,0,0.0,43.54,,
2026-08-11,2920.0,31.16,9.2466,9.6297,0.9602,True,,45.41,1.5066,1.3433,1.4735,0.0,0.975,0.6037,52.35,0.0117,3,False,False,True,False,MDKA,NO_INVESTIGATION,False,0,5,0.0,26.65,,basic_materials,27,2.88,13.344999999999999,2,0.07407407407407407,0,0.0,0.9259259259259259,6,5.25,0.0,1.0,GOOD,0.8573388203017833,1.0,91.440329218107,True,91.440329218107,STOCK_SPECIFIC_ACTIVITY,False,NO_INVESTIGATION,False,,,0,0,0,0,0,0,0.0,26.65,,
2026-08-12,2910.0,31.16,9.2466,9.6297,0.9602,True,,11.52,1.102,1.0162,1.2432,0.0,0.8547,0.9149,5.01,-0.2599,1,False,False,False,False,MDKA,NO_INVESTIGATION,False,0,5,0.0,11.75,,basic_materials,27,0.0,9.42,1,0.037037037037037035,0,0.0,0.8148148148148148,6,0.0,0.0,0.8333333333333334,GOOD,0.7846364883401921,0.8333333333333334,80.41152263374485,True,80.41152263374485,STOCK_SPECIFIC_ACTIVITY,False,NO_INVESTIGATION,False,,,0,0,0,0,0,0,0.0,11.75,,
2026-08-13,2790.0,14.52,10.274,9.6297,1.0669,True,,15.81,1.1664,1.1448,1.1474,4.64,0.9136,1.111,24.21,-0.1063,0,False,False,False,False,MDKA,NO_INVESTIGATION,False,0,5,0.0,11.49,,basic_materials,27,0.0,3.51,1,0.037037037037037035,0,0.0,0.8888888888888888,6,1.625,0.0,0.8333333333333334,GOOD,0.8559670781893004,0.8333333333333334,84.69135802469135,False,,NO_ACTIVITY_CONTEXT,False,NO_INVESTIGATION,False,,,0,0,0,0,0,0,0.0,11.49,,
2026-08-14,2900.0,5.15,11.6838,10.0885,1.1581,True,,47.58,1.4446,1.4036,1.5149,25.12,0.8149,1.6104,14.11,-0.1871,3,False,False,True,False,MDKA,NO_INVESTIGATION,False,0,5,0.0,20.74,,basic_materials,27,0.0,1.06,2,0.07407407407407407,0,0.0,0.9259259259259259,6,0.0,0.16666666666666666,0.8333333333333334,GOOD,0.8573388203017833,0.6944444444444445,79.21810699588478,True,79.21810699588478,STOCK_SPECIFIC_ACTIVITY,False,NO_INVESTIGATION,False,,,0,0,0,0,0,0,0.0,20.74,,
2026-08-18,2880.0,6.37,11.7241,10.2426,1.1446,True,,2.79,1.0561,1.015,0.9016,31.45,1.045,1.7294,12.05,-0.2036,0,False,False,False,False,MDKA,NO_INVESTIGATION,False,0,5,0.0,8.35,,basic_materials,27,2.79,22.799999999999997,4,0.14814814814814814,1,0.037037037037037035,0.5185185185185185,6,0.0,0.16666666666666666,0.8333333333333334,GOOD,0.44170096021947874,0.6944444444444445,54.27983539094651,False,,NO_ACTIVITY_CONTEXT,False,NO_INVESTIGATION,False,,,0,0,0,0,0,0,0.0,8.35,,
2026-08-19,2850.0,69.12,7.6389,10.4679,0.7297,True,,0.0,0.4293,0.4306,0.5197,0.0,0.777,0.9717,50.15,0.0008,0,True,False,False,False,MDKA,NO_INVESTIGATION,False,0,5,0.0,22.3,,basic_materials,27,0.0,27.994999999999997,6,0.2222222222222222,0,0.0,0.5925925925925926,6,0.0,0.16666666666666666,0.6666666666666666,GOOD,0.46090534979423864,0.5555555555555556,49.876543209876544,False,,NO_ACTIVITY_CONTEXT,False,NO_INVESTIGATION,False,,,0,0,0,0,0,0,0.0,22.3,,
2026-08-20,2940.0,59.72,8.3333,10.4679,0.7961,True,,10.97,1.173,1.1207,0.9692,11.44,1.1339,1.0258,76.93,0.1462,0,True,False,False,False,MDKA,NO_INVESTIGATION,False,0,5,0.0,27.63,,basic_materials,27,10.87,68.375,9,0.3333333333333333,1,0.037037037037037035,0.5555555555555556,6,60.129999999999995,0.5,0.3333333333333333,GOOD,0.3703703703703704,0.16666666666666666,28.888888888888893,False,,NO_ACTIVITY_CONTEXT,False,NO_INVESTIGATION,False,,,0,0,0,0,0,0,0.0,27.63,,
2026-08-21,2950.0,60.5,8.2759,10.4679,0.7906,True,,0.0,0.4149,0.3964,0.49,0.0,0.8138,0.8571,50.0,0.0,0,True,False,False,False,MDKA,NO_INVESTIGATION,False,0,5,0.0,20.12,,basic_materials,27,0.0,22.455,3,0.1111111111111111,1,0.037037037037037035,0.5185185185185185,6,0.0,0.0,0.6666666666666666,GOOD,0.46090534979423864,0.6666666666666666,54.32098765432099,False,,NO_ACTIVITY_CONTEXT,False,NO_INVESTIGATION,False,,,0,0,0,0,0,0,0.0,20.12,,
2026-08-24,2960.0,96.68,5.102,10.2426,0.4981,True,,8.39,1.1385,1.0801,0.8447,27.33,1.311,0.6189,46.38,-0.0145,0,True,False,False,False,MDKA,NO_INVESTIGATION,False,0,5,0.0,35.42,,basic_materials,27,6.91,39.585,6,0.2222222222222222,0,0.0,0.5925925925925926,6,12.735,0.16666666666666666,0.5,GOOD,0.46090534979423864,0.4166666666666667,44.32098765432099,False,,NO_ACTIVITY_CONTEXT,False,NO_INVESTIGATION,False,,,0,0,0,0,0,0,0.0,35.42,,
2026-08-26,3020.0,6.6,11.5254,10.0885,1.1424,True,,97.62,2.5743,2.4381,2.4811,10.75,1.1404,0.9746,92.37,0.2491,3,False,True,True,False,MDKA,NO_INVESTIGATION,False,0,5,0.0,41.79,,basic_materials,27,50.01,74.195,14,0.5185185185185185,1,0.037037037037037035,0.9629629629629629,6,33.45,0.16666666666666666,1.0,GOOD,0.46364883401920437,0.8333333333333334,61.15226337448561,True,61.15226337448561,MIXED_CONTEXT,False,NO_INVESTIGATION,False,,,0,0,0,0,0,0,0.0,41.79,,
2026-08-27,3030.0,34.94,9.4595,10.0885,0.9377,True,,0.0,0.912,0.871,0.9612,0.0,0.9579,0.8072,2.91,-0.2767,0,False,False,False,False,MDKA,NO_INVESTIGATION,False,0,5,0.0,9.03,,basic_materials,27,0.0,54.835,8,0.2962962962962963,2,0.07407407407407407,0.5185185185185185,6,0.0,0.0,0.8333333333333334,GOOD,0.36488340192043894,0.8333333333333334,55.22633744855967,False,,NO_ACTIVITY_CONTEXT,False,NO_INVESTIGATION,False,,,0,0,0,0,0,0,0.0,9.03,,
2026-08-28,3040.0,32.2,9.2715,9.7125,0.9546,True,,0.0,0.847,0.8117,0.7801,24.89,1.0961,1.3958,18.53,-0.1518,0,False,False,False,False,MDKA,NO_INVESTIGATION,False,0,5,0.0,13.64,,basic_materials,27,0.0,48.61,7,0.25925925925925924,2,0.07407407407407407,0.5185185185185185,6,0.0,0.0,1.0,GOOD,0.38408779149519884,1.0,63.04526748971193,False,,NO_ACTIVITY_CONTEXT,False,NO_INVESTIGATION,False,,,0,0,0,0,0,0,0.0,13.64,,
2026-08-31,2940.0,26.77,9.2715,9.3766,0.9888,True,,34.29,1.3407,1.3212,1.2029,9.17,1.1183,1.0086,0.0,-0.3915,3,False,False,True,False,MDKA,NO_INVESTIGATION,False,0,5,0.0,18.35,,basic_materials,27,69.98,80.765,17,0.6296296296296297,4,0.14814814814814814,0.3333333333333333,6,0.86,0.3333333333333333,0.6666666666666666,GOOD,0.12345679012345678,0.4444444444444445,25.185185185185187,True,25.185185185185187,MARKET_WIDE_ACTIVITY,False,NO_INVESTIGATION,False,,,0,0,0,0,0,0,0.0,18.35,,
2026-09-01,2910.0,33.39,8.9404,9.3766,0.9535,True,,0.0,0.6275,0.6157,0.74,0.0,0.8256,0.8123,17.9,-0.1568,0,False,False,False,False,MDKA,NO_INVESTIGATION,False,0,5,0.0,10.14,,basic_materials,27,54.42,84.5,14,0.5185185185185185,2,0.07407407407407407,0.14814814814814814,6,4.415,0.0,0.3333333333333333,GOOD,0.07133058984910837,0.3333333333333333,17.613168724279834,False,,NO_ACTIVITY_CONTEXT,False,NO_INVESTIGATION,False,,,0,0,0,0,0,0,0.0,10.14,,
2026-09-02,2880.0,56.29,7.8231,9.3766,0.8343,True,,0.0,0.5912,0.5926,0.9428,0.0,0.6106,0.9601,16.09,-0.1713,0,True,False,False,False,MDKA,NO_INVESTIGATION,False,0,5,0.0,15.68,,basic_materials,27,17.97,62.275000000000006,8,0.2962962962962963,0,0.0,0.18518518518518517,6,1.0499999999999998,0.16666666666666666,0.3333333333333333,GOOD,0.13031550068587106,0.2777777777777778,18.930041152263374,False,,NO_ACTIVITY_CONTEXT,False,NO_INVESTIGATION,False,,,0,0,0,0,0,0,0.0,15.68,,
2026-09-03,2920.0,60.62,7.5342,9.3655,0.8045,True,,0.0,0.4565,0.4509,0.9625,0.0,0.4618,0.7357,9.88,-0.221,0,True,False,False,False,MDKA,NO_INVESTIGATION,False,0,5,0.0,16.14,,basic_materials,27,32.28,69.175,9,0.3333333333333333,1,0.037037037037037035,0.2222222222222222,6,12.445,0.0,0.5,GOOD,0.14814814814814817,0.5,28.888888888888893,False,,NO_ACTIVITY_CONTEXT,False,NO_INVESTIGATION,False,,,0,0,0,0,0,0,0.0,16.14,,
2026-09-04,2900.0,94.78,5.1546,9.2715,0.556,True,,0.0,0.407,0.4059,0.5524,9.82,0.7514,1.1901,0.0,-0.342,0,True,False,False,False,MDKA,NO_INVESTIGATION,False,0,5,0.0,25.17,,basic_materials,27,0.0,24.19,5,0.18518518518518517,1,0.037037037037037035,0.5185185185185185,6,0.0,0.16666666666666666,0.8333333333333334,GOOD,0.4224965706447188,0.6944444444444445,53.12757201646091,False,,NO_ACTIVITY_CONTEXT,False,NO_INVESTIGATION,False,,,0,0,0,0,0,0,0.0,25.17,,
2026-09-07,2880.0,100.0,4.4828,9.259,0.4841,True,,0.0,0.5285,0.5337,0.453,34.97,1.2059,1.3557,0.0,-0.428,0,True,False,False,False,MDKA,NO_INVESTIGATION,False,0,5,0.0,30.25,,basic_materials,27,0.77,43.894999999999996,6,0.2222222222222222,2,0.07407407407407407,0.4444444444444444,6,18.89,0.16666666666666666,0.5,GOOD,0.345679012345679,0.4166666666666667,37.40740740740741,False,,NO_ACTIVITY_CONTEXT,False,NO_INVESTIGATION,False,,,0,0,0,0,0,0,0.0,30.25,,
2026-09-08,3120.0,7.29,10.3448,9.2466,1.1188,True,,99.34,3.237,3.1823,2.088,41.95,1.4941,0.6719,76.06,0.1404,3,False,True,True,False,MDKA,NO_INVESTIGATION,False,0,5,0.0,45.52,,basic_materials,27,21.11,72.91999999999999,10,0.37037037037037035,1,0.037037037037037035,1.0,6,14.175,0.16666666666666666,1.0,GOOD,0.6296296296296297,0.8333333333333334,71.11111111111111,True,71.11111111111111,STOCK_SPECIFIC_ACTIVITY,False,NO_INVESTIGATION,False,,,0,0,0,0,0,0,0.0,45.52,,
2026-09-09,3110.0,18.88,9.589,9.2466,1.037,True,,12.38,1.1121,1.0504,1.1889,0.0,0.9359,0.6207,21.32,-0.1295,0,False,False,False,False,MDKA,NO_INVESTIGATION,False,0,5,0.0,10.57,,basic_materials,27,51.62,75.14,14,0.5185185185185185,4,0.14814814814814814,0.3333333333333333,6,81.235,0.8333333333333334,0.16666666666666666,GOOD,0.16049382716049382,0.02777777777777777,10.74074074074074,False,,NO_ACTIVITY_CONTEXT,False,NO_INVESTIGATION,False,,,0,0,0,0,0,0,0.0,10.57,,
2026-09-10,3060.0,20.59,9.4771,9.2466,1.0249,True,,0.0,0.819,0.7781,0.995,0.0,0.8507,0.6768,29.86,-0.0805,0,False,False,False,False,MDKA,NO_INVESTIGATION,False,0,5,0.0,8.13,,basic_materials,27,23.38,67.435,12,0.4444444444444444,2,0.07407407407407407,0.2962962962962963,6,80.91499999999999,0.8333333333333334,0.16666666666666666,GOOD,0.1646090534979424,0.02777777777777777,10.987654320987653,False,,NO_ACTIVITY_CONTEXT,False,NO_INVESTIGATION,False,,,0,0,0,0,0,0,0.0,8.13,,
2026-09-11,3050.0,20.8,9.4771,9.259,1.0236,True,,4.92,0.9877,0.9813,1.1417,0.0,0.8753,0.9762,79.94,0.1662,0,False,False,False,False,MDKA,NO_INVESTIGATION,False,0,5,0.0,14.67,,basic_materials,27,18.62,50.334999999999994,7,0.25925925925925924,0,0.0,0.37037037037037035,6,50.334999999999994,0.5,0.16666666666666666,GOOD,0.2743484224965706,0.08333333333333333,19.794238683127567,False,,NO_ACTIVITY_CONTEXT,False,NO_INVESTIGATION,False,,,0,0,0,0,0,0,0.0,14.67,,
2026-09-14,2880.0,0.0,11.7647,9.2715,1.2689,True,,91.65,2.2672,2.388,1.8252,19.52,1.2539,0.9981,11.18,-0.2105,3,False,True,True,False,MDKA,NO_INVESTIGATION,False,0,5,0.0,31.54,,basic_materials,27,26.07,74.15,11,0.4074074074074074,0,0.0,0.9629629629629629,6,75.13499999999999,0.8333333333333334,0.8333333333333334,GOOD,0.5706447187928668,0.13888888888888887,39.79423868312756,True,39.79423868312756,PEER_CLUSTERED_ACTIVITY,False,NO_INVESTIGATION,False,,,0,0,0,0,0,0,0.0,31.54,,
2026-09-15,2810.0,0.0,11.8033,9.2715,1.2731,True,,0.82,0.6932,0.7346,1.0241,0.0,0.6724,0.7915,18.78,-0.1498,0,False,False,False,False,MDKA,NO_INVESTIGATION,False,0,5,0.0,2.12,,basic_materials,27,0.0,11.379999999999999,4,0.14814814814814814,0,0.0,0.5555555555555556,6,20.85,0.3333333333333333,0.3333333333333333,GOOD,0.4732510288065844,0.22222222222222224,37.28395061728395,False,,NO_ACTIVITY_CONTEXT,False,NO_INVESTIGATION,False,,,0,0,0,0,0,0,0.0,2.12,,
2026-09-16,2850.0,0.0,13.1944,9.2715,1.4231,True,,20.06,1.2454,1.3146,0.8546,63.59,1.3955,1.7117,83.48,0.1899,2,False,False,True,False,MDKA,NO_INVESTIGATION,False,0,5,0.0,23.9,,basic_materials,27,0.0,19.835,2,0.07407407407407407,0,0.0,0.7777777777777778,6,34.010000000000005,0.3333333333333333,0.3333333333333333,GOOD,0.720164609053498,0.22222222222222224,52.09876543209877,True,52.09876543209877,MIXED_CONTEXT,False,NO_INVESTIGATION,False,,,0,0,0,0,0,0,0.0,23.9,,
2026-09-17,2870.0,22.37,9.4077,9.2715,1.0147,True,,0.0,0.7826,0.8234,0.6962,31.22,1.0764,1.5038,71.28,0.1085,0,False,False,False,False,MDKA,NO_INVESTIGATION,False,0,5,0.0,17.4,,basic_materials,27,0.0,8.625,3,0.1111111111111111,0,0.0,0.6666666666666666,6,0.0,0.3333333333333333,0.6666666666666666,GOOD,0.5925925925925926,0.4444444444444445,53.333333333333336,False,,NO_ACTIVITY_CONTEXT,False,NO_INVESTIGATION,False,,,0,0,0,0,0,0,0.0,17.4,,
2026-09-18,2900.0,69.87,6.9686,9.3396,0.7461,True,,13.69,1.1434,1.1859,1.0518,37.16,0.9908,1.9462,100.0,0.5018,0,True,False,False,False,MDKA,NO_INVESTIGATION,False,0,5,0.0,37.15,,basic_materials,27,48.09,72.95,12,0.4444444444444444,1,0.037037037037037035,0.25925925925925924,6,28.035000000000004,0.3333333333333333,0.3333333333333333,GOOD,0.1440329218106996,0.22222222222222224,17.530864197530864,False,,NO_ACTIVITY_CONTEXT,False,NO_INVESTIGATION,False,,,0,0,0,0,0,0,0.0,37.15,,
2026-09-21,2870.0,91.82,5.2265,9.3396,0.5596,True,,0.0,0.8295,0.8688,0.5463,71.85,1.4076,2.314,0.0,-0.4129,0,True,False,False,False,MDKA,NO_INVESTIGATION,False,0,5,0.0,33.73,,basic_materials,27,0.0,3.005,2,0.07407407407407407,0,0.0,0.7037037037037037,6,0.0,0.16666666666666666,0.6666666666666666,GOOD,0.6515775034293553,0.5555555555555556,61.31687242798354,False,,NO_ACTIVITY_CONTEXT,False,NO_INVESTIGATION,False,,,0,0,0,0,0,0,0.0,33.73,,
2026-09-22,2830.0,88.21,5.2265,9.3396,0.5596,True,,0.0,0.8931,0.9441,0.7681,35.55,1.0517,1.8202,99.77,0.2985,0,True,False,False,False,MDKA,NO_INVESTIGATION,False,0,5,0.0,37.36,,basic_materials,27,2.89,15.330000000000002,4,0.14814814814814814,0,0.0,0.4074074074074074,6,2.845,0.16666666666666666,0.3333333333333333,GOOD,0.34705075445816186,0.2777777777777778,31.934156378600825,False,,NO_ACTIVITY_CONTEXT,False,NO_INVESTIGATION,False,,,0,0,0,0,0,0,0.0,37.36,,
2026-09-23,3080.0,5.61,10.8014,9.3396,1.1565,True,,100.0,3.861,3.7388,2.2817,55.27,1.4323,1.4835,100.0,0.312,3,False,True,True,False,MDKA,NO_INVESTIGATION,False,0,5,0.0,49.69,,basic_materials,27,0.0,4.3549999999999995,2,0.07407407407407407,0,0.0,1.0,6,0.0,0.0,1.0,GOOD,0.9259259259259259,1.0,95.55555555555556,True,95.55555555555556,STOCK_SPECIFIC_ACTIVITY,False,NO_INVESTIGATION,False,,,0,0,0,0,0,0,0.0,49.69,,
2026-09-24,3060.0,3.2,11.0345,9.3396,1.1815,True,,51.1,1.6542,1.5848,1.1276,35.23,1.2418,1.4181,42.78,-0.0289,2,False,True,True,False,MDKA,NO_INVESTIGATION,False,0,5,0.0,25.69,,basic_materials,27,0.0,0.0,2,0.07407407407407407,0,0.0,0.9629629629629629,6,0.0,0.0,1.0,GOOD,0.8916323731138546,1.0,93.49794238683128,True,93.49794238683128,STOCK_SPECIFIC_ACTIVITY,False,NO_INVESTIGATION,False,,,0,0,0,0,0,0,0.0,25.69,,
2026-09-25,3070.0,8.32,10.4575,9.3396,1.1197,True,,7.76,1.1259,1.0752,0.802,13.03,1.1371,1.0868,14.32,-0.1855,0,False,False,False,False,MDKA,NO_INVESTIGATION,False,0,5,0.0,7.79,,basic_materials,27,0.0,0.0,1,0.037037037037037035,0,0.0,0.8888888888888888,6,0.0,0.0,1.0,GOOD,0.8559670781893004,1.0,91.35802469135803,False,,NO_ACTIVITY_CONTEXT,False,NO_INVESTIGATION,False,,,0,0,0,0,0,0,0.0,7.79,,
2026-09-28,2920.0,9.24,10.4575,9.4424,1.1075,True,,22.18,1.2851,1.269,1.0411,3.78,1.0287,1.0437,9.13,-0.2269,2,False,False,True,False,MDKA,NO_INVESTIGATION,False,0,5,0.0,10.44,,basic_materials,27,0.0,4.0649999999999995,1,0.037037037037037035,0,0.0,0.8518518518518519,6,0.0,0.0,0.8333333333333334,GOOD,0.8203017832647462,0.8333333333333334,82.55144032921811,True,82.55144032921811,STOCK_SPECIFIC_ACTIVITY,False,NO_INVESTIGATION,False,,,0,0,0,0,0,0,0.0,10.44,,
2026-09-29,2920.0,2.01,11.4379,9.4771,1.2069,True,,49.9,1.5283,1.551,1.2518,1.2,1.0174,0.5493,44.06,-0.0238,3,False,False,True,False,MDKA,NO_INVESTIGATION,False,0,5,0.0,20.06,,basic_materials,27,13.22,41.695,3,0.1111111111111111,0,0.0,0.8888888888888888,6,6.61,0.0,1.0,GOOD,0.7901234567901234,1.0,87.4074074074074,True,87.4074074074074,STOCK_SPECIFIC_ACTIVITY,False,NO_INVESTIGATION,False,,,0,0,0,0,0,0,0.0,20.06,,
2026-06-12,1530.0,57.73,11.3333,14.7493,0.7684,True,,0.0,0.3894,0.3853,0.3772,4.41,1.0683,0.697,0.0,-0.5604,0,True,False,False,False,MIKA,NO_INVESTIGATION,False,0,5,0.0,15.09,,healthcare,27,7.79,25.415,4,0.14814814814814814,0,0.0,0.4074074074074074,1,20.47,0.0,0.0,THIN,0.34705075445816186,0.0,34.705075445816185,False,,NO_ACTIVITY_CONTEXT,False,NO_INVESTIGATION,False,,,0,0,0,0,0,0,0.0,15.09,,
2026-06-15,1550.0,51.35,12.0915,14.7493,0.8198,True,,0.0,0.4845,0.4757,0.6624,0.0,0.7367,0.7139,0.0,-0.405,0,False,False,False,False,MIKA,NO_INVESTIGATION,False,0,5,0.0,12.84,,healthcare,27,42.94,64.585,13,0.48148148148148145,0,0.0,0.14814814814814814,1,65.6,1.0,0.0,THIN,0.07681755829903979,0.0,7.681755829903978,False,,NO_ACTIVITY_CONTEXT,False,NO_INVESTIGATION,False,,,0,0,0,0,0,0,0.0,12.84,,
2026-06-17,1595.0,71.41,9.8039,14.7493,0.6647,True,,0.0,0.5771,0.5537,0.4943,15.84,1.1759,1.0614,22.14,-0.1228,0,True,False,False,False,MIKA,NO_INVESTIGATION,False,0,5,0.0,22.44,,healthcare,27,0.0,18.119999999999997,4,0.14814814814814814,0,0.0,0.5185185185185185,1,70.83,1.0,0.0,THIN,0.44170096021947874,0.0,44.17009602194788,False,,NO_ACTIVITY_CONTEXT,False,NO_INVESTIGATION,False,,,0,0,0,0,0,0,0.0,22.44,,
2026-06-18,1575.0,75.1,9.3548,14.7493,0.6343,True,,0.0,0.676,0.6536,0.4936,37.63,1.2498,1.2565,0.0,-0.5577,0,True,False,False,False,MIKA,NO_INVESTIGATION,False,0,5,0.0,24.42,,healthcare,27,0.0,2.745,1,0.037037037037037035,0,0.0,0.7037037037037037,1,37.6,0.0,0.0,THIN,0.6776406035665296,0.0,67.76406035665296,False,,NO_ACTIVITY_CONTEXT,False,NO_INVESTIGATION,False,,,0,0,0,0,0,0,0.0,24.42,,
2026-06-19,1600.0,56.0,11.4286,14.5877,0.7834,True,,70.61,9.7373,9.2617,1.0188,63.67,8.1701,1.0619,43.83,-0.0247,2,True,True,True,True,MIKA,EMERGING,True,1,5,20.0,53.12,53.12,healthcare,27,66.7,70.0,17,0.6296296296296297,6,0.2222222222222222,0.8888888888888888,1,66.7,1.0,1.0,THIN,0.3292181069958847,0.0,32.92181069958847,True,32.92181069958847,MARKET_WIDE_ACTIVITY,True,EMERGING,True,MIKA-20260619-01,2026-06-19,1,1,1,1,1,0,20.0,53.12,53.12,
2026-06-22,1565.0,66.35,9.8413,14.2131,0.6924,True,,0.0,0.3877,0.3775,0.7267,0.0,0.4765,0.5492,0.0,-0.3395,0,True,False,False,False,MIKA,WEAKENING,True,1,5,20.0,20.59,20.59,healthcare,27,0.0,14.54,1,0.037037037037037035,0,0.0,0.6296296296296297,1,30.92,0.0,0.0,THIN,0.6063100137174212,0.0,60.63100137174212,False,,NO_ACTIVITY_CONTEXT,False,WEAKENING,True,MIKA-20260619-01,2026-06-19,2,1,1,1,1,1,20.0,20.59,20.59,
2026-06-23,1590.0,67.14,9.1195,13.0458,0.699,True,,0.0,0.5606,0.5419,0.5559,0.0,0.8727,0.8442,0.0,-0.3544,0,True,False,False,False,MIKA,WEAKENING,True,1,5,20.0,20.79,20.79,healthcare,27,0.0,0.0,1,0.037037037037037035,0,0.0,0.8148148148148148,1,98.74,1.0,0.0,THIN,0.7846364883401921,0.0,78.46364883401921,False,,NO_ACTIVITY_CONTEXT,False,CLOSED,False,MIKA-20260619-01,2026-06-19,3,1,1,1,1,2,20.0,20.79,,TWO_UNSUPPORTED_SESSIONS
2026-06-24,1595.0,58.34,9.1195,11.76,0.7755,True,,43.14,1.2501,1.2007,2.052,0.0,0.5581,0.9079,0.96,-0.2923,3,True,False,True,False,MIKA,WEAKENING,True,1,5,20.0,31.62,31.62,healthcare,27,0.0,10.780000000000001,1,0.037037037037037035,0,0.0,0.9629629629629629,1,24.79,0.0,1.0,THIN,0.9272976680384087,1.0,92.72976680384087,True,92.72976680384087,STOCK_SPECIFIC_ACTIVITY,True,NO_INVESTIGATION,False,,,0,0,0,0,0,0,0.0,27.62,,
2026-06-25,1735.0,0.0,17.2414,11.381,1.5149,True,,50.55,1.6888,1.505,1.3614,15.01,1.2175,0.8615,0.0,-0.3487,3,False,True,True,False,MIKA,WEAKENING,True,1,5,20.0,21.42,21.42,healthcare,27,0.0,12.219999999999999,5,0.18518518518518517,1,0.037037037037037035,0.8518518518518519,1,53.42,1.0,0.0,THIN,0.6941015089163238,0.0,69.41015089163238,True,69.41015089163238,STOCK_SPECIFIC_ACTIVITY,False,NO_INVESTIGATION,False,,,0,0,0,0,0,0,0.0,17.42,,
2026-06-26,1700.0,0.0,16.9279,11.381,1.4874,True,,13.58,1.258,1.1246,0.7246,54.34,1.7199,1.1566,0.0,-0.5553,1,False,False,False,False,MIKA,NO_INVESTIGATION,False,0,5,0.0,12.22,,healthcare,27,0.0,0.0,1,0.037037037037037035,0,0.0,0.9259259259259259,1,0.0,0.0,1.0,THIN,0.8916323731138547,1.0,89.16323731138547,True,89.16323731138547,STOCK_SPECIFIC_ACTIVITY,False,NO_INVESTIGATION,False,,,0,0,0,0,0,0,0.0,12.22,,
2026-06-29,1700.0,0.0,15.5882,11.381,1.3697,True,,0.0,0.5489,0.4941,0.4107,36.97,1.4344,1.1537,0.0,-0.3854,0,False,False,False,False,MIKA,NO_INVESTIGATION,False,0,5,0.0,5.55,,healthcare,27,0.0,0.0,1,0.037037037037037035,0,0.0,0.9629629629629629,1,0.0,0.0,1.0,THIN,0.9272976680384087,1.0,92.72976680384087,False,,NO_ACTIVITY_CONTEXT,False,NO_INVESTIGATION,False,,,0,0,0,0,0,0,0.0,5.55,,
2026-06-30,1690.0,7.03,13.5294,11.76,1.1505,True,,25.35,1.4247,1.285,1.0264,38.85,1.3751,1.2577,0.0,-0.4348,2,False,False,True,False,MIKA,NO_INVESTIGATION,False,0,5,0.0,15.19,,healthcare,27,0.0,25.9,2,0.07407407407407407,0,0.0,0.7407407407407407,1,2.03,0.0,1.0,THIN,0.6858710562414265,1.0,68.58710562414265,True,68.58710562414265,STOCK_SPECIFIC_ACTIVITY,False,NO_INVESTIGATION,False,,,0,0,0,0,0,0,0.0,15.19,,
2026-07-01,1700.0,16.9,13.5294,12.8105,1.0561,True,,0.0,0.9733,0.8736,0.9249,9.09,1.0451,1.1231,0.0,-0.5235,0,False,False,False,False,MIKA,NO_INVESTIGATION,False,0,5,0.0,5.59,,healthcare,27,0.0,0.0,1,0.037037037037037035,0,0.0,0.8518518518518519,1,0.0,0.0,1.0,THIN,0.8203017832647462,1.0,82.03017832647463,False,,NO_ACTIVITY_CONTEXT,False,NO_INVESTIGATION,False,,,0,0,0,0,0,0,0.0,5.59,,
2026-07-02,1700.0,93.21,5.0,13.5294,0.3696,True,,0.0,0.4671,0.4385,0.6693,28.37,0.7196,1.5414,0.0,-0.5616,0,True,False,False,False,MIKA,NO_INVESTIGATION,False,0,5,0.0,27.56,,healthcare,27,0.0,0.0,1,0.037037037037037035,0,0.0,0.8888888888888888,1,0.0,0.0,1.0,THIN,0.8559670781893004,1.0,85.59670781893004,False,,NO_ACTIVITY_CONTEXT,False,NO_INVESTIGATION,False,,,0,0,0,0,0,0,0.0,27.56,,
2026-07-03,1720.0,94.52,3.8235,13.5294,0.2826,True,,0.0,0.4536,0.4141,0.491,1.56,1.0238,0.7158,0.0,-0.6375,0,True,False,False,False,MIKA,NO_INVESTIGATION,False,0,5,0.0,23.86,,healthcare,27,0.0,0.0,1,0.037037037037037035,0,0.0,0.7777777777777778,1,0.0,0.0,1.0,THIN,0.7489711934156379,1.0,74.8971193415638,False,,NO_ACTIVITY_CONTEXT,False,NO_INVESTIGATION,False,,,0,0,0,0,0,0,0.0,23.86,,
2026-07-06,1705.0,95.32,3.8235,12.8105,0.2985,True,,0.0,0.7936,0.7383,0.5643,41.45,1.5062,1.1428,0.0,-0.5736,0,True,False,False,False,MIKA,NO_INVESTIGATION,False,0,5,0.0,30.05,,healthcare,27,0.0,0.0,0,0.0,0,0.0,0.8148148148148148,1,0.0,0.0,1.0,THIN,0.8148148148148148,1.0,81.48148148148148,False,,NO_ACTIVITY_CONTEXT,False,NO_INVESTIGATION,False,,,0,0,0,0,0,0,0.0,30.05,,
2026-07-07,1720.0,93.67,5.2786,11.76,0.4489,True,,6.11,0.7789,0.7297,1.2018,0.0,0.5912,0.747,0.0,-0.4852,1,True,False,False,False,MIKA,NO_INVESTIGATION,False,0,5,0.0,25.25,,healthcare,27,0.0,6.77,1,0.037037037037037035,1,0.037037037037037035,0.7407407407407407,1,0.0,0.0,1.0,THIN,0.7133058984910837,1.0,71.33058984910838,True,71.33058984910838,STOCK_SPECIFIC_ACTIVITY,True,NO_INVESTIGATION,False,,,0,0,0,0,0,0,0.0,25.25,,
2026-07-08,1700.0,93.9,5.2786,11.381,0.4638,True,,37.18,1.4979,1.4465,1.0914,9.62,1.1551,1.0002,0.0,-0.5705,2,True,False,True,False,MIKA,NO_INVESTIGATION,False,0,5,0.0,36.07,,healthcare,27,0.0,0.02,0,0.0,0,0.0,1.0,1,0.0,0.0,1.0,THIN,1.0,1.0,100.0,True,100.0,STOCK_SPECIFIC_ACTIVITY,True,NO_INVESTIGATION,False,,,0,0,0,0,0,0,0.0,36.07,,
2026-07-09,1700.0,90.01,4.6921,10.5873,0.4432,True,,47.01,1.7298,1.67,0.5891,57.19,2.4184,0.5196,0.0,-0.5039,2,True,False,True,False,MIKA,NO_INVESTIGATION,False,0,5,0.0,45.18,,healthcare,27,0.0,0.0,0,0.0,0,0.0,1.0,1,0.0,0.0,1.0,THIN,1.0,1.0,100.0,True,100.0,STOCK_SPECIFIC_ACTIVITY,True,NO_INVESTIGATION,False,,,0,0,0,0,0,0,0.0,45.18,,
2026-07-10,1705.0,86.28,4.6921,9.8226,0.4777,True,,0.0,0.6305,0.61,0.3566,25.09,1.4102,0.9445,0.0,-0.7022,0,True,False,False,False,MIKA,NO_INVESTIGATION,False,0,5,0.0,25.33,,healthcare,27,0.0,0.0,0,0.0,0,0.0,0.7777777777777778,1,0.0,0.0,1.0,THIN,0.7777777777777778,1.0,77.77777777777779,False,,NO_ACTIVITY_CONTEXT,False,NO_INVESTIGATION,False,,,0,0,0,0,0,0,0.0,25.33,,
2026-07-13,1685.0,85.47,4.7059,9.5794,0.4913,True,,0.0,0.7779,0.754,0.5947,3.54,1.0554,0.735,0.0,-0.6197,0,True,False,False,False,MIKA,NO_INVESTIGATION,False,0,5,0.0,21.9,,healthcare,27,0.0,0.0,2,0.07407407407407407,0,0.0,0.7777777777777778,1,0.0,0.0,1.0,THIN,0.720164609053498,1.0,72.0164609053498,False,,NO_ACTIVITY_CONTEXT,False,NO_INVESTIGATION,False,,,0,0,0,0,0,0,0.0,21.9,,
2026-07-14,1675.0,85.13,4.4118,9.2372,0.4776,True,,23.66,1.2275,1.2034,1.2741,0.0,0.7527,0.8981,15.08,-0.1793,3,True,False,True,False,MIKA,NO_INVESTIGATION,False,0,5,0.0,29.89,,healthcare,27,4.74,24.61,6,0.2222222222222222,0,0.0,0.7407407407407407,1,0.0,0.0,1.0,THIN,0.5761316872427983,1.0,57.61316872427983,True,57.61316872427983,MIXED_CONTEXT,True,NO_INVESTIGATION,False,,,0,0,0,0,0,0,0.0,29.89,,
2026-07-15,1740.0,41.9,7.9412,9.1195,0.8708,True,,13.34,1.0434,0.9662,1.3914,8.4,0.635,1.1636,0.0,-0.3113,1,False,False,False,False,MIKA,NO_INVESTIGATION,False,0,5,0.0,15.74,,healthcare,27,3.06,20.625,3,0.1111111111111111,2,0.07407407407407407,0.7037037037037037,1,86.7,1.0,0.0,THIN,0.625514403292181,0.0,62.5514403292181,True,62.5514403292181,MIXED_CONTEXT,True,NO_INVESTIGATION,False,,,0,0,0,0,0,0,0.0,15.74,,
2026-07-16,1760.0,34.34,7.9179,8.5303,0.9282,True,,0.0,0.2663,0.2513,0.6916,2.4,0.3135,1.047,5.65,-0.2548,0,False,False,False,False,MIKA,NO_INVESTIGATION,False,0,5,0.0,9.51,,healthcare,27,2.62,37.715,5,0.18518518518518517,2,0.07407407407407407,0.4444444444444444,1,41.61,0.0,0.0,THIN,0.36213991769547327,0.0,36.21399176954733,False,,NO_ACTIVITY_CONTEXT,False,NO_INVESTIGATION,False,,,0,0,0,0,0,0,0.0,9.51,,
2026-07-17,1755.0,27.61,7.7586,7.9295,0.9784,True,,0.0,0.9437,0.9351,0.6177,16.29,1.2671,0.7695,18.09,-0.1552,0,False,False,False,False,MIKA,NO_INVESTIGATION,False,0,5,0.0,11.16,,healthcare,27,10.93,54.2,8,0.2962962962962963,2,0.07407407407407407,0.3333333333333333,1,60.34,1.0,0.0,THIN,0.2345679012345679,0.0,23.456790123456788,False,,NO_ACTIVITY_CONTEXT,False,NO_INVESTIGATION,False,,,0,0,0,0,0,0,0.0,11.16,,
2026-07-20,1760.0,27.22,7.6923,7.8383,0.9814,True,,0.0,0.9692,0.9587,0.8433,0.0,0.9858,0.7808,50.52,0.0026,0,False,False,False,False,MIKA,NO_INVESTIGATION,False,0,5,0.0,11.86,,healthcare,27,31.73,51.675,7,0.25925925925925924,2,0.07407407407407407,0.18518518518518517,1,21.95,0.0,0.0,THIN,0.1371742112482853,0.0,13.71742112482853,False,,NO_ACTIVITY_CONTEXT,False,NO_INVESTIGATION,False,,,0,0,0,0,0,0,0.0,11.86,,
2026-07-21,1750.0,30.32,7.4074,7.7255,0.9588,True,,6.71,1.102,1.0816,0.865,20.35,1.2054,1.1473,0.0,-0.5451,0,False,False,False,False,MIKA,NO_INVESTIGATION,False,0,5,0.0,12.65,,healthcare,27,21.74,66.245,9,0.3333333333333333,5,0.18518518518518517,0.25925925925925924,1,21.74,0.0,0.0,THIN,0.17283950617283952,0.0,17.283950617283953,False,,NO_ACTIVITY_CONTEXT,False,NO_INVESTIGATION,False,,,0,0,0,0,0,0,0.0,12.65,,
2026-07-22,1730.0,74.81,4.5584,7.5499,0.6038,True,,44.09,1.6546,1.6621,1.0212,65.36,1.5283,1.5378,0.0,-0.5755,2,True,False,True,False,MIKA,NO_INVESTIGATION,False,0,5,0.0,41.73,,healthcare,27,44.55,85.55000000000001,13,0.48148148148148145,3,0.1111111111111111,0.48148148148148145,1,15.05,0.0,1.0,THIN,0.24965706447187933,1.0,24.965706447187934,True,24.965706447187934,MIXED_CONTEXT,True,NO_INVESTIGATION,False,,,0,0,0,0,0,0,0.0,41.73,,
2026-07-23,1750.0,74.88,4.0,6.343,0.6306,True,,14.19,1.204,1.1976,0.6853,76.98,1.6469,1.6781,0.0,-0.7481,1,True,False,False,False,MIKA,NO_INVESTIGATION,False,0,5,0.0,34.52,,healthcare,27,50.68,81.85,14,0.5185185185185185,2,0.07407407407407407,0.25925925925925924,1,11.91,0.0,1.0,THIN,0.12482853223593965,1.0,12.482853223593965,True,12.482853223593965,MARKET_WIDE_ACTIVITY,True,NO_INVESTIGATION,False,,,0,0,0,0,0,0,0.0,34.52,,
2026-07-24,1750.0,59.05,4.0,5.2786,0.7578,True,,0.0,0.7258,0.722,0.8224,9.28,0.848,1.1865,0.0,-0.508,0,True,False,False,False,MIKA,NO_INVESTIGATION,False,0,5,0.0,16.15,,healthcare,27,11.43,44.915,6,0.2222222222222222,1,0.037037037037037035,0.2962962962962963,1,0.0,0.0,1.0,THIN,0.23045267489711932,1.0,23.045267489711932,False,,NO_ACTIVITY_CONTEXT,False,NO_INVESTIGATION,False,,,0,0,0,0,0,0,0.0,16.15,,
2026-07-27,1750.0,57.54,4.0,5.1393,0.7783,True,,29.49,1.3149,1.2953,1.1726,11.45,1.1703,0.9984,0.0,-0.5595,2,True,False,True,False,MIKA,NO_INVESTIGATION,False,0,5,0.0,24.95,,healthcare,27,0.0,14.01,1,0.037037037037037035,0,0.0,0.9259259259259259,1,0.0,0.0,1.0,THIN,0.8916323731138547,1.0,89.16323731138547,True,89.16323731138547,STOCK_SPECIFIC_ACTIVITY,True,NO_INVESTIGATION,False,,,0,0,0,0,0,0,0.0,24.95,,
2026-07-28,1770.0,0.64,6.0,4.8529,1.2364,True,,0.0,0.5029,0.4882,0.8789,0.0,0.5943,0.8504,14.55,-0.1836,0,False,False,False,False,MIKA,NO_INVESTIGATION,False,0,5,0.0,1.61,,healthcare,27,0.0,4.82,1,0.037037037037037035,1,0.037037037037037035,0.6296296296296297,1,43.93,0.0,0.0,THIN,0.6063100137174212,0.0,60.63100137174212,False,,NO_ACTIVITY_CONTEXT,False,NO_INVESTIGATION,False,,,0,0,0,0,0,0,0.0,1.61,,
2026-07-29,1700.0,0.0,7.4286,4.8529,1.5307,True,,20.08,0.8905,0.8697,1.5619,0.0,0.6278,0.6076,52.3,0.0115,1,False,False,False,False,MIKA,NO_INVESTIGATION,False,0,5,0.0,11.25,,healthcare,27,2.68,28.005,3,0.1111111111111111,1,0.037037037037037035,0.7037037037037037,1,2.68,0.0,1.0,THIN,0.625514403292181,1.0,62.5514403292181,True,62.5514403292181,MIXED_CONTEXT,False,NO_INVESTIGATION,False,,,0,0,0,0,0,0,0.0,11.25,,
2026-07-30,1730.0,0.0,8.0,4.8529,1.6485,True,,3.09,0.4609,0.469,1.0881,0.0,0.4586,0.4551,39.18,-0.0433,0,False,False,False,False,MIKA,NO_INVESTIGATION,False,0,5,0.0,4.84,,healthcare,27,0.45,16.86,2,0.07407407407407407,0,0.0,0.5925925925925926,1,3.2,0.0,0.0,THIN,0.5486968449931413,0.0,54.86968449931413,False,,NO_ACTIVITY_CONTEXT,False,NO_INVESTIGATION,False,,,0,0,0,0,0,0,0.0,4.84,,
2026-07-31,1765.0,0.0,8.0,4.9922,1.6025,True,,34.01,1.0662,1.0404,2.0533,18.7,0.5622,1.3826,19.2,-0.1464,1,False,False,False,False,MIKA,NO_INVESTIGATION,False,0,5,0.0,14.93,,healthcare,27,9.39,62.57,8,0.2962962962962963,3,0.1111111111111111,0.6666666666666666,1,65.94,1.0,0.0,THIN,0.4691358024691358,0.0,46.913580246913575,True,46.913580246913575,MIXED_CONTEXT,False,NO_INVESTIGATION,False,,,0,0,0,0,0,0,0.0,14.93,,
2026-08-03,1830.0,0.0,7.932,5.2786,1.5027,True,,1.31,1.0296,0.9838,0.8118,40.85,1.3325,1.4417,88.7,0.2247,0,False,False,False,False,MIKA,NO_INVESTIGATION,False,0,5,0.0,15.39,,healthcare,27,13.11,61.47,9,0.3333333333333333,1,0.037037037037037035,0.4074074074074074,1,59.15,1.0,0.0,THIN,0.271604938271605,0.0,27.160493827160497,False,,NO_ACTIVITY_CONTEXT,False,NO_INVESTIGATION,False,,,0,0,0,0,0,0,0.0,15.39,,
2026-08-04,1805.0,0.0,8.4986,5.6393,1.507,True,,15.36,0.6484,0.6326,1.4078,1.0,0.4903,1.0225,14.69,-0.1825,1,False,False,False,False,MIKA,NO_INVESTIGATION,False,0,5,0.0,6.23,,healthcare,27,10.55,26.145000000000003,5,0.18518518518518517,0,0.0,0.6296296296296297,1,0.0,0.0,1.0,THIN,0.5130315500685871,1.0,51.30315500685872,True,51.30315500685872,MIXED_CONTEXT,False,NO_INVESTIGATION,False,,,0,0,0,0,0,0,0.0,6.23,,
2026-08-05,1855.0,0.0,10.2493,6.7037,1.5289,True,,22.83,0.6777,0.648,1.6639,5.38,0.4337,1.1236,0.0,-0.4464,1,False,False,False,False,MIKA,NO_INVESTIGATION,False,0,5,0.0,7.66,,healthcare,27,40.75,82.745,12,0.4444444444444444,1,0.037037037037037035,0.4444444444444444,1,100.0,1.0,0.0,THIN,0.24691358024691357,0.0,24.691358024691358,True,24.691358024691358,MIXED_CONTEXT,False,NO_INVESTIGATION,False,,,0,0,0,0,0,0,0.0,7.66,,
2026-08-06,1795.0,29.46,7.2022,7.418,0.9709,True,,9.24,1.0975,1.0389,1.1076,27.25,1.06,1.5278,0.0,-0.327,0,False,False,False,False,MIKA,NO_INVESTIGATION,False,0,5,0.0,14.22,,healthcare,27,18.02,56.93,10,0.37037037037037035,0,0.0,0.37037037037037035,1,62.69,1.0,0.0,THIN,0.23319615912208505,0.0,23.319615912208505,False,,NO_ACTIVITY_CONTEXT,False,NO_INVESTIGATION,False,,,0,0,0,0,0,0,0.0,14.22,,
2026-08-07,1890.0,5.05,8.4699,7.418,1.1418,True,,0.0,0.7335,0.6841,0.9559,0.0,0.7839,0.7787,100.0,0.3913,0,False,False,False,False,MIKA,NO_INVESTIGATION,False,0,5,0.0,11.26,,healthcare,27,0.0,28.735,4,0.14814814814814814,0,0.0,0.5185185185185185,1,0.01,0.0,0.0,THIN,0.44170096021947874,0.0,44.17009602194788,False,,NO_ACTIVITY_CONTEXT,False,NO_INVESTIGATION,False,,,0,0,0,0,0,0,0.0,11.26,,
2026-08-10,1855.0,60.78,6.1995,7.5604,0.82,True,,0.0,0.8062,0.749,0.9375,15.09,0.9652,1.3271,25.32,-0.0987,0,True,False,False,False,MIKA,NO_INVESTIGATION,False,0,5,0.0,19.99,,healthcare,27,12.47,68.595,8,0.2962962962962963,3,0.1111111111111111,0.2962962962962963,1,0.0,0.0,1.0,THIN,0.2085048010973937,1.0,20.85048010973937,False,,NO_ACTIVITY_CONTEXT,False,NO_INVESTIGATION,False,,,0,0,0,0,0,0,0.0,19.99,,
2026-08-11,1800.0,39.82,7.0081,7.5604,0.9269,True,,0.0,0.8509,0.8261,0.8303,15.99,1.2315,1.0464,94.12,0.2608,0,False,False,False,False,MIKA,NO_INVESTIGATION,False,0,5,0.0,21.77,,healthcare,27,2.88,13.344999999999999,2,0.07407407407407407,0,0.0,0.37037037037037035,1,14.03,0.0,0.0,THIN,0.34293552812071326,0.0,34.293552812071326,False,,NO_ACTIVITY_CONTEXT,False,NO_INVESTIGATION,False,,,0,0,0,0,0,0,0.0,21.77,,
2026-08-12,1800.0,18.95,7.7778,7.5604,1.0287,True,,0.0,0.5215,0.5089,0.4471,22.87,1.2333,1.1952,0.0,-0.5272,0,False,False,False,False,MIKA,NO_INVESTIGATION,False,0,5,0.0,8.17,,healthcare,27,0.0,9.42,1,0.037037037037037035,0,0.0,0.5185185185185185,1,0.48,0.0,0.0,THIN,0.4993141289437586,0.0,49.93141289437586,False,,NO_ACTIVITY_CONTEXT,False,NO_INVESTIGATION,False,,,0,0,0,0,0,0,0.0,8.17,,
2026-08-13,1800.0,3.47,8.8889,7.5604,1.1757,True,,0.0,0.6268,0.6282,0.7125,0.0,0.8337,0.938,0.0,-0.3001,0,False,False,False,False,MIKA,NO_INVESTIGATION,False,0,5,0.0,0.87,,healthcare,27,0.0,3.51,1,0.037037037037037035,0,0.0,0.5925925925925926,1,0.0,0.0,1.0,THIN,0.5706447187928669,1.0,57.06447187928669,False,,NO_ACTIVITY_CONTEXT,False,NO_INVESTIGATION,False,,,0,0,0,0,0,0,0.0,0.87,,
2026-08-14,1760.0,3.47,8.8889,7.5604,1.1757,True,,0.0,0.347,0.3458,0.5255,0.0,0.6259,0.5921,0.0,-0.5215,0,False,False,False,False,MIKA,NO_INVESTIGATION,False,0,5,0.0,0.87,,healthcare,27,0.0,1.06,2,0.07407407407407407,0,0.0,0.7037037037037037,1,27.46,0.0,0.0,THIN,0.6515775034293553,0.0,65.15775034293553,False,,NO_ACTIVITY_CONTEXT,False,NO_INVESTIGATION,False,,,0,0,0,0,0,0,0.0,0.87,,
2026-08-18,1760.0,14.13,8.0556,7.5604,1.0655,True,,21.29,0.7892,0.8087,1.5396,0.43,0.4884,1.0095,11.01,-0.2119,1,False,False,False,False,MIKA,NO_INVESTIGATION,False,0,5,0.0,11.09,,healthcare,27,2.79,22.799999999999997,4,0.14814814814814814,1,0.037037037037037035,0.7407407407407407,1,17.58,0.0,1.0,THIN,0.6310013717421125,1.0,63.10013717421125,True,63.10013717421125,MIXED_CONTEXT,False,NO_INVESTIGATION,False,,,0,0,0,0,0,0,0.0,11.09,,
2026-08-19,1775.0,85.29,4.7887,7.6032,0.6298,True,,30.08,1.1423,1.1669,1.4933,18.13,0.7632,1.3671,0.0,-0.312,1,True,False,False,False,MIKA,NO_INVESTIGATION,False,0,5,0.0,33.07,,healthcare,27,0.0,27.994999999999997,6,0.2222222222222222,0,0.0,0.7777777777777778,1,0.0,0.0,1.0,THIN,0.6049382716049383,1.0,60.49382716049383,True,60.49382716049383,MIXED_CONTEXT,True,NO_INVESTIGATION,False,,,0,0,0,0,0,0,0.0,33.07,,
2026-08-20,1790.0,82.19,4.7887,7.6032,0.6298,True,,88.42,3.8224,3.8735,1.5401,77.46,2.5483,1.4081,68.58,0.0929,3,True,True,True,True,MIKA,EMERGING,True,1,5,20.0,69.55,69.55,healthcare,27,10.87,68.375,9,0.3333333333333333,1,0.037037037037037035,0.9259259259259259,1,52.22,1.0,1.0,THIN,0.617283950617284,0.0,61.728395061728406,True,61.728395061728406,MIXED_CONTEXT,True,EMERGING,True,MIKA-20260820-02,2026-08-20,1,1,1,1,1,0,20.0,69.55,69.55,
2026-08-21,1825.0,67.19,5.6338,7.6032,0.741,True,,65.69,1.9081,1.8941,1.2707,33.66,1.5418,0.3341,50.0,0.0,3,True,True,True,True,MIKA,DEVELOPING,True,2,5,40.0,54.55,54.55,healthcare,27,0.0,22.455,3,0.1111111111111111,1,0.037037037037037035,0.9259259259259259,1,4.51,0.0,1.0,THIN,0.8230452674897119,1.0,82.30452674897118,True,82.30452674897118,STOCK_SPECIFIC_ACTIVITY,True,DEVELOPING,True,MIKA-20260820-02,2026-08-20,2,2,2,2,2,0,40.0,54.55,54.55,
2026-08-24,1845.0,26.06,7.5419,7.6032,0.9919,True,,30.21,1.345,1.3153,1.1977,28.67,1.0957,1.4793,79.63,0.1642,2,False,False,True,False,MIKA,WEAKENING,True,2,5,40.0,35.84,35.84,healthcare,27,6.91,39.585,6,0.2222222222222222,0,0.0,0.7407407407407407,1,0.0,0.0,1.0,THIN,0.5761316872427983,1.0,57.61316872427983,True,57.61316872427983,MIXED_CONTEXT,False,WEAKENING,True,MIKA-20260820-02,2026-08-20,3,2,2,2,2,1,40.0,35.84,35.84,
2026-08-26,1860.0,18.45,7.9452,7.6598,1.0373,True,,86.32,1.9373,1.9095,1.9749,24.3,0.9657,1.5472,80.88,0.1725,3,False,True,True,False,MIKA,WEAKENING,True,2,5,40.0,50.24,50.24,healthcare,27,50.01,74.195,14,0.5185185185185185,1,0.037037037037037035,0.8148148148148148,1,1.64,0.0,1.0,THIN,0.39231824417009603,1.0,39.231824417009605,True,39.231824417009605,MARKET_WIDE_ACTIVITY,False,CLOSED,False,MIKA-20260820-02,2026-08-20,4,2,2,2,2,2,40.0,50.24,,TWO_UNSUPPORTED_SESSIONS
2026-08-27,1875.0,6.81,8.6721,7.8549,1.104,True,,70.55,1.7496,1.7125,1.677,18.64,0.9878,1.4259,78.96,0.1597,3,False,True,True,False,MIKA,WEAKENING,True,2,5,40.0,41.56,41.56,healthcare,27,0.0,54.835,8,0.2962962962962963,2,0.07407407407407407,0.8518518518518519,1,0.0,0.0,1.0,THIN,0.5994513031550068,1.0,59.945130315500684,True,59.945130315500684,MIXED_CONTEXT,False,NO_INVESTIGATION,False,,,0,0,0,0,0,0,0.0,33.56,,
2026-08-28,1875.0,43.19,7.2581,7.9386,0.9143,True,,0.0,0.5651,0.5306,0.5306,6.86,0.9902,1.1623,100.0,0.3367,0,False,False,False,False,MIKA,WEAKENING,True,1,5,20.0,25.83,25.83,healthcare,27,0.0,48.61,7,0.25925925925925924,2,0.07407407407407407,0.5185185185185185,1,0.0,0.0,1.0,THIN,0.38408779149519884,1.0,38.40877914951989,False,,NO_ACTIVITY_CONTEXT,False,NO_INVESTIGATION,False,,,0,0,0,0,0,0,0.0,21.83,,
2026-08-31,1860.0,77.96,5.6452,7.9386,0.7111,True,,4.42,0.8303,0.8184,1.141,1.66,0.689,1.0356,100.0,0.4078,0,True,False,False,False,MIKA,NO_INVESTIGATION,False,0,5,0.0,31.06,,healthcare,27,69.98,80.765,17,0.6296296296296297,4,0.14814814814814814,0.25925925925925924,1,0.0,0.0,1.0,THIN,0.09602194787379971,1.0,9.602194787379972,False,,NO_ACTIVITY_CONTEXT,False,NO_INVESTIGATION,False,,,0,0,0,0,0,0,0.0,31.06,,
2026-09-01,1850.0,76.05,5.6452,7.8549,0.7187,True,,2.81,0.4061,0.3998,1.0872,0.0,0.3279,0.9884,62.96,0.0648,0,True,False,False,False,MIKA,NO_INVESTIGATION,False,0,5,0.0,26.15,,healthcare,27,54.42,84.5,14,0.5185185185185185,2,0.07407407407407407,0.25925925925925924,1,11.2,0.0,0.0,THIN,0.12482853223593965,0.0,12.482853223593965,False,,NO_ACTIVITY_CONTEXT,False,NO_INVESTIGATION,False,,,0,0,0,0,0,0,0.0,26.15,,
2026-09-02,1925.0,23.12,7.7333,7.6598,1.0096,True,,81.65,2.2256,2.1832,1.5588,10.09,1.1646,0.8528,100.0,0.316,3,False,True,True,False,MIKA,NO_INVESTIGATION,False,0,5,0.0,41.79,,healthcare,27,17.97,62.275000000000006,8,0.2962962962962963,0,0.0,0.8518518518518519,1,6.55,0.0,1.0,THIN,0.5994513031550068,1.0,59.945130315500684,True,59.945130315500684,MIXED_CONTEXT,False,NO_INVESTIGATION,False,,,0,0,0,0,0,0,0.0,41.79,,
2026-09-03,1925.0,22.66,7.7333,7.6376,1.0125,True,,0.0,0.9946,0.9653,0.9366,0.0,0.8401,0.9446,100.0,0.5182,0,False,False,False,False,MIKA,NO_INVESTIGATION,False,0,5,0.0,15.66,,healthcare,27,32.28,69.175,9,0.3333333333333333,1,0.037037037037037035,0.2222222222222222,1,21.7,0.0,0.0,THIN,0.14814814814814817,0.0,14.814814814814817,False,,NO_ACTIVITY_CONTEXT,False,NO_INVESTIGATION,False,,,0,0,0,0,0,0,0.0,15.66,,
2026-09-04,1905.0,25.29,7.6115,7.6376,0.9966,True,,0.0,0.2998,0.2981,0.4686,0.0,0.5328,0.9259,58.58,0.0429,0,False,False,False,False,MIKA,NO_INVESTIGATION,False,0,5,0.0,12.18,,healthcare,27,0.0,24.19,5,0.18518518518518517,1,0.037037037037037035,0.5185185185185185,1,0.0,0.0,1.0,THIN,0.4224965706447188,1.0,42.249657064471876,False,,NO_ACTIVITY_CONTEXT,False,NO_INVESTIGATION,False,,,0,0,0,0,0,0,0.0,12.18,,
2026-09-07,1945.0,65.37,5.974,7.5767,0.7885,True,,81.9,1.8781,1.835,2.3063,5.39,0.6914,1.1069,100.0,0.4895,3,True,True,True,True,MIKA,EMERGING,True,1,5,20.0,55.72,55.72,healthcare,27,0.77,43.894999999999996,6,0.2222222222222222,2,0.07407407407407407,0.9259259259259259,1,100.0,1.0,0.0,THIN,0.720164609053498,0.0,72.0164609053498,True,72.0164609053498,STOCK_SPECIFIC_ACTIVITY,True,EMERGING,True,MIKA-20260907-03,2026-09-07,1,1,1,1,1,0,20.0,55.72,55.72,
2026-09-08,1920.0,44.05,6.7532,7.5767,0.8913,True,,78.11,2.0156,1.9644,1.6674,0.9,1.0125,0.9053,100.0,0.3051,3,False,True,True,False,MIKA,WEAKENING,True,1,5,20.0,48.58,48.58,healthcare,27,21.11,72.91999999999999,10,0.37037037037037035,1,0.037037037037037035,0.8518518518518519,1,63.9,1.0,1.0,THIN,0.5363511659807957,0.0,53.63511659807957,True,53.63511659807957,MIXED_CONTEXT,True,DEVELOPING,True,MIKA-20260907-03,2026-09-07,2,1,2,2,1,0,40.0,52.58,52.58,
2026-09-09,1890.0,52.66,6.25,7.4,0.8446,True,,0.0,0.8924,0.8652,0.9445,0.0,0.8092,0.7203,100.0,0.3768,0,False,False,False,False,MIKA,WEAKENING,True,1,5,20.0,27.16,27.16,healthcare,27,51.62,75.14,14,0.5185185185185185,4,0.14814814814814814,0.18518518518518517,1,56.74,1.0,0.0,THIN,0.08916323731138547,0.0,8.916323731138547,False,,NO_ACTIVITY_CONTEXT,False,WEAKENING,True,MIKA-20260907-03,2026-09-07,3,1,2,2,1,1,40.0,31.16,31.16,
2026-09-10,1815.0,0.0,9.9738,7.4,1.3478,True,,24.3,1.3577,1.3762,1.0098,9.16,1.1293,0.4143,100.0,0.347,2,False,False,True,False,MIKA,WEAKENING,True,1,5,20.0,22.66,22.66,healthcare,27,23.38,67.435,12,0.4444444444444444,2,0.07407407407407407,0.5555555555555556,1,3.11,0.0,1.0,THIN,0.308641975308642,1.0,30.864197530864203,True,30.864197530864203,MIXED_CONTEXT,False,CLOSED,False,MIKA-20260907-03,2026-09-07,4,1,2,2,1,2,40.0,26.66,,TWO_UNSUPPORTED_SESSIONS
2026-09-11,1860.0,0.0,11.1111,7.5767,1.4665,True,,35.38,1.5727,1.5839,0.6948,56.44,1.9293,0.7832,55.94,0.0297,2,False,False,True,False,MIKA,WEAKENING,True,1,5,20.0,28.67,28.67,healthcare,27,18.62,50.334999999999994,7,0.25925925925925924,0,0.0,0.6296296296296297,1,39.25,0.0,0.0,THIN,0.4663923182441701,0.0,46.63923182441701,True,46.63923182441701,MIXED_CONTEXT,False,NO_INVESTIGATION,False,,,0,0,0,0,0,0,0.0,24.67,,
2026-09-14,1860.0,0.0,11.2903,7.5767,1.4901,True,,0.0,0.5474,0.5314,0.8596,1.37,0.6399,1.0288,100.0,0.6232,0,False,False,False,False,MIKA,NO_INVESTIGATION,False,0,5,0.0,10.21,,healthcare,27,26.07,74.15,11,0.4074074074074074,0,0.0,0.2222222222222222,1,0.0,0.0,1.0,THIN,0.1316872427983539,1.0,13.16872427983539,False,,NO_ACTIVITY_CONTEXT,False,NO_INVESTIGATION,False,,,0,0,0,0,0,0,0.0,10.21,,
2026-09-15,1810.0,2.04,9.1398,7.5767,1.2063,True,,0.0,0.3414,0.34,0.5216,4.01,0.7116,1.0838,39.47,-0.0421,0,False,False,False,False,MIKA,NO_INVESTIGATION,False,0,5,0.0,5.06,,healthcare,27,0.0,11.379999999999999,4,0.14814814814814814,0,0.0,0.5185185185185185,1,45.54,0.0,0.0,THIN,0.44170096021947874,0.0,44.17009602194788,False,,NO_ACTIVITY_CONTEXT,False,NO_INVESTIGATION,False,,,0,0,0,0,0,0,0.0,5.06,,
2026-09-16,1790.0,44.93,6.6116,7.5767,0.8726,True,,0.0,0.1702,0.1718,0.196,9.67,0.9441,1.1751,0.0,-0.3392,0,False,False,False,False,MIKA,NO_INVESTIGATION,False,0,5,0.0,12.68,,healthcare,27,0.0,19.835,2,0.07407407407407407,0,0.0,0.5185185185185185,1,0.0,0.0,1.0,THIN,0.4801097393689986,1.0,48.01097393689986,False,,NO_ACTIVITY_CONTEXT,False,NO_INVESTIGATION,False,,,0,0,0,0,0,0,0.0,12.68,,
2026-09-17,1750.0,18.05,7.7348,7.4,1.0452,True,,0.0,0.502,0.5171,0.5593,0.0,0.9894,0.9398,13.71,-0.1903,0,False,False,False,False,MIKA,NO_INVESTIGATION,False,0,5,0.0,5.88,,healthcare,27,0.0,8.625,3,0.1111111111111111,0,0.0,0.6666666666666666,1,0.0,0.0,1.0,THIN,0.5925925925925926,1.0,59.25925925925925,False,,NO_ACTIVITY_CONTEXT,False,NO_INVESTIGATION,False,,,0,0,0,0,0,0,0.0,5.88,,
2026-09-18,1725.0,0.0,12.2905,7.5767,1.6221,True,,79.84,3.664,4.0254,1.4227,60.0,2.624,0.9954,65.32,0.0766,3,False,True,True,False,MIKA,NO_INVESTIGATION,False,0,5,0.0,39.48,,healthcare,27,48.09,72.95,12,0.4444444444444444,1,0.037037037037037035,0.8148148148148148,1,0.0,0.0,1.0,THIN,0.45267489711934156,1.0,45.267489711934154,True,45.267489711934154,MIXED_CONTEXT,False,NO_INVESTIGATION,False,,,0,0,0,0,0,0,0.0,39.48,,
2026-09-21,1740.0,0.0,11.1429,7.6724,1.4523,True,,0.0,0.2273,0.2464,0.261,9.9,0.8874,1.1539,0.0,-0.5618,0,False,False,False,False,MIKA,NO_INVESTIGATION,False,0,5,0.0,1.49,,healthcare,27,0.0,3.005,2,0.07407407407407407,0,0.0,0.7037037037037037,1,0.0,0.0,1.0,THIN,0.6515775034293553,1.0,65.15775034293553,False,,NO_ACTIVITY_CONTEXT,False,NO_INVESTIGATION,False,,,0,0,0,0,0,0,0.0,1.49,,
2026-09-22,1740.0,8.52,8.6207,7.7333,1.1147,True,,0.0,0.7743,0.851,0.2801,85.76,2.5168,1.4012,6.44,-0.2485,0,False,False,False,False,MIKA,NO_INVESTIGATION,False,0,5,0.0,15.64,,healthcare,27,2.89,15.330000000000002,4,0.14814814814814814,0,0.0,0.4074074074074074,1,4.4,0.0,0.0,THIN,0.34705075445816186,0.0,34.705075445816185,False,,NO_ACTIVITY_CONTEXT,False,NO_INVESTIGATION,False,,,0,0,0,0,0,0,0.0,15.64,,
2026-09-23,1740.0,18.63,8.046,7.7341,1.0403,True,,0.0,0.1006,0.1089,0.177,0.0,0.4987,0.7065,4.17,-0.2666,0,False,False,False,False,MIKA,NO_INVESTIGATION,False,0,5,0.0,5.07,,healthcare,27,0.0,4.3549999999999995,2,0.07407407407407407,0,0.0,0.6296296296296297,1,0.0,0.0,1.0,THIN,0.5829903978052127,1.0,58.29903978052127,False,,NO_ACTIVITY_CONTEXT,False,NO_INVESTIGATION,False,,,0,0,0,0,0,0,0.0,5.07,,
2026-09-24,1730.0,65.41,5.7471,7.7341,0.7431,True,,0.0,0.2282,0.2363,0.4225,1.94,0.456,1.0321,0.0,-0.6327,0,True,False,False,False,MIKA,NO_INVESTIGATION,False,0,5,0.0,16.64,,healthcare,27,0.0,0.0,2,0.07407407407407407,0,0.0,0.8148148148148148,1,0.0,0.0,1.0,THIN,0.7544581618655692,1.0,75.44581618655693,False,,NO_ACTIVITY_CONTEXT,False,NO_INVESTIGATION,False,,,0,0,0,0,0,0,0.0,16.64,,
2026-09-25,1720.0,96.25,3.4483,7.7333,0.4459,True,,0.0,0.2204,0.2301,0.2292,23.18,0.8313,1.3131,87.0,0.2133,0,True,False,False,False,MIKA,NO_INVESTIGATION,False,0,5,0.0,36.24,,healthcare,27,0.0,0.0,1,0.037037037037037035,0,0.0,0.7777777777777778,1,0.0,0.0,1.0,THIN,0.7489711934156379,1.0,74.8971193415638,False,,NO_ACTIVITY_CONTEXT,False,NO_INVESTIGATION,False,,,0,0,0,0,0,0,0.0,36.24,,
2026-09-28,1675.0,81.29,4.6243,7.7333,0.598,True,,0.0,0.5519,0.5839,0.7272,3.9,0.6724,1.0604,39.85,-0.0406,0,True,False,False,False,MIKA,NO_INVESTIGATION,False,0,5,0.0,24.89,,healthcare,27,0.0,4.0649999999999995,1,0.037037037037037035,0,0.0,0.5555555555555556,1,5.26,0.0,0.0,THIN,0.5349794238683128,0.0,53.49794238683128,False,,NO_ACTIVITY_CONTEXT,False,NO_INVESTIGATION,False,,,0,0,0,0,0,0,0.0,24.89,,
2026-09-29,1675.0,66.7,5.5233,7.7333,0.7142,True,,0.0,0.1963,0.2125,0.41,0.0,0.4818,0.6894,100.0,0.5258,0,True,False,False,False,MIKA,NO_INVESTIGATION,False,0,5,0.0,26.68,,healthcare,27,13.22,41.695,3,0.1111111111111111,0,0.0,0.3333333333333333,1,0.0,0.0,1.0,THIN,0.2962962962962963,1.0,29.629629629629626,False,,NO_ACTIVITY_CONTEXT,False,NO_INVESTIGATION,False,,,0,0,0,0,0,0,0.0,26.68,,
2026-06-12,1700.0,36.85,8.5106,9.2241,0.9227,True,,9.19,1.0652,1.1381,1.0557,2.0,0.934,1.0426,100.0,0.4476,0,False,False,False,False,MYOR,NO_INVESTIGATION,False,0,5,0.0,22.27,,consumer_non_cyclical,27,7.79,25.415,4,0.14814814814814814,0,0.0,0.5555555555555556,3,14.1,0.3333333333333333,0.3333333333333333,GOOD,0.4732510288065844,0.22222222222222224,37.28395061728395,False,,NO_ACTIVITY_CONTEXT,False,NO_INVESTIGATION,False,,,0,0,0,0,0,0,0.0,22.27,,
2026-06-15,1745.0,32.12,8.7879,9.2241,0.9527,True,,51.3,1.5477,1.6085,1.207,20.73,1.1898,1.0372,100.0,0.4783,3,False,True,True,False,MYOR,NO_INVESTIGATION,False,0,5,0.0,36.53,,consumer_non_cyclical,27,42.94,64.585,13,0.48148148148148145,0,0.0,0.5555555555555556,3,15.74,0.3333333333333333,0.6666666666666666,GOOD,0.28806584362139925,0.4444444444444445,35.061728395061735,True,35.061728395061735,MIXED_CONTEXT,False,NO_INVESTIGATION,False,,,0,0,0,0,0,0,0.0,36.53,,
2026-06-17,1770.0,8.77,10.2941,9.2241,1.116,True,,0.0,0.4943,0.486,0.5171,3.99,0.8599,1.0794,65.36,0.0768,0,False,False,False,False,MYOR,NO_INVESTIGATION,False,0,5,0.0,9.33,,consumer_non_cyclical,27,0.0,18.119999999999997,4,0.14814814814814814,0,0.0,0.5185185185185185,3,0.0,0.0,0.6666666666666666,GOOD,0.44170096021947874,0.6666666666666666,53.16872427983539,False,,NO_ACTIVITY_CONTEXT,False,NO_INVESTIGATION,False,,,0,0,0,0,0,0,0.0,9.33,,
2026-06-18,1745.0,22.21,10.0287,9.8768,1.0154,True,,0.0,0.2024,0.2086,0.3093,0.0,0.5918,0.7586,68.39,0.092,0,False,False,False,False,MYOR,NO_INVESTIGATION,False,0,5,0.0,12.39,,consumer_non_cyclical,27,0.0,2.745,1,0.037037037037037035,0,0.0,0.7037037037037037,3,0.0,0.0,1.0,GOOD,0.6776406035665296,1.0,80.65843621399178,False,,NO_ACTIVITY_CONTEXT,False,NO_INVESTIGATION,False,,,0,0,0,0,0,0,0.0,12.39,,
2026-06-19,1990.0,0.0,20.6304,10.1614,2.0303,True,,70.0,3.9543,3.763,0.7311,82.71,4.8568,1.4341,100.0,0.7381,2,False,True,True,False,MYOR,NO_INVESTIGATION,False,0,5,0.0,43.41,,consumer_non_cyclical,27,66.7,70.0,17,0.6296296296296297,6,0.2222222222222222,0.8518518518518519,3,70.0,1.0,1.0,GOOD,0.31550068587105623,0.0,18.930041152263374,True,18.930041152263374,MARKET_WIDE_ACTIVITY,False,NO_INVESTIGATION,False,,,0,0,0,0,0,0,0.0,43.41,,
2026-06-22,1850.0,0.0,17.5141,10.3101,1.6987,True,,16.74,1.1986,1.19,1.0984,3.13,1.0418,0.4553,69.35,0.0968,0,False,False,False,False,MYOR,NO_INVESTIGATION,False,0,5,0.0,12.43,,consumer_non_cyclical,27,0.0,14.54,1,0.037037037037037035,0,0.0,0.7777777777777778,3,0.0,0.0,0.6666666666666666,GOOD,0.7489711934156379,0.6666666666666666,71.60493827160495,False,,NO_ACTIVITY_CONTEXT,False,NO_INVESTIGATION,False,,,0,0,0,0,0,0,0.0,12.43,,
2026-06-23,1815.0,0.0,14.6006,10.5349,1.3859,True,,0.0,0.333,0.3288,0.3722,0.0,0.8444,0.6526,16.32,-0.1694,0,False,False,False,False,MYOR,NO_INVESTIGATION,False,0,5,0.0,1.63,,consumer_non_cyclical,27,0.0,0.0,1,0.037037037037037035,0,0.0,0.8148148148148148,3,0.0,0.0,0.6666666666666666,GOOD,0.7846364883401921,0.6666666666666666,73.74485596707818,False,,NO_ACTIVITY_CONTEXT,False,NO_INVESTIGATION,False,,,0,0,0,0,0,0,0.0,1.63,,
2026-06-24,1855.0,0.0,14.3243,10.5349,1.3597,True,,26.14,1.3585,1.3573,1.0388,33.73,1.3433,0.8249,53.49,0.0175,2,False,False,True,False,MYOR,NO_INVESTIGATION,False,0,5,0.0,18.25,,consumer_non_cyclical,27,0.0,10.780000000000001,1,0.037037037037037035,0,0.0,0.8888888888888888,3,0.0,0.0,1.0,GOOD,0.8559670781893004,1.0,91.35802469135803,True,91.35802469135803,STOCK_SPECIFIC_ACTIVITY,False,NO_INVESTIGATION,False,,,0,0,0,0,0,0,0.0,18.25,,
2026-06-25,1895.0,0.52,13.2075,10.5349,1.2537,True,,51.32,1.5017,1.4846,1.4722,2.04,1.026,0.6926,44.65,-0.0214,3,False,True,True,False,MYOR,NO_INVESTIGATION,False,0,5,0.0,20.3,,consumer_non_cyclical,27,0.0,12.219999999999999,5,0.18518518518518517,1,0.037037037037037035,0.8888888888888888,3,0.0,0.0,1.0,GOOD,0.7242798353909465,1.0,83.4567901234568,True,83.4567901234568,STOCK_SPECIFIC_ACTIVITY,False,NO_INVESTIGATION,False,,,0,0,0,0,0,0,0.0,20.3,,
2026-06-26,1870.0,64.42,7.8167,10.9117,0.7164,True,,0.0,0.3957,0.3812,0.3632,28.14,1.1118,1.3906,13.56,-0.1915,0,True,False,False,False,MYOR,NO_INVESTIGATION,False,0,5,0.0,21.68,,consumer_non_cyclical,27,0.0,0.0,1,0.037037037037037035,0,0.0,0.8148148148148148,3,0.0,0.0,1.0,GOOD,0.7846364883401921,1.0,87.07818930041152,False,,NO_ACTIVITY_CONTEXT,False,NO_INVESTIGATION,False,,,0,0,0,0,0,0,0.0,21.68,,
2026-06-29,1870.0,89.59,5.0802,10.9117,0.4656,True,,0.0,0.7199,0.6834,0.8515,9.41,0.8682,1.2028,0.0,-0.3336,0,True,False,False,False,MYOR,NO_INVESTIGATION,False,0,5,0.0,23.81,,consumer_non_cyclical,27,0.0,0.0,1,0.037037037037037035,0,0.0,0.9629629629629629,3,0.0,0.0,1.0,GOOD,0.9272976680384087,1.0,95.63786008230453,False,,NO_ACTIVITY_CONTEXT,False,NO_INVESTIGATION,False,,,0,0,0,0,0,0,0.0,23.81,,
2026-06-30,1835.0,89.21,4.8128,10.9117,0.4411,True,,49.76,1.5572,1.5109,1.4856,17.76,1.1508,1.1147,100.0,0.3343,3,True,False,True,False,MYOR,NO_INVESTIGATION,False,0,5,0.0,49.89,,consumer_non_cyclical,27,0.0,25.9,2,0.07407407407407407,0,0.0,0.9259259259259259,3,29.63,0.3333333333333333,0.6666666666666666,GOOD,0.8573388203017833,0.4444444444444445,69.21810699588478,True,69.21810699588478,STOCK_SPECIFIC_ACTIVITY,True,NO_INVESTIGATION,False,,,0,0,0,0,0,0,0.0,49.89,,
2026-07-01,1810.0,75.11,6.6845,10.9117,0.6126,True,,0.0,0.7008,0.6472,0.7489,4.56,1.0564,0.7084,100.0,0.3116,0,True,False,False,False,MYOR,NO_INVESTIGATION,False,0,5,0.0,29.46,,consumer_non_cyclical,27,0.0,0.0,1,0.037037037037037035,0,0.0,0.8518518518518519,3,0.0,0.0,1.0,GOOD,0.8203017832647462,1.0,89.21810699588477,False,,NO_ACTIVITY_CONTEXT,False,NO_INVESTIGATION,False,,,0,0,0,0,0,0,0.0,29.46,,
2026-07-02,1745.0,53.08,8.7193,10.9117,0.7991,True,,65.82,1.73,1.6451,1.884,10.34,1.1292,0.7369,31.03,-0.0759,3,False,True,True,False,MYOR,NO_INVESTIGATION,False,0,5,0.0,37.67,,consumer_non_cyclical,27,0.0,0.0,1,0.037037037037037035,0,0.0,1.0,3,0.0,0.0,1.0,GOOD,0.962962962962963,1.0,97.77777777777779,True,97.77777777777779,STOCK_SPECIFIC_ACTIVITY,True,NO_INVESTIGATION,False,,,0,0,0,0,0,0,0.0,37.67,,
2026-07-03,1785.0,57.76,8.2873,10.9117,0.7595,True,,0.0,0.4639,0.4356,0.486,14.47,1.1737,0.8316,100.0,0.3911,0,True,False,False,False,MYOR,NO_INVESTIGATION,False,0,5,0.0,26.61,,consumer_non_cyclical,27,0.0,0.0,1,0.037037037037037035,0,0.0,0.7777777777777778,3,0.0,0.0,0.6666666666666666,GOOD,0.7489711934156379,0.6666666666666666,71.60493827160495,False,,NO_ACTIVITY_CONTEXT,False,NO_INVESTIGATION,False,,,0,0,0,0,0,0,0.0,26.61,,
2026-07-06,1775.0,66.36,7.2829,10.6868,0.6815,True,,0.0,0.374,0.3534,0.5358,15.94,0.7174,1.358,68.33,0.0917,0,True,False,False,False,MYOR,NO_INVESTIGATION,False,0,5,0.0,25.81,,consumer_non_cyclical,27,0.0,0.0,0,0.0,0,0.0,0.8148148148148148,3,0.0,0.0,1.0,GOOD,0.8148148148148148,1.0,88.88888888888889,False,,NO_ACTIVITY_CONTEXT,False,NO_INVESTIGATION,False,,,0,0,0,0,0,0,0.0,25.81,,
2026-07-07,1730.0,51.76,8.169,10.1614,0.8039,True,,7.43,1.075,1.014,1.1475,0.0,0.949,0.8226,0.0,-0.3102,0,False,False,False,False,MYOR,NO_INVESTIGATION,False,0,5,0.0,15.17,,consumer_non_cyclical,27,0.0,6.77,1,0.037037037037037035,1,0.037037037037037035,0.7777777777777778,3,10.42,0.0,0.3333333333333333,GOOD,0.7489711934156379,0.3333333333333333,58.2716049382716,False,,NO_ACTIVITY_CONTEXT,False,NO_INVESTIGATION,False,,,0,0,0,0,0,0,0.0,15.17,,
2026-07-08,1725.0,81.79,5.1576,9.4083,0.5482,True,,0.0,0.5396,0.5258,0.574,12.95,0.9799,1.2927,33.34,-0.0666,0,True,False,False,False,MYOR,NO_INVESTIGATION,False,0,5,0.0,25.72,,consumer_non_cyclical,27,0.0,0.02,0,0.0,0,0.0,0.7407407407407407,3,0.0,0.0,0.6666666666666666,GOOD,0.7407407407407407,0.6666666666666666,71.1111111111111,False,,NO_ACTIVITY_CONTEXT,False,NO_INVESTIGATION,False,,,0,0,0,0,0,0,0.0,25.72,,
2026-07-09,1730.0,69.53,5.7803,8.7536,0.6603,True,,0.0,0.6628,0.6501,0.6961,3.41,0.9926,1.073,34.98,-0.0601,0,True,False,False,False,MYOR,NO_INVESTIGATION,False,0,5,0.0,21.39,,consumer_non_cyclical,27,0.0,0.0,0,0.0,0,0.0,0.8148148148148148,3,0.0,0.0,0.6666666666666666,GOOD,0.8148148148148148,0.6666666666666666,75.55555555555556,False,,NO_ACTIVITY_CONTEXT,False,NO_INVESTIGATION,False,,,0,0,0,0,0,0,0.0,21.39,,
2026-07-10,1715.0,85.37,4.6243,8.615,0.5368,True,,0.0,0.3444,0.3544,0.7147,0.0,0.4723,0.6226,0.0,-0.3155,0,True,False,False,False,MYOR,NO_INVESTIGATION,False,0,5,0.0,21.34,,consumer_non_cyclical,27,0.0,0.0,0,0.0,0,0.0,0.7777777777777778,3,0.0,0.0,0.6666666666666666,GOOD,0.7777777777777778,0.6666666666666666,73.33333333333334,False,,NO_ACTIVITY_CONTEXT,False,NO_INVESTIGATION,False,,,0,0,0,0,0,0,0.0,21.34,,
2026-07-13,1715.0,90.47,4.058,8.399,0.4832,True,,0.0,0.3445,0.3693,0.4653,0.0,0.7083,0.8234,11.2,-0.2104,0,True,False,False,False,MYOR,NO_INVESTIGATION,False,0,5,0.0,23.74,,consumer_non_cyclical,27,0.0,0.0,2,0.07407407407407407,0,0.0,0.7777777777777778,3,0.0,0.0,0.6666666666666666,GOOD,0.720164609053498,0.6666666666666666,69.87654320987656,False,,NO_ACTIVITY_CONTEXT,False,NO_INVESTIGATION,False,,,0,0,0,0,0,0,0.0,23.74,,
2026-07-14,1735.0,92.62,2.029,8.2282,0.2466,True,,0.0,0.5754,0.5968,0.7319,0.0,0.8062,0.9594,0.0,-0.3276,0,True,False,False,False,MYOR,NO_INVESTIGATION,False,0,5,0.0,23.16,,consumer_non_cyclical,27,4.74,24.61,6,0.2222222222222222,0,0.0,0.4074074074074074,3,0.0,0.0,1.0,GOOD,0.3168724279835391,1.0,59.01234567901235,False,,NO_ACTIVITY_CONTEXT,False,NO_INVESTIGATION,False,,,0,0,0,0,0,0,0.0,23.16,,
2026-07-15,1770.0,82.13,4.3353,7.9929,0.5424,True,,64.15,1.9649,1.9221,1.382,49.16,1.334,1.411,11.42,-0.2087,3,True,True,True,True,MYOR,EMERGING,True,1,5,20.0,52.29,52.29,consumer_non_cyclical,27,3.06,20.625,3,0.1111111111111111,2,0.07407407407407407,0.9629629629629629,3,8.64,0.0,1.0,GOOD,0.8559670781893003,1.0,91.35802469135803,True,91.35802469135803,STOCK_SPECIFIC_ACTIVITY,True,EMERGING,True,MYOR-20260715-01,2026-07-15,1,1,1,1,1,0,20.0,52.29,52.29,
2026-07-16,1740.0,79.07,4.3228,7.5498,0.5726,True,,62.25,1.7733,1.8065,1.6676,6.81,1.0905,0.825,38.99,-0.044,3,True,True,True,True,MYOR,DEVELOPING,True,2,5,40.0,51.36,51.36,consumer_non_cyclical,27,2.62,37.715,5,0.18518518518518517,2,0.07407407407407407,0.9259259259259259,3,0.0,0.0,1.0,GOOD,0.7544581618655694,1.0,85.26748971193416,True,85.26748971193416,STOCK_SPECIFIC_ACTIVITY,True,DEVELOPING,True,MYOR-20260715-01,2026-07-15,2,2,2,2,2,0,40.0,51.36,51.36,
2026-07-17,1750.0,74.52,4.3103,6.9837,0.6172,True,,10.71,1.1371,1.2012,0.8127,30.51,1.3295,1.04,21.94,-0.1245,1,True,False,False,False,MYOR,WEAKENING,True,2,5,40.0,36.61,36.61,consumer_non_cyclical,27,10.93,54.2,8,0.2962962962962963,2,0.07407407407407407,0.48148148148148145,3,0.0,0.3333333333333333,0.6666666666666666,GOOD,0.3388203017832647,0.4444444444444445,38.10699588477367,True,38.10699588477367,MIXED_CONTEXT,True,DEVELOPING,True,MYOR-20260715-01,2026-07-15,3,2,3,3,2,0,60.0,40.61,40.61,
2026-07-20,1785.0,72.12,4.0,6.2324,0.6418,True,,0.0,0.734,0.7635,0.7715,22.69,1.0409,1.3574,82.04,0.1803,0,True,False,False,False,MYOR,WEAKENING,True,2,5,40.0,37.64,37.64,consumer_non_cyclical,27,31.73,51.675,7,0.25925925925925924,2,0.07407407407407407,0.18518518518518517,3,42.29,0.3333333333333333,0.0,GOOD,0.1371742112482853,0.0,8.230452674897117,False,,NO_ACTIVITY_CONTEXT,False,WEAKENING,True,MYOR-20260715-01,2026-07-15,4,2,3,3,2,1,60.0,41.64,41.64,
2026-07-21,1760.0,41.9,4.8295,5.469,0.8831,True,,5.75,0.794,0.8032,1.1896,0.41,0.703,1.0085,0.0,-0.5959,0,False,False,False,False,MYOR,WEAKENING,True,2,5,40.0,20.26,20.26,consumer_non_cyclical,27,21.74,66.245,9,0.3333333333333333,5,0.18518518518518517,0.2222222222222222,3,41.04,0.3333333333333333,0.3333333333333333,GOOD,0.14814814814814817,0.22222222222222224,17.777777777777782,False,,NO_ACTIVITY_CONTEXT,False,CLOSED,False,MYOR-20260715-01,2026-07-15,5,2,3,3,2,2,60.0,24.26,,TWO_UNSUPPORTED_SESSIONS
2026-07-22,1795.0,0.0,7.1023,5.1189,1.3875,True,,100.0,3.6592,3.624,3.0679,15.92,1.1889,0.984,47.03,-0.0119,3,False,True,True,False,MYOR,WEAKENING,True,1,5,20.0,41.09,41.09,consumer_non_cyclical,27,44.55,85.55000000000001,13,0.48148148148148145,3,0.1111111111111111,1.0,3,55.64,0.6666666666666666,1.0,GOOD,0.5185185185185186,0.33333333333333337,44.44444444444445,True,44.44444444444445,PEER_CLUSTERED_ACTIVITY,False,NO_INVESTIGATION,False,,,0,0,0,0,0,0,0.0,37.09,,
2026-07-23,1750.0,0.0,7.1023,5.1189,1.3875,True,,48.14,1.45,1.4629,1.575,1.92,0.9177,1.0397,2.33,-0.2814,3,False,False,True,False,MYOR,NO_INVESTIGATION,False,0,5,0.0,14.96,,consumer_non_cyclical,27,50.68,81.85,14,0.5185185185185185,2,0.07407407407407407,0.48148148148148145,3,74.17,1.0,0.0,GOOD,0.23182441700960219,0.0,13.909465020576132,True,13.909465020576132,MARKET_WIDE_ACTIVITY,False,NO_INVESTIGATION,False,,,0,0,0,0,0,0,0.0,14.96,,
2026-07-24,1705.0,0.0,8.5227,5.1189,1.665,True,,25.06,1.1052,1.1552,1.5258,0.52,0.7268,1.0109,3.64,-0.2709,1,False,False,False,False,MYOR,NO_INVESTIGATION,False,0,5,0.0,7.96,,consumer_non_cyclical,27,11.43,44.915,6,0.2222222222222222,1,0.037037037037037035,0.6296296296296297,3,27.33,0.3333333333333333,0.3333333333333333,GOOD,0.48971193415637865,0.22222222222222224,38.27160493827161,True,38.27160493827161,MIXED_CONTEXT,False,NO_INVESTIGATION,False,,,0,0,0,0,0,0,0.0,7.96,,
2026-07-27,1740.0,0.0,8.5714,5.1189,1.6745,True,,0.0,0.7971,0.8528,0.7271,37.67,1.1254,1.4992,87.61,0.2174,0,False,False,False,False,MYOR,NO_INVESTIGATION,False,0,5,0.0,14.41,,consumer_non_cyclical,27,0.0,14.01,1,0.037037037037037035,0,0.0,0.5925925925925926,3,0.0,0.0,0.6666666666666666,GOOD,0.5706447187928669,0.6666666666666666,60.90534979423868,False,,NO_ACTIVITY_CONTEXT,False,NO_INVESTIGATION,False,,,0,0,0,0,0,0,0.0,14.41,,
2026-07-28,1710.0,0.0,8.6207,5.469,1.5763,True,,0.81,0.5173,0.5303,1.026,0.0,0.5079,0.9579,5.01,-0.2599,0,False,False,False,False,MYOR,NO_INVESTIGATION,False,0,5,0.0,0.74,,consumer_non_cyclical,27,0.0,4.82,1,0.037037037037037035,1,0.037037037037037035,0.6666666666666666,3,4.7,0.0,0.3333333333333333,GOOD,0.6419753086419753,0.3333333333333333,51.85185185185185,False,,NO_ACTIVITY_CONTEXT,False,NO_INVESTIGATION,False,,,0,0,0,0,0,0,0.0,0.74,,
2026-07-29,1725.0,15.31,6.6667,6.2324,1.0697,True,,42.07,1.209,1.2073,2.0796,13.69,0.5425,1.1573,42.06,-0.0318,3,False,False,True,False,MYOR,NO_INVESTIGATION,False,0,5,0.0,22.71,,consumer_non_cyclical,27,2.68,28.005,3,0.1111111111111111,1,0.037037037037037035,0.8518518518518519,3,4.46,0.3333333333333333,0.6666666666666666,GOOD,0.757201646090535,0.4444444444444445,63.20987654320987,True,63.20987654320987,MIXED_CONTEXT,False,NO_INVESTIGATION,False,,,0,0,0,0,0,0,0.0,22.71,,
2026-07-30,1720.0,90.26,2.6163,6.2235,0.4204,True,,0.0,0.5564,0.5543,0.6015,0.0,0.8826,0.9671,27.31,-0.0908,0,True,False,False,False,MYOR,NO_INVESTIGATION,False,0,5,0.0,25.3,,consumer_non_cyclical,27,0.45,16.86,2,0.07407407407407407,0,0.0,0.48148148148148145,3,15.42,0.0,0.3333333333333333,GOOD,0.4458161865569273,0.3333333333333333,40.08230452674897,False,,NO_ACTIVITY_CONTEXT,False,NO_INVESTIGATION,False,,,0,0,0,0,0,0,0.0,25.3,,
2026-07-31,1685.0,73.25,3.4884,5.469,0.6378,True,,94.56,2.4598,2.5299,2.7458,25.39,0.8447,1.3914,7.11,-0.2432,3,True,True,True,True,MYOR,EMERGING,True,1,5,20.0,55.2,55.2,consumer_non_cyclical,27,9.39,62.57,8,0.2962962962962963,3,0.1111111111111111,0.9259259259259259,3,3.43,0.3333333333333333,1.0,GOOD,0.6515775034293553,0.6666666666666667,65.76131687242798,True,65.76131687242798,STOCK_SPECIFIC_ACTIVITY,True,EMERGING,True,MYOR-20260731-02,2026-07-31,1,1,1,1,1,0,20.0,55.2,55.2,
2026-08-03,1660.0,10.51,5.5556,4.9936,1.1125,True,,89.11,2.2796,2.3471,2.4038,0.57,0.974,1.0113,0.0,-0.3207,3,False,True,True,False,MYOR,WEAKENING,True,1,5,20.0,33.45,33.45,consumer_non_cyclical,27,13.11,61.47,9,0.3333333333333333,1,0.037037037037037035,0.8888888888888888,3,94.61,0.6666666666666666,0.3333333333333333,GOOD,0.5925925925925927,0.11111111111111112,40.0,True,40.0,PEER_CLUSTERED_ACTIVITY,False,WEAKENING,True,MYOR-20260731-02,2026-07-31,2,1,1,1,1,1,20.0,33.45,33.45,
2026-08-04,1685.0,15.04,5.3412,4.9936,1.0696,True,,19.15,1.2704,1.298,0.7892,48.83,1.694,1.028,0.0,-0.3387,2,False,False,True,False,MYOR,WEAKENING,True,1,5,20.0,20.83,20.83,consumer_non_cyclical,27,10.55,26.145000000000003,5,0.18518518518518517,0,0.0,0.7037037037037037,3,19.07,0.0,0.6666666666666666,GOOD,0.5733882030178327,0.6666666666666666,61.06995884773663,True,61.06995884773663,MIXED_CONTEXT,False,CLOSED,False,MYOR-20260731-02,2026-07-31,3,1,1,1,1,2,20.0,20.83,,TWO_UNSUPPORTED_SESSIONS
2026-08-05,1675.0,14.6,5.3412,4.9936,1.0696,True,,100.0,4.0595,4.1343,2.8016,44.24,1.6544,0.5908,22.71,-0.1184,3,False,True,True,False,MYOR,WEAKENING,True,1,5,20.0,46.56,46.56,consumer_non_cyclical,27,40.75,82.745,12,0.4444444444444444,1,0.037037037037037035,1.0,3,82.77,1.0,1.0,GOOD,0.5555555555555556,0.0,33.33333333333333,True,33.33333333333333,PEER_CLUSTERED_ACTIVITY,False,NO_INVESTIGATION,False,,,0,0,0,0,0,0,0.0,42.56,,
2026-08-06,1675.0,43.27,4.4776,5.0854,0.8805,True,,43.75,1.5622,1.597,1.2706,29.15,1.4068,0.8321,25.25,-0.099,3,False,False,True,False,MYOR,WEAKENING,True,1,5,20.0,34.84,34.84,consumer_non_cyclical,27,18.02,56.93,10,0.37037037037037035,0,0.0,0.6296296296296297,3,15.76,0.3333333333333333,0.6666666666666666,GOOD,0.3964334705075446,0.4444444444444445,41.56378600823046,True,41.56378600823046,MIXED_CONTEXT,True,NO_INVESTIGATION,False,,,0,0,0,0,0,0,0.0,30.84,,
2026-08-07,1695.0,33.41,4.4776,4.7269,0.9473,True,,0.0,0.9158,0.9402,0.7777,20.55,1.2775,1.0173,96.71,0.278,0,False,False,False,False,MYOR,NO_INVESTIGATION,False,0,5,0.0,21.11,,consumer_non_cyclical,27,0.0,28.735,4,0.14814814814814814,0,0.0,0.5185185185185185,3,54.69,0.6666666666666666,0.0,GOOD,0.44170096021947874,0.0,26.502057613168724,False,,NO_ACTIVITY_CONTEXT,False,NO_INVESTIGATION,False,,,0,0,0,0,0,0,0.0,21.11,,
2026-08-10,1710.0,42.27,4.1543,4.6536,0.8927,True,,87.9,2.3222,2.347,2.3343,10.68,0.986,1.0962,100.0,0.4782,3,False,True,True,False,MYOR,NO_INVESTIGATION,False,0,5,0.0,48.54,,consumer_non_cyclical,27,12.47,68.595,8,0.2962962962962963,3,0.1111111111111111,0.9259259259259259,3,76.75,0.6666666666666666,1.0,GOOD,0.6515775034293553,0.33333333333333337,52.427983539094654,True,52.427983539094654,PEER_CLUSTERED_ACTIVITY,True,NO_INVESTIGATION,False,,,0,0,0,0,0,0,0.0,48.54,,
2026-08-11,1680.0,41.83,4.1667,4.6536,0.8954,True,,58.92,1.8759,1.8911,1.1923,36.3,1.4936,1.0054,100.0,0.3046,2,False,True,True,False,MYOR,NO_INVESTIGATION,False,0,5,0.0,43.58,,consumer_non_cyclical,27,2.88,13.344999999999999,2,0.07407407407407407,0,0.0,0.9629629629629629,3,0.0,0.0,1.0,GOOD,0.8916323731138546,1.0,93.49794238683128,True,93.49794238683128,STOCK_SPECIFIC_ACTIVITY,True,NO_INVESTIGATION,False,,,0,0,0,0,0,0,0.0,43.58,,
2026-08-12,1665.0,21.1,4.7619,4.6536,1.0233,True,,42.09,1.5649,1.6234,1.1255,17.55,1.2567,0.9369,9.47,-0.2242,2,False,False,True,False,MYOR,NO_INVESTIGATION,False,0,5,0.0,21.48,,consumer_non_cyclical,27,0.0,9.42,1,0.037037037037037035,0,0.0,0.9629629629629629,3,0.0,0.0,1.0,GOOD,0.9272976680384087,1.0,95.63786008230453,True,95.63786008230453,STOCK_SPECIFIC_ACTIVITY,False,NO_INVESTIGATION,False,,,0,0,0,0,0,0,0.0,21.48,,
2026-08-13,1665.0,25.88,4.7619,4.7957,0.9929,True,,0.0,0.4963,0.5159,0.5874,1.06,0.7125,1.0119,7.64,-0.2389,0,False,False,False,False,MYOR,NO_INVESTIGATION,False,0,5,0.0,7.39,,consumer_non_cyclical,27,0.0,3.51,1,0.037037037037037035,0,0.0,0.5925925925925926,3,1.86,0.0,0.3333333333333333,GOOD,0.5706447187928669,0.3333333333333333,47.57201646090535,False,,NO_ACTIVITY_CONTEXT,False,NO_INVESTIGATION,False,,,0,0,0,0,0,0,0.0,7.39,,
2026-08-14,1675.0,25.37,4.7761,4.7957,0.9959,True,,0.0,0.5503,0.5629,0.3726,45.07,1.2881,1.3246,0.0,-0.3001,0,False,False,False,False,MYOR,NO_INVESTIGATION,False,0,5,0.0,13.1,,consumer_non_cyclical,27,0.0,1.06,2,0.07407407407407407,0,0.0,0.7037037037037037,3,0.0,0.0,0.6666666666666666,GOOD,0.6515775034293553,0.6666666666666666,65.76131687242798,False,,NO_ACTIVITY_CONTEXT,False,NO_INVESTIGATION,False,,,0,0,0,0,0,0,0.0,13.1,,
2026-08-18,1675.0,25.62,4.7761,4.8028,0.9944,True,,15.58,1.2032,1.2182,1.0482,0.0,0.9546,0.9376,92.5,0.25,2,False,False,True,False,MYOR,NO_INVESTIGATION,False,0,5,0.0,20.33,,consumer_non_cyclical,27,2.79,22.799999999999997,4,0.14814814814814814,1,0.037037037037037035,0.6666666666666666,3,1.17,0.3333333333333333,0.6666666666666666,GOOD,0.5679012345679012,0.4444444444444445,51.85185185185186,True,51.85185185185186,MIXED_CONTEXT,False,NO_INVESTIGATION,False,,,0,0,0,0,0,0,0.0,20.33,,
2026-08-19,1650.0,66.73,3.6036,4.8028,0.7503,True,,25.91,1.3743,1.4245,0.9453,24.24,1.361,0.9723,42.52,-0.0299,2,True,False,True,False,MYOR,NO_INVESTIGATION,False,0,5,0.0,32.34,,consumer_non_cyclical,27,0.0,27.994999999999997,6,0.2222222222222222,0,0.0,0.7407407407407407,3,0.0,0.3333333333333333,0.6666666666666666,GOOD,0.5761316872427983,0.4444444444444445,52.345679012345684,True,52.345679012345684,MIXED_CONTEXT,True,NO_INVESTIGATION,False,,,0,0,0,0,0,0,0.0,32.34,,
2026-08-20,1685.0,98.49,2.3881,4.7761,0.5,True,,0.0,0.3215,0.3319,0.4224,0.0,0.7059,0.9291,100.0,0.3784,0,True,False,False,False,MYOR,NO_INVESTIGATION,False,0,5,0.0,34.62,,consumer_non_cyclical,27,10.87,68.375,9,0.3333333333333333,1,0.037037037037037035,0.37037037037037035,3,20.47,0.3333333333333333,0.3333333333333333,GOOD,0.2469135802469136,0.22222222222222224,23.703703703703706,False,,NO_ACTIVITY_CONTEXT,False,NO_INVESTIGATION,False,,,0,0,0,0,0,0,0.0,34.62,,
2026-08-21,1675.0,90.37,2.6866,4.769,0.5633,True,,12.3,1.1737,1.2013,0.7113,38.83,1.5906,0.0,50.0,0.0,1,True,False,False,False,MYOR,NO_INVESTIGATION,False,0,5,0.0,37.11,,consumer_non_cyclical,27,0.0,22.455,3,0.1111111111111111,1,0.037037037037037035,0.6666666666666666,3,0.0,0.0,1.0,GOOD,0.5925925925925926,1.0,75.55555555555556,True,75.55555555555556,STOCK_SPECIFIC_ACTIVITY,True,NO_INVESTIGATION,False,,,0,0,0,0,0,0,0.0,37.11,,
2026-08-24,1620.0,34.92,4.4776,4.7619,0.9403,True,,96.58,3.3752,3.4611,2.9166,6.0,1.0937,0.9896,19.62,-0.1431,3,False,True,True,False,MYOR,NO_INVESTIGATION,False,0,5,0.0,40.57,,consumer_non_cyclical,27,6.91,39.585,6,0.2222222222222222,0,0.0,0.9629629629629629,3,0.0,0.0,1.0,GOOD,0.7489711934156378,1.0,84.93827160493828,True,84.93827160493828,STOCK_SPECIFIC_ACTIVITY,False,NO_INVESTIGATION,False,,,0,0,0,0,0,0,0.0,40.57,,
2026-08-26,1600.0,0.17,5.7576,4.6198,1.2463,True,,50.01,1.5785,1.6375,1.4092,10.78,1.0954,1.0527,41.58,-0.0337,3,False,True,True,False,MYOR,NO_INVESTIGATION,False,0,5,0.0,20.82,,consumer_non_cyclical,27,50.01,74.195,14,0.5185185185185185,1,0.037037037037037035,0.5185185185185185,3,59.96,0.6666666666666666,0.3333333333333333,GOOD,0.2496570644718793,0.11111111111111112,19.423868312757204,True,19.423868312757204,MARKET_WIDE_ACTIVITY,False,NO_INVESTIGATION,False,,,0,0,0,0,0,0,0.0,20.82,,
2026-08-27,1600.0,0.0,6.4815,4.6198,1.403,True,,55.5,1.4,1.4688,2.2174,32.06,0.6259,1.5273,44.43,-0.0223,3,False,True,True,False,MYOR,NO_INVESTIGATION,False,0,5,0.0,25.9,,consumer_non_cyclical,27,0.0,54.835,8,0.2962962962962963,2,0.07407407407407407,0.7777777777777778,3,72.12,0.6666666666666666,0.3333333333333333,GOOD,0.5473251028806585,0.11111111111111112,37.283950617283956,True,37.283950617283956,PEER_CLUSTERED_ACTIVITY,False,NO_INVESTIGATION,False,,,0,0,0,0,0,0,0.0,25.9,,
2026-08-28,1590.0,0.0,6.875,4.6198,1.4882,True,,96.13,2.7091,2.833,2.7903,30.23,0.9925,1.4542,57.73,0.0386,3,False,True,True,False,MYOR,NO_INVESTIGATION,False,0,5,0.0,39.15,,consumer_non_cyclical,27,0.0,48.61,7,0.25925925925925924,2,0.07407407407407407,0.9259259259259259,3,5.63,0.3333333333333333,1.0,GOOD,0.6858710562414265,0.6666666666666667,67.81893004115227,True,67.81893004115227,STOCK_SPECIFIC_ACTIVITY,False,NO_INVESTIGATION,False,,,0,0,0,0,0,0,0.0,39.15,,
2026-08-31,1550.0,0.0,9.6875,4.6198,2.097,True,,98.57,3.6433,3.9372,3.2797,18.68,1.2385,1.0258,84.5,0.1966,3,False,True,True,False,MYOR,NO_INVESTIGATION,False,0,5,0.0,40.82,,consumer_non_cyclical,27,69.98,80.765,17,0.6296296296296297,4,0.14814814814814814,0.9259259259259259,3,98.49,1.0,0.6666666666666666,GOOD,0.34293552812071326,0.0,20.576131687242796,True,20.576131687242796,MARKET_WIDE_ACTIVITY,False,NO_INVESTIGATION,False,,,0,0,0,0,0,0,0.0,40.82,,
2026-09-01,1565.0,0.0,6.6038,4.7619,1.3868,True,,99.21,3.1598,3.3876,3.483,0.0,0.981,0.6247,74.18,0.1279,3,False,True,True,False,MYOR,NO_INVESTIGATION,False,0,5,0.0,37.18,,consumer_non_cyclical,27,54.42,84.5,14,0.5185185185185185,2,0.07407407407407407,0.8888888888888888,3,91.36,1.0,0.6666666666666666,GOOD,0.4279835390946502,0.0,25.67901234567901,True,25.67901234567901,MARKET_WIDE_ACTIVITY,False,NO_INVESTIGATION,False,,,0,0,0,0,0,0,0.0,37.18,,
2026-09-02,1555.0,5.31,5.4313,4.769,1.1389,True,,86.41,2.1056,2.2664,2.0823,8.15,1.1144,0.7209,68.6,0.093,3,False,True,True,False,MYOR,NO_INVESTIGATION,False,0,5,0.0,35.33,,consumer_non_cyclical,27,17.97,62.275000000000006,8,0.2962962962962963,0,0.0,0.8888888888888888,3,72.03,0.6666666666666666,1.0,GOOD,0.625514403292181,0.33333333333333337,50.864197530864196,True,50.864197530864196,PEER_CLUSTERED_ACTIVITY,False,NO_INVESTIGATION,False,,,0,0,0,0,0,0,0.0,35.33,,
2026-09-03,1575.0,5.31,5.4313,4.769,1.1389,True,,66.07,1.8289,1.9434,1.6585,23.07,1.2416,0.8406,96.23,0.2749,3,False,True,True,False,MYOR,NO_INVESTIGATION,False,0,5,0.0,34.23,,consumer_non_cyclical,27,32.28,69.175,9,0.3333333333333333,1,0.037037037037037035,0.7407407407407407,3,40.38,0.3333333333333333,0.6666666666666666,GOOD,0.4938271604938272,0.4444444444444445,47.40740740740741,True,47.40740740740741,MIXED_CONTEXT,False,NO_INVESTIGATION,False,,,0,0,0,0,0,0,0.0,34.23,,
2026-09-04,1560.0,23.39,4.8077,4.769,1.0081,True,,72.88,2.2499,2.3797,1.7287,34.49,1.3678,0.8427,13.14,-0.1949,3,False,True,True,False,MYOR,NO_INVESTIGATION,False,0,5,0.0,34.2,,consumer_non_cyclical,27,0.0,24.19,5,0.18518518518518517,1,0.037037037037037035,0.9259259259259259,3,24.12,0.3333333333333333,1.0,GOOD,0.7544581618655694,0.6666666666666667,71.93415637860083,True,71.93415637860083,STOCK_SPECIFIC_ACTIVITY,False,NO_INVESTIGATION,False,,,0,0,0,0,0,0,0.0,34.2,,
2026-09-07,1530.0,23.39,4.8077,4.769,1.0081,True,,72.78,1.9144,2.0479,2.0635,3.79,0.975,1.0585,6.23,-0.2502,3,False,True,True,False,MYOR,NO_INVESTIGATION,False,0,5,0.0,28.87,,consumer_non_cyclical,27,0.77,43.894999999999996,6,0.2222222222222222,2,0.07407407407407407,0.8888888888888888,3,45.03,0.3333333333333333,1.0,GOOD,0.691358024691358,0.6666666666666667,68.14814814814815,True,68.14814814814815,STOCK_SPECIFIC_ACTIVITY,False,NO_INVESTIGATION,False,,,0,0,0,0,0,0,0.0,28.87,,
2026-09-08,1540.0,12.55,5.1447,4.7761,1.0772,True,,76.88,2.0524,2.1769,2.5069,0.0,0.694,0.7477,80.71,0.1714,3,False,True,True,False,MYOR,NO_INVESTIGATION,False,0,5,0.0,34.27,,consumer_non_cyclical,27,21.11,72.91999999999999,10,0.37037037037037035,1,0.037037037037037035,0.8148148148148148,3,72.27,0.6666666666666666,1.0,GOOD,0.5130315500685871,0.33333333333333337,44.11522633744857,True,44.11522633744857,PEER_CLUSTERED_ACTIVITY,False,NO_INVESTIGATION,False,,,0,0,0,0,0,0,0.0,34.27,,
2026-09-09,1525.0,11.45,5.1948,4.7919,1.0841,True,,11.54,1.1396,1.242,0.8203,5.17,1.072,0.7562,29.3,-0.0828,1,False,False,False,False,MYOR,NO_INVESTIGATION,False,0,5,0.0,10.03,,consumer_non_cyclical,27,51.62,75.14,14,0.5185185185185185,4,0.14814814814814814,0.2962962962962963,3,51.62,0.6666666666666666,0.0,GOOD,0.14266117969821673,0.0,8.559670781893004,True,8.559670781893004,MARKET_WIDE_ACTIVITY,False,NO_INVESTIGATION,False,,,0,0,0,0,0,0,0.0,10.03,,
2026-09-10,1530.0,1.24,5.8824,4.8077,1.2235,True,,17.99,1.2675,1.3046,0.7709,39.44,1.4249,0.679,63.34,0.0667,2,False,False,True,False,MYOR,NO_INVESTIGATION,False,0,5,0.0,17.96,,consumer_non_cyclical,27,23.38,67.435,12,0.4444444444444444,2,0.07407407407407407,0.48148148148148145,3,0.0,0.3333333333333333,0.6666666666666666,GOOD,0.2674897119341564,0.4444444444444445,33.827160493827165,True,33.827160493827165,MIXED_CONTEXT,False,NO_INVESTIGATION,False,,,0,0,0,0,0,0,0.0,17.96,,
2026-09-11,1515.0,27.67,4.902,4.9762,0.9851,True,,31.0,1.4166,1.4344,1.11,41.58,1.3076,1.2012,21.36,-0.1291,2,False,False,True,False,MYOR,NO_INVESTIGATION,False,0,5,0.0,24.59,,consumer_non_cyclical,27,18.62,50.334999999999994,7,0.25925925925925924,0,0.0,0.5555555555555556,3,2.55,0.3333333333333333,0.6666666666666666,GOOD,0.411522633744856,0.4444444444444445,42.46913580246914,True,42.46913580246914,MIXED_CONTEXT,False,NO_INVESTIGATION,False,,,0,0,0,0,0,0,0.0,24.59,,
2026-09-14,1500.0,66.37,3.9344,5.0233,0.7832,True,,0.0,0.8326,0.8623,0.7621,15.62,1.21,0.9194,71.2,0.108,0,True,False,False,False,MYOR,NO_INVESTIGATION,False,0,5,0.0,26.06,,consumer_non_cyclical,27,26.07,74.15,11,0.4074074074074074,0,0.0,0.2222222222222222,3,0.0,0.0,0.6666666666666666,GOOD,0.1316872427983539,0.6666666666666666,34.5679012345679,False,,NO_ACTIVITY_CONTEXT,False,NO_INVESTIGATION,False,,,0,0,0,0,0,0,0.0,26.06,,
2026-09-15,1495.0,61.79,3.9604,5.0233,0.7884,True,,0.0,0.5726,0.593,0.5307,20.88,1.157,1.1773,11.88,-0.205,0,True,False,False,False,MYOR,NO_INVESTIGATION,False,0,5,0.0,19.77,,consumer_non_cyclical,27,0.0,11.379999999999999,4,0.14814814814814814,0,0.0,0.5185185185185185,3,11.57,0.3333333333333333,0.3333333333333333,GOOD,0.44170096021947874,0.22222222222222224,35.390946502057616,False,,NO_ACTIVITY_CONTEXT,False,NO_INVESTIGATION,False,,,0,0,0,0,0,0,0.0,19.77,,
2026-09-16,1490.0,76.54,3.3333,5.0233,0.6636,True,,0.0,0.5155,0.535,0.6945,10.62,0.7898,1.1997,16.5,-0.168,0,True,False,False,False,MYOR,NO_INVESTIGATION,False,0,5,0.0,22.38,,consumer_non_cyclical,27,0.0,19.835,2,0.07407407407407407,0,0.0,0.5185185185185185,3,0.0,0.0,0.6666666666666666,GOOD,0.4801097393689986,0.6666666666666666,55.47325102880658,False,,NO_ACTIVITY_CONTEXT,False,NO_INVESTIGATION,False,,,0,0,0,0,0,0,0.0,22.38,,
2026-09-17,1515.0,82.63,3.0,5.0233,0.5972,True,,0.0,0.4711,0.4823,0.5963,4.3,0.8406,1.0875,58.84,0.0442,0,True,False,False,False,MYOR,NO_INVESTIGATION,False,0,5,0.0,27.19,,consumer_non_cyclical,27,0.0,8.625,3,0.1111111111111111,0,0.0,0.6666666666666666,3,0.0,0.0,0.6666666666666666,GOOD,0.5925925925925926,0.6666666666666666,62.22222222222222,False,,NO_ACTIVITY_CONTEXT,False,NO_INVESTIGATION,False,,,0,0,0,0,0,0,0.0,27.19,,
2026-09-18,1505.0,65.56,3.6667,5.0233,0.7299,True,,61.13,2.0482,2.1022,0.7988,64.18,2.8243,1.0834,36.96,-0.0522,2,True,True,True,True,MYOR,EMERGING,True,1,5,20.0,52.05,52.05,consumer_non_cyclical,27,48.09,72.95,12,0.4444444444444444,1,0.037037037037037035,0.6666666666666666,3,30.62,0.3333333333333333,1.0,GOOD,0.37037037037037035,0.6666666666666667,48.88888888888889,True,48.88888888888889,MIXED_CONTEXT,True,EMERGING,True,MYOR-20260918-03,2026-09-18,1,1,1,1,1,0,20.0,52.05,52.05,
2026-09-21,1510.0,65.87,3.6545,5.0233,0.7275,True,,0.0,0.3552,0.3708,0.5334,29.46,0.8026,1.5584,0.0,-0.4645,0,True,False,False,False,MYOR,WEAKENING,True,1,5,20.0,24.89,24.89,consumer_non_cyclical,27,0.0,3.005,2,0.07407407407407407,0,0.0,0.7037037037037037,3,0.0,0.0,0.6666666666666666,GOOD,0.6515775034293553,0.6666666666666666,65.76131687242798,False,,NO_ACTIVITY_CONTEXT,False,WEAKENING,True,MYOR-20260918-03,2026-09-18,2,1,1,1,1,1,20.0,24.89,24.89,
2026-09-22,1485.0,65.87,3.6545,5.0233,0.7275,True,,0.0,0.5502,0.5785,0.6919,10.28,0.9988,1.2062,0.0,-0.3018,0,True,False,False,False,MYOR,WEAKENING,True,1,5,20.0,22.01,22.01,consumer_non_cyclical,27,2.89,15.330000000000002,4,0.14814814814814814,0,0.0,0.4074074074074074,3,1.76,0.0,0.3333333333333333,GOOD,0.34705075445816186,0.3333333333333333,34.15637860082305,False,,NO_ACTIVITY_CONTEXT,False,CLOSED,False,MYOR-20260918-03,2026-09-18,3,1,1,1,1,2,20.0,22.01,,TWO_UNSUPPORTED_SESSIONS
2026-09-23,1500.0,64.85,3.6545,5.0233,0.7275,True,,0.0,0.4635,0.4806,0.3061,78.7,1.8018,1.5571,13.7,-0.1904,0,True,False,False,False,MYOR,WEAKENING,True,1,5,20.0,33.39,33.39,consumer_non_cyclical,27,0.0,4.3549999999999995,2,0.07407407407407407,0,0.0,0.6296296296296297,3,0.0,0.0,1.0,GOOD,0.5829903978052127,1.0,74.97942386831275,False,,NO_ACTIVITY_CONTEXT,False,NO_INVESTIGATION,False,,,0,0,0,0,0,0,0.0,29.39,,
2026-09-24,1450.0,0.0,6.3333,4.8548,1.3045,True,,0.0,0.7728,0.8193,0.9147,0.0,0.9798,0.7,0.0,-0.3332,0,False,False,False,False,MYOR,WEAKENING,True,1,5,20.0,4.0,4.0,consumer_non_cyclical,27,0.0,0.0,2,0.07407407407407407,0,0.0,0.8148148148148148,3,0.0,0.0,0.6666666666666666,GOOD,0.7544581618655692,0.6666666666666666,71.93415637860082,False,,NO_ACTIVITY_CONTEXT,False,NO_INVESTIGATION,False,,,0,0,0,0,0,0,0.0,0.0,,
2026-09-25,1435.0,0.2,6.0606,4.8548,1.2484,True,,0.0,0.4067,0.4386,0.6156,0.0,0.8373,0.7043,20.17,-0.1387,0,False,False,False,False,MYOR,NO_INVESTIGATION,False,0,5,0.0,2.07,,consumer_non_cyclical,27,0.0,0.0,1,0.037037037037037035,0,0.0,0.7777777777777778,3,0.0,0.0,0.6666666666666666,GOOD,0.7489711934156379,0.6666666666666666,71.60493827160495,False,,NO_ACTIVITY_CONTEXT,False,NO_INVESTIGATION,False,,,0,0,0,0,0,0,0.0,2.07,,
2026-09-28,1405.0,0.0,7.931,4.8548,1.6336,True,,0.0,0.4766,0.5066,0.6282,0.0,0.853,0.935,25.49,-0.0981,0,False,False,False,False,MYOR,NO_INVESTIGATION,False,0,5,0.0,2.55,,consumer_non_cyclical,27,0.0,4.0649999999999995,1,0.037037037037037035,0,0.0,0.5555555555555556,3,0.0,0.0,0.6666666666666666,GOOD,0.5349794238683128,0.6666666666666666,58.76543209876544,False,,NO_ACTIVITY_CONTEXT,False,NO_INVESTIGATION,False,,,0,0,0,0,0,0,0.0,2.55,,
2026-09-29,1390.0,0.0,9.7561,4.8548,2.0096,True,,13.34,0.8061,0.8609,1.426,0.0,0.6274,0.8617,44.51,-0.022,1,False,False,False,False,MYOR,NO_INVESTIGATION,False,0,5,0.0,8.45,,consumer_non_cyclical,27,13.22,41.695,3,0.1111111111111111,0,0.0,0.5555555555555556,3,0.0,0.0,1.0,GOOD,0.49382716049382713,1.0,69.62962962962963,True,69.62962962962963,STOCK_SPECIFIC_ACTIVITY,False,NO_INVESTIGATION,False,,,0,0,0,0,0,0,0.0,8.45,,
2026-06-12,890.0,6.53,19.375,16.5643,1.1697,True,,4.02,0.9299,1.0343,1.0829,0.0,0.8792,0.8777,54.12,0.0206,0,False,False,False,False,NCKL,NO_INVESTIGATION,False,0,5,0.0,8.25,,basic_materials,27,7.79,25.415,4,0.14814814814814814,0,0.0,0.48148148148148145,6,0.0,0.16666666666666666,0.6666666666666666,GOOD,0.4101508916323731,0.5555555555555556,46.83127572016461,False,,NO_ACTIVITY_CONTEXT,False,NO_INVESTIGATION,False,,,0,0,0,0,0,0,0.0,8.25,,
2026-06-15,905.0,0.0,21.9512,16.8555,1.3023,True,,42.94,1.4587,1.3746,1.2814,8.25,1.1141,0.7238,13.56,-0.1915,3,False,False,True,False,NCKL,NO_INVESTIGATION,False,0,5,0.0,15.48,,basic_materials,27,42.94,64.585,13,0.48148148148148145,0,0.0,0.5185185185185185,6,44.370000000000005,0.5,0.5,GOOD,0.26886145404663925,0.25,26.13168724279835,True,26.13168724279835,PEER_CLUSTERED_ACTIVITY,False,NO_INVESTIGATION,False,,,0,0,0,0,0,0,0.0,15.48,,
2026-06-17,965.0,0.14,21.9101,17.3434,1.2633,True,,52.77,1.6352,1.4954,1.2943,15.86,1.1871,0.9788,59.3,0.0465,3,False,True,True,False,NCKL,NO_INVESTIGATION,False,0,5,0.0,24.18,,basic_materials,27,0.0,18.119999999999997,4,0.14814814814814814,0,0.0,0.9259259259259259,6,0.0,0.16666666666666666,0.8333333333333334,GOOD,0.7887517146776406,0.6944444444444445,75.10288065843622,True,75.10288065843622,STOCK_SPECIFIC_ACTIVITY,False,NO_INVESTIGATION,False,,,0,0,0,0,0,0,0.0,24.18,,
2026-06-18,910.0,2.01,21.547,17.6134,1.2233,True,,2.06,0.9152,0.8602,1.061,0.0,0.8185,0.5871,5.43,-0.2566,0,False,False,False,False,NCKL,NO_INVESTIGATION,False,0,5,0.0,1.66,,basic_materials,27,0.0,2.745,1,0.037037037037037035,0,0.0,0.7407407407407407,6,0.0,0.0,0.8333333333333334,GOOD,0.7133058984910837,0.8333333333333334,76.13168724279835,False,,NO_ACTIVITY_CONTEXT,False,NO_INVESTIGATION,False,,,0,0,0,0,0,0,0.0,1.66,,
2026-06-19,865.0,13.94,19.8895,18.529,1.0734,True,,70.0,6.6576,6.6263,0.652,91.22,9.75,1.6274,0.0,-0.3447,2,False,True,True,False,NCKL,NO_INVESTIGATION,False,0,5,0.0,38.17,,basic_materials,27,66.7,70.0,17,0.6296296296296297,6,0.2222222222222222,0.8518518518518519,6,14.885,0.3333333333333333,1.0,GOOD,0.31550068587105623,0.6666666666666667,45.59670781893005,True,45.59670781893005,MIXED_CONTEXT,False,NO_INVESTIGATION,False,,,0,0,0,0,0,0,0.0,38.17,,
2026-06-22,870.0,71.3,13.8122,19.6323,0.7035,True,,33.29,1.4728,1.4308,0.8594,62.14,1.7059,1.2425,33.7,-0.0652,2,True,False,True,False,NCKL,NO_INVESTIGATION,False,0,5,0.0,40.5,,basic_materials,27,0.0,14.54,1,0.037037037037037035,0,0.0,0.9259259259259259,6,0.0,0.0,1.0,GOOD,0.8916323731138547,1.0,93.49794238683128,True,93.49794238683128,STOCK_SPECIFIC_ACTIVITY,True,NO_INVESTIGATION,False,,,0,0,0,0,0,0,0.0,40.5,,
2026-06-23,865.0,60.57,14.3678,18.529,0.7754,True,,0.0,0.5533,0.5419,0.7146,17.17,0.792,1.2997,0.0,-0.5562,0,True,False,False,False,NCKL,NO_INVESTIGATION,False,0,5,0.0,17.72,,basic_materials,27,0.0,0.0,1,0.037037037037037035,0,0.0,0.8148148148148148,6,0.0,0.0,1.0,GOOD,0.7846364883401921,1.0,87.07818930041152,False,,NO_ACTIVITY_CONTEXT,False,NO_INVESTIGATION,False,,,0,0,0,0,0,0,0.0,17.72,,
2026-06-24,815.0,17.46,18.4971,17.6134,1.0502,True,,6.93,0.9156,0.9491,1.2055,0.0,0.8091,0.8778,0.0,-0.4544,1,False,False,False,False,NCKL,NO_INVESTIGATION,False,0,5,0.0,6.44,,basic_materials,27,0.0,10.780000000000001,1,0.037037037037037035,0,0.0,0.7037037037037037,6,0.0,0.0,0.8333333333333334,GOOD,0.6776406035665296,0.8333333333333334,73.99176954732512,True,73.99176954732512,STOCK_SPECIFIC_ACTIVITY,False,NO_INVESTIGATION,False,,,0,0,0,0,0,0,0.0,6.44,,
2026-06-25,830.0,54.05,14.4509,17.6134,0.8204,True,,0.0,0.4167,0.4282,0.4538,0.0,0.8934,0.8807,15.6,-0.1752,0,False,False,False,False,NCKL,NO_INVESTIGATION,False,0,5,0.0,15.07,,basic_materials,27,0.0,12.219999999999999,5,0.18518518518518517,1,0.037037037037037035,0.5185185185185185,6,0.0,0.0,0.6666666666666666,GOOD,0.4224965706447188,0.6666666666666666,52.016460905349795,False,,NO_ACTIVITY_CONTEXT,False,NO_INVESTIGATION,False,,,0,0,0,0,0,0,0.0,15.07,,
2026-06-26,820.0,81.65,10.8434,17.3434,0.6252,True,,0.0,0.662,0.6841,0.8739,28.51,0.7828,1.4996,0.0,-0.3705,0,True,False,False,False,NCKL,NO_INVESTIGATION,False,0,5,0.0,24.69,,basic_materials,27,0.0,0.0,1,0.037037037037037035,0,0.0,0.8148148148148148,6,0.0,0.16666666666666666,0.8333333333333334,GOOD,0.7846364883401921,0.6944444444444445,74.85596707818931,False,,NO_ACTIVITY_CONTEXT,False,NO_INVESTIGATION,False,,,0,0,0,0,0,0,0.0,24.69,,
2026-06-29,810.0,88.24,9.7561,16.8555,0.5788,True,,0.0,0.2915,0.3164,0.7116,4.11,0.4721,1.0845,0.0,-0.3621,0,True,False,False,False,NCKL,NO_INVESTIGATION,False,0,5,0.0,22.68,,basic_materials,27,0.0,0.0,1,0.037037037037037035,0,0.0,0.9629629629629629,6,0.0,0.0,1.0,GOOD,0.9272976680384087,1.0,95.63786008230453,False,,NO_ACTIVITY_CONTEXT,False,NO_INVESTIGATION,False,,,0,0,0,0,0,0,0.0,22.68,,
2026-06-30,780.0,63.53,12.8834,16.8555,0.7643,True,,0.0,0.7011,0.7587,0.8338,10.32,0.9221,1.1841,0.0,-0.4511,0,True,False,False,False,NCKL,NO_INVESTIGATION,False,0,5,0.0,17.43,,basic_materials,27,0.0,25.9,2,0.07407407407407407,0,0.0,0.5925925925925926,6,0.0,0.0,0.8333333333333334,GOOD,0.5486968449931413,0.8333333333333334,66.2551440329218,False,,NO_ACTIVITY_CONTEXT,False,NO_INVESTIGATION,False,,,0,0,0,0,0,0,0.0,17.43,,
2026-07-01,820.0,85.33,9.7561,16.5643,0.589,True,,0.0,0.639,0.6279,0.6227,23.03,1.0905,1.2735,100.0,0.3189,0,True,False,False,False,NCKL,NO_INVESTIGATION,False,0,5,0.0,34.79,,basic_materials,27,0.0,0.0,1,0.037037037037037035,0,0.0,0.8518518518518519,6,0.0,0.16666666666666666,0.6666666666666666,GOOD,0.8203017832647462,0.5555555555555556,71.440329218107,False,,NO_ACTIVITY_CONTEXT,False,NO_INVESTIGATION,False,,,0,0,0,0,0,0,0.0,34.79,,
2026-07-02,815.0,95.43,7.362,16.4053,0.4488,True,,8.92,0.6545,0.6538,1.2426,11.85,0.5598,1.2362,0.0,-0.3845,1,True,False,False,False,NCKL,NO_INVESTIGATION,False,0,5,0.0,28.31,,basic_materials,27,0.0,0.0,1,0.037037037037037035,0,0.0,0.9259259259259259,6,0.0,0.0,0.8333333333333334,GOOD,0.8916323731138547,0.8333333333333334,86.83127572016461,True,86.83127572016461,STOCK_SPECIFIC_ACTIVITY,True,NO_INVESTIGATION,False,,,0,0,0,0,0,0,0.0,28.31,,
2026-07-03,860.0,67.78,11.6564,16.4053,0.7105,True,,0.0,0.7844,0.7449,0.6508,47.13,1.2871,1.4415,62.39,0.0619,0,True,False,False,False,NCKL,NO_INVESTIGATION,False,0,5,0.0,30.25,,basic_materials,27,0.0,0.0,1,0.037037037037037035,0,0.0,0.7777777777777778,6,0.0,0.0,0.8333333333333334,GOOD,0.7489711934156379,0.8333333333333334,78.27160493827161,False,,NO_ACTIVITY_CONTEXT,False,NO_INVESTIGATION,False,,,0,0,0,0,0,0,0.0,30.25,,
2026-07-06,845.0,67.54,11.5854,16.4053,0.7062,True,,0.0,0.818,0.7731,0.6854,15.26,1.176,1.0212,28.87,-0.0845,0,True,False,False,False,NCKL,NO_INVESTIGATION,False,0,5,0.0,22.06,,basic_materials,27,0.0,0.0,0,0.0,0,0.0,0.8148148148148148,6,0.0,0.0,1.0,GOOD,0.8148148148148148,1.0,88.88888888888889,False,,NO_ACTIVITY_CONTEXT,False,NO_INVESTIGATION,False,,,0,0,0,0,0,0,0.0,22.06,,
2026-07-07,835.0,71.23,10.1796,15.3504,0.6632,True,,0.0,0.5568,0.535,0.7412,0.0,0.7136,0.8621,0.0,-0.6434,0,True,False,False,False,NCKL,NO_INVESTIGATION,False,0,5,0.0,17.81,,basic_materials,27,0.0,6.77,1,0.037037037037037035,1,0.037037037037037035,0.7037037037037037,6,0.0,0.0,1.0,GOOD,0.6776406035665296,1.0,80.65843621399178,False,,NO_ACTIVITY_CONTEXT,False,NO_INVESTIGATION,False,,,0,0,0,0,0,0,0.0,17.81,,
2026-07-08,825.0,90.23,7.1856,14.4093,0.4987,True,,6.7,1.1058,1.071,0.9943,3.71,1.0498,0.8021,0.0,-0.4466,0,True,False,False,False,NCKL,NO_INVESTIGATION,False,0,5,0.0,25.12,,basic_materials,27,0.0,0.02,0,0.0,0,0.0,0.8888888888888888,6,0.0,0.0,1.0,GOOD,0.8888888888888888,1.0,93.33333333333333,False,,NO_ACTIVITY_CONTEXT,False,NO_INVESTIGATION,False,,,0,0,0,0,0,0,0.0,25.12,,
2026-07-09,805.0,62.91,10.1796,14.09,0.7225,True,,0.0,0.9658,0.9717,0.9663,5.99,0.9396,1.1225,12.5,-0.2,0,True,False,False,False,NCKL,NO_INVESTIGATION,False,0,5,0.0,17.88,,basic_materials,27,0.0,0.0,0,0.0,0,0.0,0.8148148148148148,6,0.0,0.0,1.0,GOOD,0.8148148148148148,1.0,88.88888888888889,False,,NO_ACTIVITY_CONTEXT,False,NO_INVESTIGATION,False,,,0,0,0,0,0,0,0.0,17.88,,
2026-07-10,795.0,57.87,10.303,13.3478,0.7719,True,,18.38,1.0788,1.0836,1.3754,1.87,0.751,1.0384,0.0,-0.5547,1,True,False,False,False,NCKL,NO_INVESTIGATION,False,0,5,0.0,20.26,,basic_materials,27,0.0,0.0,0,0.0,0,0.0,0.9259259259259259,6,0.0,0.0,1.0,GOOD,0.9259259259259259,1.0,95.55555555555556,True,95.55555555555556,STOCK_SPECIFIC_ACTIVITY,True,NO_INVESTIGATION,False,,,0,0,0,0,0,0,0.0,20.26,,
2026-07-13,810.0,68.85,8.642,12.2699,0.7043,True,,0.0,0.6103,0.6114,0.7417,0.0,0.8047,0.9171,36.1,-0.0556,0,True,False,False,False,NCKL,NO_INVESTIGATION,False,0,5,0.0,20.82,,basic_materials,27,0.0,0.0,2,0.07407407407407407,0,0.0,0.7777777777777778,6,0.0,0.0,0.8333333333333334,GOOD,0.720164609053498,0.8333333333333334,76.54320987654322,False,,NO_ACTIVITY_CONTEXT,False,NO_INVESTIGATION,False,,,0,0,0,0,0,0,0.0,20.82,,
2026-07-14,825.0,76.18,7.4074,11.6209,0.6374,True,,21.85,1.2493,1.2081,1.145,5.21,1.0748,0.7613,38.32,-0.0467,2,True,False,True,False,NCKL,NO_INVESTIGATION,False,0,5,0.0,30.21,,basic_materials,27,4.74,24.61,6,0.2222222222222222,0,0.0,0.7037037037037037,6,42.985,0.5,0.3333333333333333,GOOD,0.5473251028806585,0.16666666666666666,39.50617283950618,True,39.50617283950618,PEER_CLUSTERED_ACTIVITY,True,NO_INVESTIGATION,False,,,0,0,0,0,0,0,0.0,30.21,,
2026-07-15,835.0,79.2,6.7901,11.2144,0.6055,True,,0.0,0.5546,0.5329,0.8496,0.0,0.643,0.9382,11.39,-0.2089,0,True,False,False,False,NCKL,NO_INVESTIGATION,False,0,5,0.0,20.94,,basic_materials,27,3.06,20.625,3,0.1111111111111111,2,0.07407407407407407,0.3333333333333333,6,12.399999999999999,0.16666666666666666,0.3333333333333333,GOOD,0.2962962962962963,0.2777777777777778,28.888888888888886,False,,NO_ACTIVITY_CONTEXT,False,NO_INVESTIGATION,False,,,0,0,0,0,0,0,0.0,20.94,,
2026-07-16,840.0,53.88,8.4848,10.5732,0.8025,True,,24.39,1.3145,1.2955,0.8488,41.68,1.5377,0.7942,21.65,-0.1268,2,False,False,True,False,NCKL,NO_INVESTIGATION,False,0,5,0.0,29.2,,basic_materials,27,2.62,37.715,5,0.18518518518518517,2,0.07407407407407407,0.7037037037037037,6,10.5,0.3333333333333333,0.6666666666666666,GOOD,0.5733882030178327,0.4444444444444445,52.18106995884775,True,52.18106995884775,MIXED_CONTEXT,True,NO_INVESTIGATION,False,,,0,0,0,0,0,0,0.0,29.2,,
2026-07-17,845.0,60.76,7.7844,10.2413,0.7601,True,,0.0,0.8609,0.8552,0.8493,11.73,1.0277,1.1946,18.67,-0.1507,0,True,False,False,False,NCKL,NO_INVESTIGATION,False,0,5,0.0,18.82,,basic_materials,27,10.93,54.2,8,0.2962962962962963,2,0.07407407407407407,0.3333333333333333,6,0.0,0.0,0.6666666666666666,GOOD,0.2345679012345679,0.6666666666666666,40.74074074074074,False,,NO_ACTIVITY_CONTEXT,False,NO_INVESTIGATION,False,,,0,0,0,0,0,0,0.0,18.82,,
2026-07-20,860.0,43.96,8.9286,10.1796,0.8771,True,,49.78,1.4818,1.4707,1.2336,19.29,1.2464,0.9419,75.93,0.1395,3,False,False,True,False,NCKL,NO_INVESTIGATION,False,0,5,0.0,36.41,,basic_materials,27,31.73,51.675,7,0.25925925925925924,2,0.07407407407407407,0.7407407407407407,6,21.259999999999998,0.16666666666666666,0.8333333333333334,GOOD,0.5486968449931412,0.6944444444444445,60.69958847736625,True,60.69958847736625,MIXED_CONTEXT,True,NO_INVESTIGATION,False,,,0,0,0,0,0,0,0.0,36.41,,
2026-07-21,885.0,14.44,10.6509,9.9679,1.0685,True,,61.7,1.5131,1.4611,1.5306,1.93,1.0258,0.8288,48.86,-0.0046,3,False,True,True,False,NCKL,NO_INVESTIGATION,False,0,5,0.0,27.3,,basic_materials,27,21.74,66.245,9,0.3333333333333333,5,0.18518518518518517,0.7037037037037037,6,75.6,0.6666666666666666,0.3333333333333333,GOOD,0.4691358024691359,0.11111111111111112,32.592592592592595,True,32.592592592592595,PEER_CLUSTERED_ACTIVITY,False,NO_INVESTIGATION,False,,,0,0,0,0,0,0,0.0,27.3,,
2026-07-22,865.0,17.12,10.4651,9.9679,1.0499,True,,78.39,1.8292,1.7463,1.69,7.91,1.1053,0.9351,10.62,-0.215,3,False,True,True,False,NCKL,NO_INVESTIGATION,False,0,5,0.0,30.05,,basic_materials,27,44.55,85.55000000000001,13,0.48148148148148145,3,0.1111111111111111,0.7037037037037037,6,85.55000000000001,0.8333333333333334,0.3333333333333333,GOOD,0.364883401920439,0.05555555555555554,24.11522633744856,True,24.11522633744856,PEER_CLUSTERED_ACTIVITY,False,NO_INVESTIGATION,False,,,0,0,0,0,0,0,0.0,30.05,,
2026-07-23,890.0,17.88,10.4046,9.9679,1.0438,True,,64.02,1.7733,1.6513,1.3362,35.46,1.3413,1.1491,67.84,0.0892,3,False,True,True,False,NCKL,NO_INVESTIGATION,False,0,5,0.0,35.78,,basic_materials,27,50.68,81.85,14,0.5185185185185185,2,0.07407407407407407,0.5925925925925926,6,89.39500000000001,0.8333333333333334,0.16666666666666666,GOOD,0.28532235939643347,0.02777777777777777,18.23045267489712,True,18.23045267489712,MARKET_WIDE_ACTIVITY,False,NO_INVESTIGATION,False,,,0,0,0,0,0,0,0.0,35.78,,
2026-07-24,850.0,38.01,9.2486,9.9679,0.9278,True,,0.0,0.8503,0.7857,0.8892,0.0,0.9314,0.7743,0.0,-0.4977,0,False,False,False,False,NCKL,NO_INVESTIGATION,False,0,5,0.0,9.5,,basic_materials,27,11.43,44.915,6,0.2222222222222222,1,0.037037037037037035,0.2962962962962963,6,68.27000000000001,0.6666666666666666,0.16666666666666666,GOOD,0.23045267489711932,0.05555555555555556,16.049382716049383,False,,NO_ACTIVITY_CONTEXT,False,NO_INVESTIGATION,False,,,0,0,0,0,0,0,0.0,9.5,,
2026-07-27,840.0,34.83,9.2486,9.7561,0.948,True,,0.0,0.962,0.943,0.755,21.57,1.2655,1.0519,40.46,-0.0382,0,False,False,False,False,NCKL,NO_INVESTIGATION,False,0,5,0.0,15.99,,basic_materials,27,0.0,14.01,1,0.037037037037037035,0,0.0,0.5925925925925926,6,7.865,0.0,0.5,GOOD,0.5706447187928669,0.5,54.23868312757202,False,,NO_ACTIVITY_CONTEXT,False,NO_INVESTIGATION,False,,,0,0,0,0,0,0,0.0,15.99,,
2026-07-28,845.0,38.55,8.8235,9.5023,0.9286,True,,0.0,0.728,0.702,0.6301,8.3,1.1149,0.581,0.0,-0.3184,0,False,False,False,False,NCKL,NO_INVESTIGATION,False,0,5,0.0,10.88,,basic_materials,27,0.0,4.82,1,0.037037037037037035,1,0.037037037037037035,0.6296296296296297,6,0.0,0.0,0.8333333333333334,GOOD,0.6063100137174212,0.8333333333333334,69.7119341563786,False,,NO_ACTIVITY_CONTEXT,False,NO_INVESTIGATION,False,,,0,0,0,0,0,0,0.0,10.88,,
2026-07-29,850.0,33.14,8.8235,9.2486,0.954,True,,0.0,0.6784,0.6824,0.6627,11.32,0.9921,1.2151,0.0,-0.3179,0,False,False,False,False,NCKL,NO_INVESTIGATION,False,0,5,0.0,9.98,,basic_materials,27,2.68,28.005,3,0.1111111111111111,1,0.037037037037037035,0.48148148148148145,6,16.875,0.16666666666666666,0.3333333333333333,GOOD,0.42798353909465014,0.2777777777777778,36.79012345679012,False,,NO_ACTIVITY_CONTEXT,False,NO_INVESTIGATION,False,,,0,0,0,0,0,0,0.0,9.98,,
2026-07-30,885.0,62.55,7.0588,9.0886,0.7767,True,,13.99,1.1641,1.1354,1.0775,4.45,1.0571,0.8748,4.95,-0.2604,0,True,False,False,False,NCKL,NO_INVESTIGATION,False,0,5,0.0,21.0,,basic_materials,27,0.45,16.86,2,0.07407407407407407,0,0.0,0.7037037037037037,6,15.030000000000001,0.16666666666666666,0.5,GOOD,0.6515775034293553,0.4166666666666667,55.76131687242798,False,,NO_ACTIVITY_CONTEXT,False,NO_INVESTIGATION,False,,,0,0,0,0,0,0,0.0,21.0,,
2026-07-31,895.0,9.08,10.0,9.0886,1.1003,True,,82.24,1.9201,1.7573,1.8406,3.63,1.0447,0.9313,25.75,-0.097,3,False,True,True,False,NCKL,NO_INVESTIGATION,False,0,5,0.0,30.06,,basic_materials,27,9.39,62.57,8,0.2962962962962963,3,0.1111111111111111,0.8518518518518519,6,17.21,0.3333333333333333,0.6666666666666666,GOOD,0.5994513031550068,0.4444444444444445,53.74485596707819,True,53.74485596707819,MIXED_CONTEXT,False,NO_INVESTIGATION,False,,,0,0,0,0,0,0,0.0,30.06,,
2026-08-03,935.0,0.0,14.1243,9.0886,1.5541,True,,96.52,2.488,2.2177,2.1611,17.04,1.185,0.6629,48.98,-0.0041,3,False,True,True,False,NCKL,NO_INVESTIGATION,False,0,5,0.0,36.41,,basic_materials,27,13.11,61.47,9,0.3333333333333333,1,0.037037037037037035,0.9629629629629629,6,12.945,0.3333333333333333,1.0,GOOD,0.6419753086419754,0.6666666666666667,65.18518518518519,True,65.18518518518519,STOCK_SPECIFIC_ACTIVITY,False,NO_INVESTIGATION,False,,,0,0,0,0,0,0,0.0,36.41,,
2026-08-04,955.0,0.0,14.5251,9.0886,1.5982,True,,20.85,1.2222,1.0707,1.2712,0.0,0.9767,0.5291,38.38,-0.0465,2,False,False,True,False,NCKL,NO_INVESTIGATION,False,0,5,0.0,10.09,,basic_materials,27,10.55,26.145000000000003,5,0.18518518518518517,0,0.0,0.7407407407407407,6,28.87,0.5,0.5,GOOD,0.6035665294924555,0.25,46.21399176954733,True,46.21399176954733,PEER_CLUSTERED_ACTIVITY,False,NO_INVESTIGATION,False,,,0,0,0,0,0,0,0.0,10.09,,
2026-08-05,940.0,0.0,12.2995,9.0886,1.3533,True,,0.0,0.8562,0.7326,0.9289,0.0,0.9207,0.8171,0.0,-0.3542,0,False,False,False,False,NCKL,NO_INVESTIGATION,False,0,5,0.0,0.0,,basic_materials,27,40.75,82.745,12,0.4444444444444444,1,0.037037037037037035,0.2222222222222222,6,70.85,0.6666666666666666,0.0,GOOD,0.12345679012345678,0.0,7.4074074074074066,False,,NO_ACTIVITY_CONTEXT,False,NO_INVESTIGATION,False,,,0,0,0,0,0,0,0.0,0.0,,
2026-08-06,935.0,27.81,9.0909,9.2486,0.983,True,,50.54,1.6925,1.4948,1.1759,45.8,1.4786,0.7191,74.76,0.1317,2,False,True,True,False,NCKL,NO_INVESTIGATION,False,0,5,0.0,36.46,,basic_materials,27,18.02,56.93,10,0.37037037037037035,0,0.0,0.6666666666666666,6,52.785,0.6666666666666666,0.3333333333333333,GOOD,0.41975308641975306,0.11111111111111112,29.629629629629626,True,29.629629629629626,PEER_CLUSTERED_ACTIVITY,False,NO_INVESTIGATION,False,,,0,0,0,0,0,0,0.0,36.46,,
2026-08-07,945.0,82.54,5.8511,9.1697,0.6381,True,,0.0,0.9024,0.8112,0.7203,26.76,1.2722,0.8904,11.08,-0.2114,0,True,False,False,False,NCKL,NO_INVESTIGATION,False,0,5,0.0,25.76,,basic_materials,27,0.0,28.735,4,0.14814814814814814,0,0.0,0.5185185185185185,6,6.805,0.0,0.3333333333333333,GOOD,0.44170096021947874,0.3333333333333333,39.83539094650206,False,,NO_ACTIVITY_CONTEXT,False,NO_INVESTIGATION,False,,,0,0,0,0,0,0,0.0,25.76,,
2026-08-10,930.0,99.61,4.2553,9.0097,0.4723,True,,0.0,0.7773,0.7334,0.9955,5.41,0.8548,1.104,6.26,-0.2499,0,True,False,False,False,NCKL,NO_INVESTIGATION,False,0,5,0.0,26.34,,basic_materials,27,12.47,68.595,8,0.2962962962962963,3,0.1111111111111111,0.2962962962962963,6,9.885,0.16666666666666666,0.16666666666666666,GOOD,0.2085048010973937,0.1388888888888889,18.06584362139918,False,,NO_ACTIVITY_CONTEXT,False,NO_INVESTIGATION,False,,,0,0,0,0,0,0,0.0,26.34,,
2026-08-11,915.0,69.96,6.4171,9.0097,0.7122,True,,25.61,1.2543,1.2141,1.2271,10.79,1.119,0.8153,44.88,-0.0205,3,True,False,True,False,NCKL,NO_INVESTIGATION,False,0,5,0.0,31.28,,basic_materials,27,2.88,13.344999999999999,2,0.07407407407407407,0,0.0,0.8888888888888888,6,5.25,0.0,0.8333333333333334,GOOD,0.8230452674897119,0.8333333333333334,82.71604938271604,True,82.71604938271604,STOCK_SPECIFIC_ACTIVITY,True,NO_INVESTIGATION,False,,,0,0,0,0,0,0,0.0,31.28,,
2026-08-12,935.0,85.52,5.3476,9.0097,0.5935,True,,30.83,1.2795,1.2579,1.3009,47.58,1.088,2.0433,63.82,0.0691,3,True,False,True,False,NCKL,NO_INVESTIGATION,False,0,5,0.0,44.15,,basic_materials,27,0.0,9.42,1,0.037037037037037035,0,0.0,0.8888888888888888,6,0.0,0.0,1.0,GOOD,0.8559670781893004,1.0,91.35802469135803,True,91.35802469135803,STOCK_SPECIFIC_ACTIVITY,True,NO_INVESTIGATION,False,,,0,0,0,0,0,0,0.0,44.15,,
2026-08-13,910.0,85.12,5.3763,9.0097,0.5967,True,,0.0,0.65,0.6341,0.9926,32.58,0.7109,1.713,0.0,-0.5064,0,True,False,False,False,NCKL,NO_INVESTIGATION,False,0,5,0.0,26.17,,basic_materials,27,0.0,3.51,1,0.037037037037037035,0,0.0,0.5925925925925926,6,3.51,0.0,0.3333333333333333,GOOD,0.5706447187928669,0.3333333333333333,47.57201646090535,False,,NO_ACTIVITY_CONTEXT,False,NO_INVESTIGATION,False,,,0,0,0,0,0,0,0.0,26.17,,
2026-08-14,925.0,75.92,5.9459,9.0097,0.6599,True,,0.0,0.8399,0.8335,0.7673,4.84,1.0547,0.8758,15.9,-0.1728,0,True,False,False,False,NCKL,NO_INVESTIGATION,False,0,5,0.0,21.3,,basic_materials,27,0.0,1.06,2,0.07407407407407407,0,0.0,0.7037037037037037,6,9.55,0.16666666666666666,0.5,GOOD,0.6515775034293553,0.4166666666666667,55.76131687242798,False,,NO_ACTIVITY_CONTEXT,False,NO_INVESTIGATION,False,,,0,0,0,0,0,0,0.0,21.3,,
2026-08-18,935.0,89.2,4.8649,9.0097,0.54,True,,0.0,0.9908,0.9658,0.8158,37.48,1.1553,1.439,44.27,-0.0229,0,True,False,False,False,NCKL,NO_INVESTIGATION,False,0,5,0.0,32.35,,basic_materials,27,2.79,22.799999999999997,4,0.14814814814814814,1,0.037037037037037035,0.3333333333333333,6,0.0,0.16666666666666666,0.6666666666666666,GOOD,0.2839506172839506,0.5555555555555556,39.25925925925926,False,,NO_ACTIVITY_CONTEXT,False,NO_INVESTIGATION,False,,,0,0,0,0,0,0,0.0,32.35,,
2026-08-19,925.0,85.91,4.8649,8.9572,0.5431,True,,0.0,0.6479,0.6294,0.682,24.52,0.9401,1.505,42.91,-0.0284,0,True,False,False,False,NCKL,NO_INVESTIGATION,False,0,5,0.0,29.45,,basic_materials,27,0.0,27.994999999999997,6,0.2222222222222222,0,0.0,0.5925925925925926,6,0.0,0.16666666666666666,0.6666666666666666,GOOD,0.46090534979423864,0.5555555555555556,49.876543209876544,False,,NO_ACTIVITY_CONTEXT,False,NO_INVESTIGATION,False,,,0,0,0,0,0,0,0.0,29.45,,
2026-08-20,950.0,53.84,7.027,8.8235,0.7964,True,,71.24,1.8528,1.7638,1.4618,25.43,1.2385,1.0378,97.33,0.2822,3,False,True,True,False,NCKL,NO_INVESTIGATION,False,0,5,0.0,48.38,,basic_materials,27,10.87,68.375,9,0.3333333333333333,1,0.037037037037037035,0.7777777777777778,6,29.995,0.3333333333333333,0.6666666666666666,GOOD,0.5185185185185186,0.4444444444444445,48.8888888888889,True,48.8888888888889,MIXED_CONTEXT,True,NO_INVESTIGATION,False,,,0,0,0,0,0,0,0.0,48.38,,
2026-08-21,955.0,33.12,7.4866,7.9412,0.9428,True,,0.0,0.7664,0.7225,0.7725,0.0,0.9441,0.6553,50.0,0.0,0,False,False,False,False,NCKL,NO_INVESTIGATION,False,0,5,0.0,13.28,,basic_materials,27,0.0,22.455,3,0.1111111111111111,1,0.037037037037037035,0.5185185185185185,6,0.0,0.0,0.6666666666666666,GOOD,0.46090534979423864,0.6666666666666666,54.32098765432099,False,,NO_ACTIVITY_CONTEXT,False,NO_INVESTIGATION,False,,,0,0,0,0,0,0,0.0,13.28,,
2026-08-24,955.0,54.65,5.7895,7.2727,0.7961,True,,0.0,0.833,0.8062,0.8585,0.0,0.9192,0.6898,72.44,0.1163,0,False,False,False,False,NCKL,NO_INVESTIGATION,False,0,5,0.0,20.91,,basic_materials,27,6.91,39.585,6,0.2222222222222222,0,0.0,0.4074074074074074,6,16.93,0.16666666666666666,0.3333333333333333,GOOD,0.3168724279835391,0.2777777777777778,30.12345679012346,False,,NO_ACTIVITY_CONTEXT,False,NO_INVESTIGATION,False,,,0,0,0,0,0,0,0.0,20.91,,
2026-08-26,940.0,40.02,6.3158,7.0429,0.8968,True,,11.84,1.132,1.1025,1.0804,0.0,0.9926,0.9087,65.13,0.0757,0,False,False,False,False,NCKL,NO_INVESTIGATION,False,0,5,0.0,20.07,,basic_materials,27,50.01,74.195,14,0.5185185185185185,1,0.037037037037037035,0.2962962962962963,6,42.75,0.3333333333333333,0.16666666666666666,GOOD,0.14266117969821673,0.11111111111111112,13.004115226337449,False,,NO_ACTIVITY_CONTEXT,False,NO_INVESTIGATION,False,,,0,0,0,0,0,0,0.0,20.07,,
2026-08-27,965.0,46.2,5.7592,6.7221,0.8568,True,,0.0,0.9815,0.9414,0.6394,54.84,1.515,1.1519,100.0,0.3789,0,False,False,False,False,NCKL,NO_INVESTIGATION,False,0,5,0.0,29.78,,basic_materials,27,0.0,54.835,8,0.2962962962962963,2,0.07407407407407407,0.5185185185185185,6,0.0,0.0,0.8333333333333334,GOOD,0.36488340192043894,0.8333333333333334,55.22633744855967,False,,NO_ACTIVITY_CONTEXT,False,NO_INVESTIGATION,False,,,0,0,0,0,0,0,0.0,29.78,,
2026-08-28,955.0,40.39,5.7592,6.3665,0.9046,True,,0.0,0.9393,0.8982,0.9039,10.18,1.0255,1.1617,6.82,-0.2454,0,False,False,False,False,NCKL,NO_INVESTIGATION,False,0,5,0.0,12.31,,basic_materials,27,0.0,48.61,7,0.25925925925925924,2,0.07407407407407407,0.5185185185185185,6,0.0,0.0,1.0,GOOD,0.38408779149519884,1.0,63.04526748971193,False,,NO_ACTIVITY_CONTEXT,False,NO_INVESTIGATION,False,,,0,0,0,0,0,0,0.0,12.31,,
2026-08-31,970.0,8.53,6.8063,6.1309,1.1102,True,,89.21,2.1983,2.0562,1.5696,48.92,1.3631,1.2204,40.25,-0.039,3,False,True,True,False,NCKL,NO_INVESTIGATION,False,0,5,0.0,40.26,,basic_materials,27,69.98,80.765,17,0.6296296296296297,4,0.14814814814814814,0.8148148148148148,6,0.86,0.16666666666666666,1.0,GOOD,0.3017832647462277,0.8333333333333334,51.440329218106996,True,51.440329218106996,MIXED_CONTEXT,False,NO_INVESTIGATION,False,,,0,0,0,0,0,0,0.0,40.26,,
2026-09-01,950.0,8.19,6.8063,6.1309,1.1102,True,,28.68,1.2471,1.2315,1.2781,26.18,0.9299,1.5311,0.87,-0.293,3,False,False,True,False,NCKL,NO_INVESTIGATION,False,0,5,0.0,14.67,,basic_materials,27,54.42,84.5,14,0.5185185185185185,2,0.07407407407407407,0.4444444444444444,6,0.065,0.0,0.8333333333333334,GOOD,0.2139917695473251,0.8333333333333334,46.17283950617284,True,46.17283950617284,MIXED_CONTEXT,False,NO_INVESTIGATION,False,,,0,0,0,0,0,0,0.0,14.67,,
2026-09-02,945.0,7.79,6.8063,6.1309,1.1102,True,,1.13,0.9242,0.9258,1.0327,16.64,0.8528,1.3452,29.41,-0.0823,0,False,False,False,False,NCKL,NO_INVESTIGATION,False,0,5,0.0,7.72,,basic_materials,27,17.97,62.275000000000006,8,0.2962962962962963,0,0.0,0.25925925925925924,6,0.485,0.16666666666666666,0.6666666666666666,GOOD,0.18244170096021947,0.5555555555555556,33.168724279835395,False,,NO_ACTIVITY_CONTEXT,False,NO_INVESTIGATION,False,,,0,0,0,0,0,0,0.0,7.72,,
2026-09-03,970.0,51.65,5.2356,6.1309,0.854,True,,24.89,1.2769,1.2507,1.0486,11.42,1.1274,0.8565,67.8,0.089,2,False,False,True,False,NCKL,NO_INVESTIGATION,False,0,5,0.0,28.87,,basic_materials,27,32.28,69.175,9,0.3333333333333333,1,0.037037037037037035,0.4444444444444444,6,0.0,0.0,0.6666666666666666,GOOD,0.29629629629629634,0.6666666666666666,44.44444444444444,True,44.44444444444444,MIXED_CONTEXT,True,NO_INVESTIGATION,False,,,0,0,0,0,0,0,0.0,28.87,,
2026-09-04,955.0,44.61,5.2356,5.8985,0.8876,True,,0.0,0.7386,0.7282,0.8532,17.22,0.7825,1.3576,1.13,-0.2909,0,False,False,False,False,NCKL,NO_INVESTIGATION,False,0,5,0.0,13.85,,basic_materials,27,0.0,24.19,5,0.18518518518518517,1,0.037037037037037035,0.5185185185185185,6,0.0,0.16666666666666666,0.8333333333333334,GOOD,0.4224965706447188,0.6944444444444445,53.12757201646091,False,,NO_ACTIVITY_CONTEXT,False,NO_INVESTIGATION,False,,,0,0,0,0,0,0,0.0,13.85,,
2026-09-07,940.0,60.25,4.7368,5.8203,0.8139,True,,55.78,1.4148,1.4145,1.5515,0.0,0.8253,0.8185,22.13,-0.123,3,True,True,True,True,NCKL,EMERGING,True,1,5,20.0,38.01,38.01,basic_materials,27,0.77,43.894999999999996,6,0.2222222222222222,2,0.07407407407407407,0.8148148148148148,6,0.0,0.0,1.0,GOOD,0.6337448559670782,1.0,78.0246913580247,True,78.0246913580247,STOCK_SPECIFIC_ACTIVITY,True,EMERGING,True,NCKL-20260907-01,2026-09-07,1,1,1,1,1,0,20.0,38.01,38.01,
2026-09-08,960.0,86.7,3.6649,5.7743,0.6347,True,,21.11,1.2361,1.2272,1.0672,10.73,1.0738,1.102,100.0,0.3199,2,True,False,True,False,NCKL,WEAKENING,True,1,5,20.0,43.62,43.62,basic_materials,27,21.11,72.91999999999999,10,0.37037037037037035,1,0.037037037037037035,0.5185185185185185,6,18.79,0.3333333333333333,0.5,GOOD,0.32647462277091904,0.33333333333333337,32.92181069958848,True,32.92181069958848,MIXED_CONTEXT,True,DEVELOPING,True,NCKL-20260907-01,2026-09-07,2,1,2,2,1,0,40.0,47.62,47.62,
2026-09-09,1005.0,0.0,7.2917,5.7592,1.2661,True,,100.0,3.1267,3.0136,2.6077,11.41,1.1274,0.7887,98.18,0.2879,3,False,True,True,False,NCKL,WEAKENING,True,1,5,20.0,45.53,45.53,basic_materials,27,51.62,75.14,14,0.5185185185185185,4,0.14814814814814814,1.0,6,63.14,0.6666666666666666,1.0,GOOD,0.4814814814814815,0.33333333333333337,42.22222222222223,True,42.22222222222223,PEER_CLUSTERED_ACTIVITY,False,WEAKENING,True,NCKL-20260907-01,2026-09-07,3,1,2,2,1,1,40.0,49.53,49.53,
2026-09-10,955.0,0.0,7.8534,5.7743,1.3601,True,,95.5,2.0762,2.0099,2.2284,0.0,0.9046,0.8301,0.0,-0.4311,3,False,True,True,False,NCKL,WEAKENING,True,1,5,20.0,32.65,32.65,basic_materials,27,23.38,67.435,12,0.4444444444444444,2,0.07407407407407407,0.9629629629629629,6,67.435,0.6666666666666666,0.8333333333333334,GOOD,0.5349794238683128,0.27777777777777785,43.20987654320988,True,43.20987654320988,PEER_CLUSTERED_ACTIVITY,False,CLOSED,False,NCKL-20260907-01,2026-09-07,4,1,2,2,1,2,40.0,36.65,,TWO_UNSUPPORTED_SESSIONS
2026-09-11,940.0,0.0,9.4241,5.7743,1.6321,True,,53.48,1.5392,1.5494,1.3329,13.84,1.1485,0.5691,39.65,-0.0414,3,False,True,True,False,NCKL,WEAKENING,True,1,5,20.0,26.08,26.08,basic_materials,27,18.62,50.334999999999994,7,0.25925925925925924,0,0.0,0.7777777777777778,6,40.455,0.3333333333333333,0.6666666666666666,GOOD,0.5761316872427983,0.4444444444444445,52.345679012345684,True,52.345679012345684,MIXED_CONTEXT,False,NO_INVESTIGATION,False,,,0,0,0,0,0,0,0.0,22.08,,
2026-09-14,920.0,0.0,12.0419,5.8677,2.0522,True,,89.76,2.2317,2.316,1.6926,28.02,1.3113,0.7031,53.79,0.0189,3,False,True,True,False,NCKL,NO_INVESTIGATION,False,0,5,0.0,36.51,,basic_materials,27,26.07,74.15,11,0.4074074074074074,0,0.0,0.8888888888888888,6,75.13499999999999,0.8333333333333334,0.6666666666666666,GOOD,0.5267489711934156,0.11111111111111108,36.04938271604938,True,36.04938271604938,PEER_CLUSTERED_ACTIVITY,False,NO_INVESTIGATION,False,,,0,0,0,0,0,0,0.0,36.51,,
2026-09-15,915.0,0.0,12.234,6.1309,1.9955,True,,0.0,0.7342,0.7494,0.7769,10.03,0.9686,1.2194,76.41,0.1427,0,False,False,False,False,NCKL,NO_INVESTIGATION,False,0,5,0.0,9.15,,basic_materials,27,0.0,11.379999999999999,4,0.14814814814814814,0,0.0,0.5185185185185185,6,20.85,0.3333333333333333,0.16666666666666666,GOOD,0.44170096021947874,0.11111111111111112,30.946502057613166,False,,NO_ACTIVITY_CONTEXT,False,NO_INVESTIGATION,False,,,0,0,0,0,0,0,0.0,9.15,,
2026-09-16,920.0,0.0,12.5,6.561,1.9052,True,,0.0,0.9297,0.9499,0.8296,37.81,1.1744,1.4428,44.36,-0.0226,0,False,False,False,False,NCKL,NO_INVESTIGATION,False,0,5,0.0,10.11,,basic_materials,27,0.0,19.835,2,0.07407407407407407,0,0.0,0.5185185185185185,6,34.010000000000005,0.3333333333333333,0.0,GOOD,0.4801097393689986,0.0,28.806584362139915,False,,NO_ACTIVITY_CONTEXT,False,NO_INVESTIGATION,False,,,0,0,0,0,0,0,0.0,10.11,,
2026-09-17,940.0,18.89,7.0652,6.8063,1.038,True,,0.0,0.7085,0.7175,0.6708,22.25,1.0968,1.2807,22.43,-0.1205,0,False,False,False,False,NCKL,NO_INVESTIGATION,False,0,5,0.0,10.3,,basic_materials,27,0.0,8.625,3,0.1111111111111111,0,0.0,0.6666666666666666,6,0.0,0.3333333333333333,0.6666666666666666,GOOD,0.5925925925925926,0.4444444444444445,53.333333333333336,False,,NO_ACTIVITY_CONTEXT,False,NO_INVESTIGATION,False,,,0,0,0,0,0,0,0.0,10.3,,
2026-09-18,920.0,58.47,5.4348,6.8063,0.7985,True,,0.0,0.8638,0.8821,0.6488,31.87,1.3285,0.7044,72.69,0.1179,0,True,False,False,False,NCKL,NO_INVESTIGATION,False,0,5,0.0,26.67,,basic_materials,27,48.09,72.95,12,0.4444444444444444,1,0.037037037037037035,0.14814814814814814,6,28.035000000000004,0.3333333333333333,0.16666666666666666,GOOD,0.0823045267489712,0.11111111111111112,9.382716049382717,False,,NO_ACTIVITY_CONTEXT,False,NO_INVESTIGATION,False,,,0,0,0,0,0,0,0.0,26.67,,
2026-09-21,930.0,69.43,4.8913,6.8063,0.7186,True,,0.0,0.5754,0.5814,0.7456,11.06,0.7303,1.248,68.25,0.0912,0,True,False,False,False,NCKL,NO_INVESTIGATION,False,0,5,0.0,25.84,,basic_materials,27,0.0,3.005,2,0.07407407407407407,0,0.0,0.7037037037037037,6,0.0,0.16666666666666666,0.6666666666666666,GOOD,0.6515775034293553,0.5555555555555556,61.31687242798354,False,,NO_ACTIVITY_CONTEXT,False,NO_INVESTIGATION,False,,,0,0,0,0,0,0,0.0,25.84,,
2026-09-22,915.0,63.9,4.8913,6.561,0.7455,True,,0.0,0.3817,0.391,0.8287,0.0,0.4359,0.9803,39.71,-0.0412,0,True,False,False,False,NCKL,NO_INVESTIGATION,False,0,5,0.0,19.95,,basic_materials,27,2.89,15.330000000000002,4,0.14814814814814814,0,0.0,0.4074074074074074,6,2.845,0.16666666666666666,0.3333333333333333,GOOD,0.34705075445816186,0.2777777777777778,31.934156378600825,False,,NO_ACTIVITY_CONTEXT,False,NO_INVESTIGATION,False,,,0,0,0,0,0,0,0.0,19.95,,
2026-09-23,950.0,64.21,4.8387,6.561,0.7375,True,,0.0,0.6755,0.6758,0.5758,14.37,1.1103,1.1085,100.0,0.4467,0,True,False,False,False,NCKL,NO_INVESTIGATION,False,0,5,0.0,28.21,,basic_materials,27,0.0,4.3549999999999995,2,0.07407407407407407,0,0.0,0.6296296296296297,6,0.0,0.16666666666666666,0.8333333333333334,GOOD,0.5829903978052127,0.6944444444444445,62.75720164609054,False,,NO_ACTIVITY_CONTEXT,False,NO_INVESTIGATION,False,,,0,0,0,0,0,0,0.0,28.21,,
2026-09-24,915.0,59.2,4.8913,6.2827,0.7785,True,,0.0,0.6496,0.6495,0.8999,3.17,0.6818,1.0678,2.6,-0.2792,0,True,False,False,False,NCKL,NO_INVESTIGATION,False,0,5,0.0,15.54,,basic_materials,27,0.0,0.0,2,0.07407407407407407,0,0.0,0.8148148148148148,6,0.0,0.16666666666666666,0.8333333333333334,GOOD,0.7544581618655692,0.6944444444444445,73.04526748971195,False,,NO_ACTIVITY_CONTEXT,False,NO_INVESTIGATION,False,,,0,0,0,0,0,0,0.0,15.54,,
2026-09-25,905.0,31.29,6.0109,6.2827,0.9567,True,,0.0,0.6242,0.6352,0.6713,5.59,0.915,1.1166,8.28,-0.2338,0,False,False,False,False,NCKL,NO_INVESTIGATION,False,0,5,0.0,9.49,,basic_materials,27,0.0,0.0,1,0.037037037037037035,0,0.0,0.7777777777777778,6,0.0,0.0,0.8333333333333334,GOOD,0.7489711934156379,0.8333333333333334,78.27160493827161,False,,NO_ACTIVITY_CONTEXT,False,NO_INVESTIGATION,False,,,0,0,0,0,0,0,0.0,9.49,,
2026-09-28,885.0,0.0,8.1967,6.4086,1.279,True,,0.0,0.8538,0.8842,0.9755,12.32,0.8723,1.2435,0.0,-0.4766,0,False,False,False,False,NCKL,NO_INVESTIGATION,False,0,5,0.0,1.85,,basic_materials,27,0.0,4.0649999999999995,1,0.037037037037037035,0,0.0,0.5555555555555556,6,0.39,0.0,0.5,GOOD,0.5349794238683128,0.5,52.09876543209877,False,,NO_ACTIVITY_CONTEXT,False,NO_INVESTIGATION,False,,,0,0,0,0,0,0,0.0,1.85,,
2026-09-29,870.0,0.0,10.4972,6.4086,1.638,True,,0.0,0.7701,0.8278,0.8335,0.0,0.9753,0.7135,6.1,-0.2512,0,False,False,False,False,NCKL,NO_INVESTIGATION,False,0,5,0.0,0.61,,basic_materials,27,13.22,41.695,3,0.1111111111111111,0,0.0,0.3333333333333333,6,15.645,0.0,0.3333333333333333,GOOD,0.2962962962962963,0.3333333333333333,31.11111111111111,False,,NO_ACTIVITY_CONTEXT,False,NO_INVESTIGATION,False,,,0,0,0,0,0,0,0.0,0.61,,
2026-06-12,1530.0,0.0,14.0,7.8082,1.793,True,,0.0,0.7243,0.8579,0.6972,15.69,1.1547,1.0753,23.99,-0.1081,0,False,False,False,False,PGAS,NO_INVESTIGATION,False,0,5,0.0,4.75,,energy,27,7.79,25.415,4,0.14814814814814814,0,0.0,0.4074074074074074,2,39.095,0.5,0.5,GOOD,0.34705075445816186,0.25,30.82304526748971,False,,NO_ACTIVITY_CONTEXT,False,NO_INVESTIGATION,False,,,0,0,0,0,0,0,0.0,4.75,,
2026-06-15,1575.0,0.0,17.3203,7.9452,2.18,True,,17.88,1.1544,1.3338,1.0712,15.94,1.185,0.9219,40.76,-0.037,1,False,False,False,False,PGAS,NO_INVESTIGATION,False,0,5,0.0,11.83,,energy,27,42.94,64.585,13,0.48148148148148145,0,0.0,0.3333333333333333,2,33.375,0.5,0.5,GOOD,0.17283950617283952,0.25,20.370370370370374,True,20.370370370370374,PEER_CLUSTERED_ACTIVITY,False,NO_INVESTIGATION,False,,,0,0,0,0,0,0,0.0,11.83,,
2026-06-17,1565.0,0.0,11.3636,7.9452,1.4303,True,,0.0,0.756,0.869,0.8984,13.82,0.9151,1.2945,7.43,-0.2405,0,False,False,False,False,PGAS,NO_INVESTIGATION,False,0,5,0.0,2.82,,energy,27,0.0,18.119999999999997,4,0.14814814814814814,0,0.0,0.5185185185185185,2,2.35,0.0,0.5,GOOD,0.44170096021947874,0.5,46.50205761316872,False,,NO_ACTIVITY_CONTEXT,False,NO_INVESTIGATION,False,,,0,0,0,0,0,0,0.0,2.82,,
2026-06-18,1560.0,6.75,9.6154,8.2192,1.1699,True,,0.0,0.2634,0.3044,0.5136,0.0,0.5579,0.8483,5.35,-0.2572,0,False,False,False,False,PGAS,NO_INVESTIGATION,False,0,5,0.0,2.22,,energy,27,0.0,2.745,1,0.037037037037037035,0,0.0,0.7037037037037037,2,0.0,0.0,1.0,GOOD,0.6776406035665296,1.0,80.65843621399178,False,,NO_ACTIVITY_CONTEXT,False,NO_INVESTIGATION,False,,,0,0,0,0,0,0,0.0,2.22,,
2026-06-19,1540.0,59.66,6.7308,9.0543,0.7434,True,,0.0,0.6906,0.7992,0.5559,56.17,1.3511,1.4531,5.63,-0.2549,0,True,False,False,False,PGAS,NO_INVESTIGATION,False,0,5,0.0,23.9,,energy,27,66.7,70.0,17,0.6296296296296297,6,0.2222222222222222,0.14814814814814814,2,35.695,0.5,0.0,GOOD,0.05486968449931412,0.0,3.2921810699588474,False,,NO_ACTIVITY_CONTEXT,False,NO_INVESTIGATION,False,,,0,0,0,0,0,0,0.0,23.9,,
2026-06-22,1560.0,76.65,5.4487,9.0543,0.6018,True,,0.0,0.2198,0.2536,0.327,22.58,0.7309,1.4539,4.97,-0.2602,0,True,False,False,False,PGAS,NO_INVESTIGATION,False,0,5,0.0,23.05,,energy,27,0.0,14.54,1,0.037037037037037035,0,0.0,0.6296296296296297,2,18.385,0.0,0.5,GOOD,0.6063100137174212,0.5,56.37860082304527,False,,NO_ACTIVITY_CONTEXT,False,NO_INVESTIGATION,False,,,0,0,0,0,0,0,0.0,23.05,,
2026-06-23,1545.0,83.29,4.8077,9.0543,0.531,True,,0.0,0.5144,0.5883,0.6066,9.22,0.918,1.1969,12.3,-0.2016,0,True,False,False,False,PGAS,NO_INVESTIGATION,False,0,5,0.0,23.44,,energy,27,0.0,0.0,1,0.037037037037037035,0,0.0,0.8148148148148148,2,0.0,0.0,1.0,GOOD,0.7846364883401921,1.0,87.07818930041152,False,,NO_ACTIVITY_CONTEXT,False,NO_INVESTIGATION,False,,,0,0,0,0,0,0,0.0,23.44,,
2026-06-24,1495.0,66.09,6.1489,9.0543,0.6791,True,,0.0,0.5425,0.6279,0.9522,0.0,0.623,0.9229,36.26,-0.055,0,True,False,False,False,PGAS,NO_INVESTIGATION,False,0,5,0.0,20.15,,energy,27,0.0,10.780000000000001,1,0.037037037037037035,0,0.0,0.6296296296296297,2,0.0,0.0,1.0,GOOD,0.6063100137174212,1.0,76.37860082304528,False,,NO_ACTIVITY_CONTEXT,False,NO_INVESTIGATION,False,,,0,0,0,0,0,0,0.0,20.15,,
2026-06-25,1520.0,65.84,6.1688,9.0543,0.6813,True,,0.0,0.3294,0.3823,0.5791,0.0,0.6219,0.8049,55.03,0.0252,0,True,False,False,False,PGAS,NO_INVESTIGATION,False,0,5,0.0,21.96,,energy,27,0.0,12.219999999999999,5,0.18518518518518517,1,0.037037037037037035,0.5185185185185185,2,4.65,0.0,0.0,GOOD,0.4224965706447188,0.0,25.349794238683128,False,,NO_ACTIVITY_CONTEXT,False,NO_INVESTIGATION,False,,,0,0,0,0,0,0,0.0,21.96,,
2026-06-26,1520.0,69.42,5.9211,9.0543,0.654,True,,0.0,0.5449,0.6344,0.6519,12.64,0.914,1.256,56.55,0.0327,0,True,False,False,False,PGAS,NO_INVESTIGATION,False,0,5,0.0,24.91,,energy,27,0.0,0.0,1,0.037037037037037035,0,0.0,0.8148148148148148,2,0.0,0.0,1.0,GOOD,0.7846364883401921,1.0,87.07818930041152,False,,NO_ACTIVITY_CONTEXT,False,NO_INVESTIGATION,False,,,0,0,0,0,0,0,0.0,24.91,,
2026-06-29,1425.0,7.72,10.5263,9.0543,1.1626,True,,70.61,2.2506,2.6941,1.3808,68.6,1.6058,1.4299,100.0,0.3103,3,False,True,True,False,PGAS,NO_INVESTIGATION,False,0,5,0.0,43.4,,energy,27,0.0,0.0,1,0.037037037037037035,0,0.0,1.0,2,0.0,0.0,1.0,GOOD,0.962962962962963,1.0,97.77777777777779,True,97.77777777777779,STOCK_SPECIFIC_ACTIVITY,False,NO_INVESTIGATION,False,,,0,0,0,0,0,0,0.0,43.4,,
2026-06-30,1365.0,0.0,15.0502,10.0709,1.4944,True,,63.54,1.6222,2.0789,1.6892,1.53,1.0195,0.9599,36.21,-0.0552,3,False,True,True,False,PGAS,NO_INVESTIGATION,False,0,5,0.0,22.91,,energy,27,0.0,25.9,2,0.07407407407407407,0,0.0,1.0,2,0.0,0.0,1.0,GOOD,0.9259259259259259,1.0,95.55555555555556,True,95.55555555555556,STOCK_SPECIFIC_ACTIVITY,False,NO_INVESTIGATION,False,,,0,0,0,0,0,0,0.0,22.91,,
2026-07-01,1365.0,4.79,13.3333,10.945,1.2182,True,,0.0,0.5404,0.696,0.7181,0.0,0.7988,0.9011,0.0,-0.3495,0,False,False,False,False,PGAS,NO_INVESTIGATION,False,0,5,0.0,1.2,,energy,27,0.0,0.0,1,0.037037037037037035,0,0.0,0.8518518518518519,2,0.0,0.0,1.0,GOOD,0.8203017832647462,1.0,89.21810699588477,False,,NO_ACTIVITY_CONTEXT,False,NO_INVESTIGATION,False,,,0,0,0,0,0,0,0.0,1.2,,
2026-07-02,1365.0,9.79,13.9194,12.2572,1.1356,True,,0.0,0.6289,0.7765,0.9328,0.0,0.6983,0.6408,4.29,-0.2657,0,False,False,False,False,PGAS,NO_INVESTIGATION,False,0,5,0.0,2.88,,energy,27,0.0,0.0,1,0.037037037037037035,0,0.0,0.8888888888888888,2,0.0,0.0,1.0,GOOD,0.8559670781893004,1.0,91.35802469135803,False,,NO_ACTIVITY_CONTEXT,False,NO_INVESTIGATION,False,,,0,0,0,0,0,0,0.0,2.88,,
2026-07-03,1390.0,32.68,12.4542,13.242,0.9405,True,,0.0,0.7644,0.8583,0.9905,5.51,0.7105,1.1095,65.38,0.0769,0,False,False,False,False,PGAS,NO_INVESTIGATION,False,0,5,0.0,15.53,,energy,27,0.0,0.0,1,0.037037037037037035,0,0.0,0.7777777777777778,2,0.0,0.0,1.0,GOOD,0.7489711934156379,1.0,84.93827160493828,False,,NO_ACTIVITY_CONTEXT,False,NO_INVESTIGATION,False,,,0,0,0,0,0,0,0.0,15.53,,
2026-07-06,1405.0,83.48,6.5934,12.8938,0.5114,True,,0.0,0.7189,0.7959,0.6883,17.0,0.9551,1.2972,0.0,-0.3142,0,True,False,False,False,PGAS,NO_INVESTIGATION,False,0,5,0.0,23.42,,energy,27,0.0,0.0,0,0.0,0,0.0,0.8148148148148148,2,0.0,0.0,1.0,GOOD,0.8148148148148148,1.0,88.88888888888889,False,,NO_ACTIVITY_CONTEXT,False,NO_INVESTIGATION,False,,,0,0,0,0,0,0,0.0,23.42,,
2026-07-07,1405.0,86.6,4.6763,11.9089,0.3927,True,,0.0,0.5928,0.6179,0.6361,2.45,0.7818,1.0512,6.59,-0.2473,0,True,False,False,False,PGAS,NO_INVESTIGATION,False,0,5,0.0,22.68,,energy,27,0.0,6.77,1,0.037037037037037035,1,0.037037037037037035,0.7037037037037037,2,17.79,0.0,0.5,GOOD,0.6776406035665296,0.5,60.65843621399177,False,,NO_ACTIVITY_CONTEXT,False,NO_INVESTIGATION,False,,,0,0,0,0,0,0,0.0,22.68,,
2026-07-08,1425.0,79.76,6.0498,10.945,0.5527,True,,0.04,1.001,0.9695,0.8437,8.75,1.0088,1.1694,12.98,-0.1962,0,True,False,False,False,PGAS,NO_INVESTIGATION,False,0,5,0.0,22.56,,energy,27,0.0,0.02,0,0.0,0,0.0,0.7777777777777778,2,0.0,0.0,1.0,GOOD,0.7777777777777778,1.0,86.66666666666667,False,,NO_ACTIVITY_CONTEXT,False,NO_INVESTIGATION,False,,,0,0,0,0,0,0,0.0,22.56,,
2026-07-09,1400.0,82.83,5.3381,10.0709,0.5301,True,,38.94,1.4091,1.4079,1.2153,19.3,1.1348,1.2038,78.27,0.1551,3,True,False,True,False,PGAS,NO_INVESTIGATION,False,0,5,0.0,43.11,,energy,27,0.0,0.0,0,0.0,0,0.0,0.8888888888888888,2,0.0,0.0,1.0,GOOD,0.8888888888888888,1.0,93.33333333333333,True,93.33333333333333,STOCK_SPECIFIC_ACTIVITY,True,NO_INVESTIGATION,False,,,0,0,0,0,0,0,0.0,43.11,,
2026-07-10,1465.0,54.26,6.4057,8.1731,0.7838,True,,47.23,1.5594,1.5061,1.1704,43.9,1.3041,1.4441,83.32,0.1888,2,False,False,True,False,PGAS,NO_INVESTIGATION,False,0,5,0.0,42.65,,energy,27,0.0,0.0,0,0.0,0,0.0,1.0,2,15.61,0.0,1.0,GOOD,1.0,1.0,100.0,True,100.0,STOCK_SPECIFIC_ACTIVITY,True,NO_INVESTIGATION,False,,,0,0,0,0,0,0,0.0,42.65,,
2026-07-13,1530.0,0.0,9.8246,6.6621,1.4747,True,,62.15,1.7077,1.5965,1.3855,13.89,1.2064,0.9028,23.11,-0.1151,3,False,True,True,False,PGAS,NO_INVESTIGATION,False,0,5,0.0,23.04,,energy,27,0.0,0.0,2,0.07407407407407407,0,0.0,0.9629629629629629,2,47.43,0.5,0.5,GOOD,0.8916323731138546,0.25,63.49794238683128,True,63.49794238683128,MIXED_CONTEXT,False,NO_INVESTIGATION,False,,,0,0,0,0,0,0,0.0,23.04,,
2026-07-14,1490.0,0.0,9.8976,6.6621,1.4857,True,,64.14,1.612,1.5047,1.7544,0.0,0.8198,0.9917,0.0,-0.5261,3,False,True,True,False,PGAS,NO_INVESTIGATION,False,0,5,0.0,19.24,,energy,27,4.74,24.61,6,0.2222222222222222,0,0.0,0.8888888888888888,2,41.065,0.5,0.5,GOOD,0.691358024691358,0.25,51.48148148148148,True,51.48148148148148,PEER_CLUSTERED_ACTIVITY,False,NO_INVESTIGATION,False,,,0,0,0,0,0,0,0.0,19.24,,
2026-07-15,1490.0,0.0,9.396,6.6621,1.4104,True,,1.45,0.901,0.845,1.0426,0.0,0.7837,0.44,0.0,-0.3224,0,False,False,False,False,PGAS,NO_INVESTIGATION,False,0,5,0.0,0.43,,energy,27,3.06,20.625,3,0.1111111111111111,2,0.07407407407407407,0.4074074074074074,2,12.925,0.0,0.5,GOOD,0.3621399176954732,0.5,41.7283950617284,False,,NO_ACTIVITY_CONTEXT,False,NO_INVESTIGATION,False,,,0,0,0,0,0,0,0.0,0.43,,
2026-07-16,1490.0,0.0,9.0604,6.6621,1.36,True,,14.25,1.2129,1.1282,1.0345,7.15,1.0998,0.9367,0.0,-0.3686,1,False,False,False,False,PGAS,NO_INVESTIGATION,False,0,5,0.0,5.35,,energy,27,2.62,37.715,5,0.18518518518518517,2,0.07407407407407407,0.6666666666666666,2,20.7,0.0,0.5,GOOD,0.5432098765432098,0.5,52.59259259259259,True,52.59259259259259,MIXED_CONTEXT,False,NO_INVESTIGATION,False,,,0,0,0,0,0,0,0.0,5.35,,
2026-07-17,1500.0,71.13,4.3624,6.6621,0.6548,True,,49.75,1.5547,1.451,1.1818,14.44,1.1558,1.0623,0.0,-0.397,2,True,False,True,False,PGAS,NO_INVESTIGATION,False,0,5,0.0,34.87,,energy,27,10.93,54.2,8,0.2962962962962963,2,0.07407407407407407,0.7037037037037037,2,21.845,0.0,1.0,GOOD,0.49519890260631005,1.0,69.71193415637859,True,69.71193415637859,STOCK_SPECIFIC_ACTIVITY,True,NO_INVESTIGATION,False,,,0,0,0,0,0,0,0.0,34.87,,
2026-07-20,1500.0,74.76,4.0268,6.4996,0.6196,True,,47.04,1.5215,1.4161,1.2629,3.44,1.0358,1.0147,0.0,-0.5762,3,True,False,True,False,PGAS,NO_INVESTIGATION,False,0,5,0.0,33.32,,energy,27,31.73,51.675,7,0.25925925925925924,2,0.07407407407407407,0.7037037037037037,2,47.775,0.5,0.5,GOOD,0.5212620027434842,0.25,41.275720164609055,True,41.275720164609055,PEER_CLUSTERED_ACTIVITY,True,NO_INVESTIGATION,False,,,0,0,0,0,0,0,0.0,33.32,,
2026-07-21,1540.0,62.09,4.6667,6.4996,0.718,True,,64.73,1.8585,1.69,1.2691,16.79,1.2161,0.7782,68.66,0.0933,3,True,True,True,True,PGAS,EMERGING,True,1,5,20.0,48.33,48.33,energy,27,21.74,66.245,9,0.3333333333333333,5,0.18518518518518517,0.7407407407407407,2,26.269999999999996,0.0,1.0,GOOD,0.4938271604938272,1.0,69.62962962962963,True,69.62962962962963,STOCK_SPECIFIC_ACTIVITY,True,EMERGING,True,PGAS-20260721-01,2026-07-21,1,1,1,1,1,0,20.0,48.33,48.33,
2026-07-22,1535.0,35.39,6.0,6.4996,0.9231,True,,65.32,1.8477,1.7173,1.3737,9.5,1.1349,0.7717,0.0,-0.4205,3,False,True,True,False,PGAS,WEAKENING,True,1,5,20.0,33.87,33.87,energy,27,44.55,85.55000000000001,13,0.48148148148148145,3,0.1111111111111111,0.5925925925925926,2,7.27,0.0,1.0,GOOD,0.30727023319615915,1.0,58.43621399176955,True,58.43621399176955,MIXED_CONTEXT,False,WEAKENING,True,PGAS-20260721-01,2026-07-21,2,1,1,1,1,1,20.0,33.87,33.87,
2026-07-23,1550.0,38.32,5.8632,6.4996,0.9021,True,,18.01,1.2851,1.1875,0.9205,35.25,1.3792,1.0973,74.32,0.1288,1,False,False,False,False,PGAS,WEAKENING,True,1,5,20.0,31.7,31.7,energy,27,50.68,81.85,14,0.5185185185185185,2,0.07407407407407407,0.3333333333333333,2,76.975,1.0,0.0,GOOD,0.16049382716049382,0.0,9.629629629629628,True,9.629629629629628,MARKET_WIDE_ACTIVITY,False,CLOSED,False,PGAS-20260721-01,2026-07-21,3,1,1,1,1,2,20.0,31.7,,TWO_UNSUPPORTED_SESSIONS
2026-07-24,1515.0,52.31,5.2117,6.4996,0.8019,True,,0.32,0.8548,0.8195,1.0087,0.69,0.9501,1.0129,55.46,0.0273,0,False,False,False,False,PGAS,WEAKENING,True,1,5,20.0,22.82,22.82,energy,27,11.43,44.915,6,0.2222222222222222,1,0.037037037037037035,0.3333333333333333,2,26.655,0.0,0.0,GOOD,0.25925925925925924,0.0,15.555555555555554,False,,NO_ACTIVITY_CONTEXT,False,NO_INVESTIGATION,False,,,0,0,0,0,0,0,0.0,18.82,,
2026-07-27,1530.0,52.31,5.2117,6.4996,0.8019,True,,12.29,0.8404,0.8021,1.2783,12.68,0.7214,1.1984,37.35,-0.0506,1,False,False,False,False,PGAS,WEAKENING,True,1,5,20.0,26.4,26.4,energy,27,0.0,14.01,1,0.037037037037037035,0,0.0,0.7407407407407407,2,16.955,0.0,0.5,GOOD,0.7133058984910837,0.5,62.79835390946502,True,62.79835390946502,MIXED_CONTEXT,True,NO_INVESTIGATION,False,,,0,0,0,0,0,0,0.0,22.4,,
2026-07-28,1495.0,40.44,5.5556,6.2278,0.8921,True,,17.54,1.2433,1.1974,0.8746,72.65,1.4241,1.9314,0.0,-0.4657,1,False,False,False,False,PGAS,NO_INVESTIGATION,False,0,5,0.0,26.27,,energy,27,0.0,4.82,1,0.037037037037037035,1,0.037037037037037035,0.8888888888888888,2,5.2299999999999995,0.0,1.0,GOOD,0.8559670781893004,1.0,91.35802469135803,True,91.35802469135803,STOCK_SPECIFIC_ACTIVITY,True,NO_INVESTIGATION,False,,,0,0,0,0,0,0,0.0,26.27,,
2026-07-29,1490.0,11.22,6.6007,6.0249,1.0956,True,,0.0,0.4621,0.4512,0.7134,0.0,0.6717,0.8903,59.32,0.0466,0,False,False,False,False,PGAS,NO_INVESTIGATION,False,0,5,0.0,8.74,,energy,27,2.68,28.005,3,0.1111111111111111,1,0.037037037037037035,0.48148148148148145,2,22.625,0.0,0.0,GOOD,0.42798353909465014,0.0,25.67901234567901,False,,NO_ACTIVITY_CONTEXT,False,NO_INVESTIGATION,False,,,0,0,0,0,0,0,0.0,8.74,,
2026-07-30,1500.0,52.19,5.0,6.0249,0.8299,True,,0.0,0.4053,0.3949,0.5873,0.0,0.7157,0.718,7.01,-0.2439,0,False,False,False,False,PGAS,NO_INVESTIGATION,False,0,5,0.0,13.75,,energy,27,0.45,16.86,2,0.07407407407407407,0,0.0,0.48148148148148145,2,10.06,0.0,0.5,GOOD,0.4458161865569273,0.5,46.74897119341564,False,,NO_ACTIVITY_CONTEXT,False,NO_INVESTIGATION,False,,,0,0,0,0,0,0,0.0,13.75,,
2026-07-31,1500.0,76.81,4.0,5.9316,0.6744,True,,0.0,0.7052,0.678,0.7193,19.4,1.059,1.2206,0.0,-0.5156,0,True,False,False,False,PGAS,NO_INVESTIGATION,False,0,5,0.0,22.11,,energy,27,9.39,62.57,8,0.2962962962962963,3,0.1111111111111111,0.2962962962962963,2,66.965,0.5,0.0,GOOD,0.2085048010973937,0.0,12.510288065843621,False,,NO_ACTIVITY_CONTEXT,False,NO_INVESTIGATION,False,,,0,0,0,0,0,0,0.0,22.11,,
2026-08-03,1510.0,45.63,5.0,5.7094,0.8758,True,,0.0,0.4459,0.4279,0.5322,0.58,0.9222,1.0103,0.0,-0.4492,0,False,False,False,False,PGAS,NO_INVESTIGATION,False,0,5,0.0,11.49,,energy,27,13.11,61.47,9,0.3333333333333333,1,0.037037037037037035,0.37037037037037035,2,33.205,0.5,0.5,GOOD,0.2469135802469136,0.25,24.814814814814813,False,,NO_ACTIVITY_CONTEXT,False,NO_INVESTIGATION,False,,,0,0,0,0,0,0,0.0,11.49,,
2026-08-04,1515.0,38.9,5.0,5.4468,0.918,True,,0.0,0.8118,0.7838,0.8616,2.62,1.0371,0.9614,0.0,-0.5282,0,False,False,False,False,PGAS,NO_INVESTIGATION,False,0,5,0.0,10.12,,energy,27,10.55,26.145000000000003,5,0.18518518518518517,0,0.0,0.4074074074074074,2,5.275,0.0,0.5,GOOD,0.3319615912208505,0.5,39.91769547325103,False,,NO_ACTIVITY_CONTEXT,False,NO_INVESTIGATION,False,,,0,0,0,0,0,0,0.0,10.12,,
2026-08-05,1505.0,40.02,4.9834,5.4468,0.9149,True,,0.0,0.5145,0.4956,0.8413,0.0,0.6599,0.8557,4.97,-0.2602,0,False,False,False,False,PGAS,NO_INVESTIGATION,False,0,5,0.0,10.5,,energy,27,40.75,82.745,12,0.4444444444444444,1,0.037037037037037035,0.2222222222222222,2,17.545,0.0,0.5,GOOD,0.12345679012345678,0.5,27.40740740740741,False,,NO_ACTIVITY_CONTEXT,False,NO_INVESTIGATION,False,,,0,0,0,0,0,0,0.0,10.5,,
2026-08-06,1505.0,66.66,3.9867,5.2749,0.7558,True,,0.0,0.8124,0.7845,0.8229,12.24,1.0654,1.135,0.0,-0.4295,0,True,False,False,False,PGAS,NO_INVESTIGATION,False,0,5,0.0,18.5,,energy,27,18.02,56.93,10,0.37037037037037035,0,0.0,0.3333333333333333,2,0.0,0.0,1.0,GOOD,0.20987654320987653,1.0,52.59259259259259,False,,NO_ACTIVITY_CONTEXT,False,NO_INVESTIGATION,False,,,0,0,0,0,0,0,0.0,18.5,,
2026-08-07,1510.0,63.21,3.9735,5.2117,0.7624,True,,0.0,0.5557,0.5599,0.5957,0.0,0.9504,0.5405,18.77,-0.1498,0,True,False,False,False,PGAS,NO_INVESTIGATION,False,0,5,0.0,17.68,,energy,27,0.0,28.735,4,0.14814814814814814,0,0.0,0.5185185185185185,2,0.0,0.0,1.0,GOOD,0.44170096021947874,1.0,66.50205761316872,False,,NO_ACTIVITY_CONTEXT,False,NO_INVESTIGATION,False,,,0,0,0,0,0,0,0.0,17.68,,
2026-08-10,1510.0,94.55,2.649,5.1059,0.5188,True,,0.0,0.6643,0.661,0.6353,4.69,1.0617,0.9258,20.58,-0.1354,0,True,False,False,False,PGAS,NO_INVESTIGATION,False,0,5,0.0,26.4,,energy,27,12.47,68.595,8,0.2962962962962963,3,0.1111111111111111,0.2962962962962963,2,1.08,0.0,0.5,GOOD,0.2085048010973937,0.5,32.510288065843625,False,,NO_ACTIVITY_CONTEXT,False,NO_INVESTIGATION,False,,,0,0,0,0,0,0,0.0,26.4,,
2026-08-11,1490.0,91.21,2.6578,5.0,0.5316,True,,2.77,1.0142,1.0153,1.0522,2.5,0.9266,1.0427,0.0,-0.6196,0,True,False,False,False,PGAS,NO_INVESTIGATION,False,0,5,0.0,24.01,,energy,27,2.88,13.344999999999999,2,0.07407407407407407,0,0.0,0.48148148148148145,2,0.0,0.0,1.0,GOOD,0.4458161865569273,1.0,66.74897119341564,False,,NO_ACTIVITY_CONTEXT,False,NO_INVESTIGATION,False,,,0,0,0,0,0,0,0.0,24.01,,
2026-08-12,1485.0,83.12,2.99,5.0,0.598,True,,4.82,0.8906,0.8998,1.1389,4.64,0.7438,1.0793,0.0,-0.5008,0,True,False,False,False,PGAS,NO_INVESTIGATION,False,0,5,0.0,22.92,,energy,27,0.0,9.42,1,0.037037037037037035,0,0.0,0.7037037037037037,2,0.055,0.0,1.0,GOOD,0.6776406035665296,1.0,80.65843621399178,False,,NO_ACTIVITY_CONTEXT,False,NO_INVESTIGATION,False,,,0,0,0,0,0,0,0.0,22.92,,
2026-08-13,1475.0,64.7,3.6913,4.9917,0.7395,True,,3.15,0.873,0.8855,1.0907,0.0,0.7613,0.7547,0.0,-0.5114,0,True,False,False,False,PGAS,NO_INVESTIGATION,False,0,5,0.0,17.12,,energy,27,0.0,3.51,1,0.037037037037037035,0,0.0,0.7037037037037037,2,0.655,0.0,1.0,GOOD,0.6776406035665296,1.0,80.65843621399178,False,,NO_ACTIVITY_CONTEXT,False,NO_INVESTIGATION,False,,,0,0,0,0,0,0,0.0,17.12,,
2026-08-14,1495.0,62.19,3.6913,4.825,0.765,True,,0.0,0.6219,0.63,0.6747,8.33,0.852,1.1476,68.24,0.0912,0,True,False,False,False,PGAS,NO_INVESTIGATION,False,0,5,0.0,23.62,,energy,27,0.0,1.06,2,0.07407407407407407,0,0.0,0.7037037037037037,2,0.15,0.0,0.5,GOOD,0.6515775034293553,0.5,59.094650205761326,False,,NO_ACTIVITY_CONTEXT,False,NO_INVESTIGATION,False,,,0,0,0,0,0,0,0.0,23.62,,
2026-08-18,1515.0,61.96,3.6913,4.825,0.765,True,,13.93,1.1998,1.1918,0.8219,47.35,1.4236,1.222,60.67,0.0534,0,True,False,False,False,PGAS,NO_INVESTIGATION,False,0,5,0.0,32.84,,energy,27,2.79,22.799999999999997,4,0.14814814814814814,1,0.037037037037037035,0.6296296296296297,2,22.185,0.0,0.5,GOOD,0.5363511659807957,0.5,52.18106995884775,False,,NO_ACTIVITY_CONTEXT,False,NO_INVESTIGATION,False,,,0,0,0,0,0,0,0.0,32.84,,
2026-08-19,1505.0,62.15,3.6789,4.825,0.7625,True,,0.0,0.5519,0.5485,0.7607,0.0,0.7593,0.5807,17.73,-0.1581,0,True,False,False,False,PGAS,NO_INVESTIGATION,False,0,5,0.0,17.31,,energy,27,0.0,27.994999999999997,6,0.2222222222222222,0,0.0,0.5925925925925926,2,5.105,0.0,0.5,GOOD,0.46090534979423864,0.5,47.654320987654316,False,,NO_ACTIVITY_CONTEXT,False,NO_INVESTIGATION,False,,,0,0,0,0,0,0,0.0,17.31,,
2026-08-20,1525.0,19.45,4.6512,4.4917,1.0355,True,,5.66,1.0896,1.0597,0.8852,22.62,1.275,1.0484,100.0,0.3663,0,False,False,False,False,PGAS,NO_INVESTIGATION,False,0,5,0.0,19.95,,energy,27,10.87,68.375,9,0.3333333333333333,1,0.037037037037037035,0.4444444444444444,2,0.0,0.0,1.0,GOOD,0.29629629629629634,1.0,57.777777777777786,False,,NO_ACTIVITY_CONTEXT,False,NO_INVESTIGATION,False,,,0,0,0,0,0,0,0.0,19.95,,
2026-08-21,1520.0,14.35,4.6205,4.3256,1.0682,True,,0.0,0.7507,0.7318,0.8134,7.58,1.0043,1.1328,50.0,0.0,0,False,False,False,False,PGAS,NO_INVESTIGATION,False,0,5,0.0,9.72,,energy,27,0.0,22.455,3,0.1111111111111111,1,0.037037037037037035,0.5185185185185185,2,0.0,0.0,1.0,GOOD,0.46090534979423864,1.0,67.65432098765432,False,,NO_ACTIVITY_CONTEXT,False,NO_INVESTIGATION,False,,,0,0,0,0,0,0,0.0,9.72,,
2026-08-24,1540.0,14.34,4.6053,4.3102,1.0684,True,,50.81,1.4861,1.4525,1.3684,19.46,1.2118,1.0704,82.77,0.1852,3,False,True,True,False,PGAS,NO_INVESTIGATION,False,0,5,0.0,30.02,,energy,27,6.91,39.585,6,0.2222222222222222,0,0.0,0.8148148148148148,2,95.15,1.0,0.0,GOOD,0.6337448559670782,0.0,38.02469135802469,True,38.02469135802469,PEER_CLUSTERED_ACTIVITY,False,NO_INVESTIGATION,False,,,0,0,0,0,0,0,0.0,30.02,,
2026-08-26,1520.0,38.71,3.9474,4.3026,0.9174,True,,87.29,2.1256,2.0822,1.5814,55.02,1.4999,1.3008,84.08,0.1939,3,False,True,True,False,PGAS,NO_INVESTIGATION,False,0,5,0.0,52.53,,energy,27,50.01,74.195,14,0.5185185185185185,1,0.037037037037037035,0.8518518518518519,2,88.98,1.0,0.0,GOOD,0.4101508916323731,0.0,24.609053497942384,True,24.609053497942384,MARKET_WIDE_ACTIVITY,False,NO_INVESTIGATION,False,,,0,0,0,0,0,0,0.0,52.53,,
2026-08-27,1535.0,54.55,3.2787,3.9934,0.821,True,,23.21,1.0755,1.0517,1.4597,18.27,0.8038,1.312,81.28,0.1752,1,False,False,False,False,PGAS,NO_INVESTIGATION,False,0,5,0.0,31.47,,energy,27,0.0,54.835,8,0.2962962962962963,2,0.07407407407407407,0.7037037037037037,2,91.28999999999999,1.0,0.0,GOOD,0.49519890260631005,0.0,29.7119341563786,True,29.7119341563786,PEER_CLUSTERED_ACTIVITY,True,NO_INVESTIGATION,False,,,0,0,0,0,0,0,0.0,31.47,,
2026-08-28,1510.0,26.03,3.9474,3.9801,0.9918,True,,97.81,2.3089,2.2897,2.3017,8.57,1.1194,0.7676,0.0,-0.3034,3,False,True,True,False,PGAS,NO_INVESTIGATION,False,0,5,0.0,37.14,,energy,27,0.0,48.61,7,0.25925925925925924,2,0.07407407407407407,0.9629629629629629,2,73.26,0.5,0.5,GOOD,0.7133058984910836,0.25,52.798353909465014,True,52.798353909465014,PEER_CLUSTERED_ACTIVITY,False,NO_INVESTIGATION,False,,,0,0,0,0,0,0,0.0,37.14,,
2026-08-31,1530.0,13.8,4.2484,3.9604,1.0727,True,,38.34,1.4974,1.4628,1.0195,44.09,1.5792,0.9478,84.72,0.1981,2,False,False,True,False,PGAS,NO_INVESTIGATION,False,0,5,0.0,30.04,,energy,27,69.98,80.765,17,0.6296296296296297,4,0.14814814814814814,0.37037037037037035,2,89.995,1.0,0.0,GOOD,0.1371742112482853,0.0,8.230452674897117,True,8.230452674897117,MARKET_WIDE_ACTIVITY,False,NO_INVESTIGATION,False,,,0,0,0,0,0,0,0.0,30.04,,
2026-09-01,1555.0,4.42,4.5752,3.9604,1.1552,True,,77.64,1.9016,1.8458,1.5192,25.82,1.2781,1.0444,56.91,0.0345,3,False,True,True,False,PGAS,NO_INVESTIGATION,False,0,5,0.0,33.96,,energy,27,54.42,84.5,14,0.5185185185185185,2,0.07407407407407407,0.7407407407407407,2,98.77000000000001,1.0,0.0,GOOD,0.35665294924554186,0.0,21.39917695473251,True,21.39917695473251,MARKET_WIDE_ACTIVITY,False,NO_INVESTIGATION,False,,,0,0,0,0,0,0,0.0,33.96,,
2026-09-02,1535.0,0.76,4.886,3.9604,1.2337,True,,7.18,0.9229,0.9129,1.2164,0.0,0.7859,0.6011,30.82,-0.0767,1,False,False,False,False,PGAS,NO_INVESTIGATION,False,0,5,0.0,5.43,,energy,27,17.97,62.275000000000006,8,0.2962962962962963,0,0.0,0.37037037037037035,2,100.0,1.0,0.0,GOOD,0.2606310013717421,0.0,15.637860082304526,True,15.637860082304526,PEER_CLUSTERED_ACTIVITY,False,NO_INVESTIGATION,False,,,0,0,0,0,0,0,0.0,5.43,,
2026-09-03,1540.0,0.76,4.886,3.9604,1.2337,True,,92.62,2.505,2.5128,1.7473,33.16,1.4511,0.838,28.37,-0.0865,3,False,True,True,False,PGAS,NO_INVESTIGATION,False,0,5,0.0,35.79,,energy,27,32.28,69.175,9,0.3333333333333333,1,0.037037037037037035,0.9259259259259259,2,94.035,1.0,0.5,GOOD,0.617283950617284,0.0,37.03703703703704,True,37.03703703703704,PEER_CLUSTERED_ACTIVITY,False,NO_INVESTIGATION,False,,,0,0,0,0,0,0,0.0,35.79,,
2026-09-04,1520.0,0.76,4.886,3.9604,1.2337,True,,0.0,0.9386,0.9377,0.7576,12.44,1.1469,1.05,0.0,-0.5034,0,False,False,False,False,PGAS,NO_INVESTIGATION,False,0,5,0.0,2.06,,energy,27,0.0,24.19,5,0.18518518518518517,1,0.037037037037037035,0.5185185185185185,2,67.685,0.5,0.0,GOOD,0.4224965706447188,0.0,25.349794238683128,False,,NO_ACTIVITY_CONTEXT,False,NO_INVESTIGATION,False,,,0,0,0,0,0,0,0.0,2.06,,
2026-09-07,1520.0,0.0,5.2117,3.9604,1.3159,True,,3.03,1.0344,1.0486,0.7239,19.51,1.2778,0.9333,27.86,-0.0886,0,False,False,False,False,PGAS,NO_INVESTIGATION,False,0,5,0.0,6.62,,energy,27,0.77,43.894999999999996,6,0.2222222222222222,2,0.07407407407407407,0.5555555555555556,2,55.019999999999996,0.5,0.0,GOOD,0.4320987654320988,0.0,25.925925925925924,False,,NO_ACTIVITY_CONTEXT,False,NO_INVESTIGATION,False,,,0,0,0,0,0,0,0.0,6.62,,
2026-09-08,1540.0,0.0,5.2117,3.9604,1.3159,True,,7.41,1.101,1.0964,0.6986,34.43,1.4252,1.0896,77.62,0.1508,0,False,False,False,False,PGAS,NO_INVESTIGATION,False,0,5,0.0,15.15,,energy,27,21.11,72.91999999999999,10,0.37037037037037035,1,0.037037037037037035,0.4074074074074074,2,54.94,0.5,0.0,GOOD,0.25651577503429357,0.0,15.390946502057615,False,,NO_ACTIVITY_CONTEXT,False,NO_INVESTIGATION,False,,,0,0,0,0,0,0,0.0,15.15,,
2026-09-09,1545.0,33.45,3.8961,4.0979,0.9508,True,,0.0,0.8002,0.7882,0.8781,0.0,0.8128,0.8926,99.92,0.2995,0,False,False,False,False,PGAS,NO_INVESTIGATION,False,0,5,0.0,18.35,,energy,27,51.62,75.14,14,0.5185185185185185,4,0.14814814814814814,0.18518518518518517,2,77.3,1.0,0.0,GOOD,0.08916323731138547,0.0,5.349794238683128,False,,NO_ACTIVITY_CONTEXT,False,NO_INVESTIGATION,False,,,0,0,0,0,0,0,0.0,18.35,,
2026-09-10,1515.0,17.72,4.2763,4.0979,1.0435,True,,56.44,1.4824,1.4714,1.398,0.0,0.9526,0.8691,12.0,-0.204,3,False,True,True,False,PGAS,NO_INVESTIGATION,False,0,5,0.0,22.56,,energy,27,23.38,67.435,12,0.4444444444444444,2,0.07407407407407407,0.6666666666666666,2,46.125,0.5,0.5,GOOD,0.37037037037037035,0.25,32.22222222222222,True,32.22222222222222,PEER_CLUSTERED_ACTIVITY,False,NO_INVESTIGATION,False,,,0,0,0,0,0,0,0.0,22.56,,
2026-09-11,1520.0,24.15,4.2763,4.2623,1.0033,True,,0.0,0.8876,0.8897,0.752,3.97,1.0605,0.8838,61.31,0.0565,0,False,False,False,False,PGAS,NO_INVESTIGATION,False,0,5,0.0,12.76,,energy,27,18.62,50.334999999999994,7,0.25925925925925924,0,0.0,0.2962962962962963,2,32.675,0.5,0.5,GOOD,0.21947873799725648,0.25,23.16872427983539,False,,NO_ACTIVITY_CONTEXT,False,NO_INVESTIGATION,False,,,0,0,0,0,0,0,0.0,12.76,,
2026-09-14,1550.0,67.69,3.2468,4.2763,0.7592,True,,48.56,1.5943,1.5738,1.1304,47.15,1.3693,1.3305,100.0,0.3788,2,True,False,True,False,PGAS,NO_INVESTIGATION,False,0,5,0.0,48.56,,energy,27,26.07,74.15,11,0.4074074074074074,0,0.0,0.5925925925925926,2,28.72,0.0,1.0,GOOD,0.3511659807956104,1.0,61.06995884773663,True,61.06995884773663,MIXED_CONTEXT,True,NO_INVESTIGATION,False,,,0,0,0,0,0,0,0.0,48.56,,
2026-09-15,1530.0,66.93,3.268,4.2763,0.7642,True,,0.0,0.8926,0.883,0.8966,0.0,0.9949,0.6065,37.49,-0.05,0,True,False,False,False,PGAS,NO_INVESTIGATION,False,0,5,0.0,20.48,,energy,27,0.0,11.379999999999999,4,0.14814814814814814,0,0.0,0.5185185185185185,2,0.0,0.0,1.0,GOOD,0.44170096021947874,1.0,66.50205761316872,False,,NO_ACTIVITY_CONTEXT,False,NO_INVESTIGATION,False,,,0,0,0,0,0,0,0.0,20.48,,
2026-09-16,1520.0,66.16,3.2895,4.2763,0.7692,True,,46.0,1.6188,1.6092,0.9415,59.11,1.7183,1.179,83.49,0.1899,2,True,False,True,False,PGAS,NO_INVESTIGATION,False,0,5,0.0,47.56,,energy,27,0.0,19.835,2,0.07407407407407407,0,0.0,0.9259259259259259,2,13.53,0.0,1.0,GOOD,0.8573388203017833,1.0,91.440329218107,True,91.440329218107,STOCK_SPECIFIC_ACTIVITY,True,NO_INVESTIGATION,False,,,0,0,0,0,0,0,0.0,47.56,,
2026-09-17,1495.0,24.67,4.2763,4.2763,1.0,True,,80.9,1.9114,1.9286,1.6294,19.87,1.1723,1.1392,32.63,-0.0695,3,False,True,True,False,PGAS,NO_INVESTIGATION,False,0,5,0.0,36.68,,energy,27,0.0,8.625,3,0.1111111111111111,0,0.0,0.9629629629629629,2,25.955000000000002,0.0,1.0,GOOD,0.8559670781893003,1.0,91.35802469135803,True,91.35802469135803,STOCK_SPECIFIC_ACTIVITY,False,NO_INVESTIGATION,False,,,0,0,0,0,0,0,0.0,36.68,,
2026-09-18,1475.0,0.0,5.9211,4.2763,1.3846,True,,83.6,1.8334,1.8996,1.7952,5.92,1.081,0.5763,13.55,-0.1916,3,False,True,True,False,PGAS,NO_INVESTIGATION,False,0,5,0.0,27.32,,energy,27,48.09,72.95,12,0.4444444444444444,1,0.037037037037037035,0.8518518518518519,2,24.26,0.0,1.0,GOOD,0.4732510288065844,1.0,68.39506172839506,True,68.39506172839506,STOCK_SPECIFIC_ACTIVITY,False,NO_INVESTIGATION,False,,,0,0,0,0,0,0,0.0,27.32,,
2026-09-21,1500.0,0.0,6.0,4.2763,1.4031,True,,0.0,0.6429,0.6584,0.8952,5.64,0.736,1.1002,86.93,0.2129,0,False,False,False,False,PGAS,NO_INVESTIGATION,False,0,5,0.0,9.54,,energy,27,0.0,3.005,2,0.07407407407407407,0,0.0,0.7037037037037037,2,0.0,0.0,1.0,GOOD,0.6515775034293553,1.0,79.09465020576133,False,,NO_ACTIVITY_CONTEXT,False,NO_INVESTIGATION,False,,,0,0,0,0,0,0,0.0,9.54,,
2026-09-22,1455.0,0.0,6.3545,4.2763,1.486,True,,16.51,0.8994,0.9357,1.4933,3.33,0.6173,1.059,0.0,-0.3379,1,False,False,False,False,PGAS,NO_INVESTIGATION,False,0,5,0.0,5.45,,energy,27,2.89,15.330000000000002,4,0.14814814814814814,0,0.0,0.7777777777777778,2,0.0,0.0,1.0,GOOD,0.6625514403292181,1.0,79.75308641975309,True,79.75308641975309,STOCK_SPECIFIC_ACTIVITY,False,NO_INVESTIGATION,False,,,0,0,0,0,0,0,0.0,5.45,,
2026-09-23,1440.0,0.0,6.7797,4.2763,1.5854,True,,1.6,0.5981,0.6188,1.0503,2.96,0.5591,1.0525,5.5,-0.256,0,False,False,False,False,PGAS,NO_INVESTIGATION,False,0,5,0.0,1.47,,energy,27,0.0,4.3549999999999995,2,0.07407407407407407,0,0.0,0.6666666666666666,2,15.475,0.0,0.5,GOOD,0.6172839506172839,0.5,57.03703703703704,False,,NO_ACTIVITY_CONTEXT,False,NO_INVESTIGATION,False,,,0,0,0,0,0,0,0.0,1.47,,
2026-09-24,1440.0,11.35,4.811,4.4257,1.087,True,,0.0,0.2894,0.3006,0.467,0.0,0.5682,0.9505,16.55,-0.1676,0,False,False,False,False,PGAS,NO_INVESTIGATION,False,0,5,0.0,4.49,,energy,27,0.0,0.0,2,0.07407407407407407,0,0.0,0.8148148148148148,2,0.0,0.0,1.0,GOOD,0.7544581618655692,1.0,85.26748971193415,False,,NO_ACTIVITY_CONTEXT,False,NO_INVESTIGATION,False,,,0,0,0,0,0,0,0.0,4.49,,
2026-09-25,1430.0,0.0,5.9028,4.6931,1.2578,True,,0.0,0.3894,0.4075,0.8059,0.0,0.4804,0.6407,27.82,-0.0887,0,False,False,False,False,PGAS,NO_INVESTIGATION,False,0,5,0.0,2.78,,energy,27,0.0,0.0,1,0.037037037037037035,0,0.0,0.7777777777777778,2,0.0,0.0,1.0,GOOD,0.7489711934156379,1.0,84.93827160493828,False,,NO_ACTIVITY_CONTEXT,False,NO_INVESTIGATION,False,,,0,0,0,0,0,0,0.0,2.78,,
2026-09-28,1440.0,0.0,6.25,4.8485,1.2891,True,,0.0,0.4198,0.4465,0.8561,26.88,0.4721,1.4423,100.0,0.3404,0,False,False,False,False,PGAS,NO_INVESTIGATION,False,0,5,0.0,14.03,,energy,27,0.0,4.0649999999999995,1,0.037037037037037035,0,0.0,0.5555555555555556,2,25.355,0.5,0.5,GOOD,0.5349794238683128,0.25,42.09876543209876,False,,NO_ACTIVITY_CONTEXT,False,NO_INVESTIGATION,False,,,0,0,0,0,0,0,0.0,14.03,,
2026-09-29,1435.0,69.76,3.4722,4.886,0.7106,True,,0.52,0.7519,0.7962,1.0152,21.0,0.6677,1.3248,100.0,0.3299,0,True,False,False,False,PGAS,NO_INVESTIGATION,False,0,5,0.0,30.75,,energy,27,13.22,41.695,3,0.1111111111111111,0,0.0,0.4444444444444444,2,52.824999999999996,0.5,0.0,GOOD,0.3950617283950617,0.0,23.703703703703702,False,,NO_ACTIVITY_CONTEXT,False,NO_INVESTIGATION,False,,,0,0,0,0,0,0,0.0,30.75,,
2026-06-12,2620.0,0.0,12.1673,9.155,1.329,True,,78.19,2.259,2.2108,1.3423,49.64,1.6358,0.8662,79.24,0.1616,3,False,True,True,False,PTBA,NO_INVESTIGATION,False,0,5,0.0,38.83,,energy,27,7.79,25.415,4,0.14814814814814814,0,0.0,1.0,2,0.0,0.0,1.0,GOOD,0.8518518518518519,1.0,91.11111111111111,True,91.11111111111111,STOCK_SPECIFIC_ACTIVITY,False,NO_INVESTIGATION,False,,,0,0,0,0,0,0,0.0,38.83,,
2026-06-15,2620.0,1.39,11.4068,9.1892,1.2413,True,,65.93,1.7918,1.7825,1.3788,43.17,1.3417,1.2693,15.2,-0.1784,3,False,True,True,False,PTBA,NO_INVESTIGATION,False,0,5,0.0,28.12,,energy,27,42.94,64.585,13,0.48148148148148145,0,0.0,0.8148148148148148,2,9.35,0.0,1.0,GOOD,0.42249657064471885,1.0,65.34979423868313,True,65.34979423868313,STOCK_SPECIFIC_ACTIVITY,False,NO_INVESTIGATION,False,,,0,0,0,0,0,0,0.0,28.12,,
2026-06-17,2590.0,31.57,8.7786,9.1912,0.9551,True,,4.7,1.0213,1.0688,1.0508,27.38,1.0425,1.5061,15.46,-0.1763,0,False,False,False,False,PTBA,NO_INVESTIGATION,False,0,5,0.0,14.96,,energy,27,0.0,18.119999999999997,4,0.14814814814814814,0,0.0,0.6666666666666666,2,0.0,0.0,1.0,GOOD,0.5679012345679012,1.0,74.07407407407408,False,,NO_ACTIVITY_CONTEXT,False,NO_INVESTIGATION,False,,,0,0,0,0,0,0,0.0,14.96,,
2026-06-18,2580.0,32.37,8.7786,9.1912,0.9551,True,,0.0,0.5324,0.5451,0.4674,22.83,1.1674,1.1768,13.98,-0.1882,0,False,False,False,False,PTBA,NO_INVESTIGATION,False,0,5,0.0,12.91,,energy,27,0.0,2.745,1,0.037037037037037035,0,0.0,0.7037037037037037,2,0.0,0.0,1.0,GOOD,0.6776406035665296,1.0,80.65843621399178,False,,NO_ACTIVITY_CONTEXT,False,NO_INVESTIGATION,False,,,0,0,0,0,0,0,0.0,12.91,,
2026-06-19,2530.0,63.31,7.3359,9.1912,0.7981,True,,1.97,1.0107,1.048,0.6668,74.95,1.516,1.7055,57.71,0.0385,0,True,False,False,False,PTBA,NO_INVESTIGATION,False,0,5,0.0,33.43,,energy,27,66.7,70.0,17,0.6296296296296297,6,0.2222222222222222,0.2222222222222222,2,34.71,0.5,0.5,GOOD,0.08230452674897118,0.25,14.938271604938272,False,,NO_ACTIVITY_CONTEXT,False,NO_INVESTIGATION,False,,,0,0,0,0,0,0,0.0,33.43,,
2026-06-22,2570.0,62.78,7.3643,9.1912,0.8012,True,,36.77,1.461,1.4678,0.8238,68.21,1.7257,1.3701,83.51,0.1901,2,True,False,True,False,PTBA,NO_INVESTIGATION,False,0,5,0.0,45.31,,energy,27,0.0,14.54,1,0.037037037037037035,0,0.0,0.9629629629629629,2,0.0,0.0,1.0,GOOD,0.9272976680384087,1.0,95.63786008230453,True,95.63786008230453,STOCK_SPECIFIC_ACTIVITY,True,NO_INVESTIGATION,False,,,0,0,0,0,0,0,0.0,45.31,,
2026-06-23,2480.0,29.18,8.9494,9.1912,0.9737,True,,0.0,0.7202,0.7552,0.7897,0.0,0.8741,0.9255,55.68,0.0284,0,False,False,False,False,PTBA,NO_INVESTIGATION,False,0,5,0.0,12.86,,energy,27,0.0,0.0,1,0.037037037037037035,0,0.0,0.8148148148148148,2,0.0,0.0,1.0,GOOD,0.7846364883401921,1.0,87.07818930041152,False,,NO_ACTIVITY_CONTEXT,False,NO_INVESTIGATION,False,,,0,0,0,0,0,0,0.0,12.86,,
2026-06-24,2420.0,33.91,8.6957,9.1912,0.9461,True,,0.0,0.4903,0.5341,0.7719,10.7,0.6932,1.2365,12.23,-0.2022,0,False,False,False,False,PTBA,NO_INVESTIGATION,False,0,5,0.0,11.31,,energy,27,0.0,10.780000000000001,1,0.037037037037037035,0,0.0,0.6296296296296297,2,0.0,0.0,1.0,GOOD,0.6063100137174212,1.0,76.37860082304528,False,,NO_ACTIVITY_CONTEXT,False,NO_INVESTIGATION,False,,,0,0,0,0,0,0,0.0,11.31,,
2026-06-25,2370.0,5.96,10.4839,9.1912,1.1406,True,,2.29,0.6035,0.6694,1.0639,19.61,0.6451,1.4322,0.28,-0.2977,0,False,False,False,False,PTBA,NO_INVESTIGATION,False,0,5,0.0,5.15,,energy,27,0.0,12.219999999999999,5,0.18518518518518517,1,0.037037037037037035,0.5555555555555556,2,3.505,0.0,0.5,GOOD,0.4526748971193416,0.5,47.1604938271605,False,,NO_ACTIVITY_CONTEXT,False,NO_INVESTIGATION,False,,,0,0,0,0,0,0,0.0,5.15,,
2026-06-26,2360.0,0.0,12.3967,9.4517,1.3116,True,,0.0,0.5815,0.6558,0.739,0.0,0.8594,0.7374,19.62,-0.1431,0,False,False,False,False,PTBA,NO_INVESTIGATION,False,0,5,0.0,1.96,,energy,27,0.0,0.0,1,0.037037037037037035,0,0.0,0.8148148148148148,2,0.0,0.0,1.0,GOOD,0.7846364883401921,1.0,87.07818930041152,False,,NO_ACTIVITY_CONTEXT,False,NO_INVESTIGATION,False,,,0,0,0,0,0,0,0.0,1.96,,
2026-06-29,2320.0,51.2,8.4388,10.0981,0.8357,True,,0.0,0.4755,0.5322,0.6787,11.2,0.7498,1.2557,1.62,-0.2871,0,False,False,False,False,PTBA,NO_INVESTIGATION,False,0,5,0.0,14.64,,energy,27,0.0,0.0,1,0.037037037037037035,0,0.0,0.9629629629629629,2,35.305,0.5,0.5,GOOD,0.9272976680384087,0.25,65.63786008230453,False,,NO_ACTIVITY_CONTEXT,False,NO_INVESTIGATION,False,,,0,0,0,0,0,0,0.0,14.64,,
2026-06-30,2290.0,17.48,10.5932,10.0981,1.049,True,,0.0,0.6338,0.7244,0.7945,9.72,0.8539,1.2219,73.24,0.1216,0,False,False,False,False,PTBA,NO_INVESTIGATION,False,0,5,0.0,13.15,,energy,27,0.0,25.9,2,0.07407407407407407,0,0.0,0.5925925925925926,2,31.77,0.5,0.5,GOOD,0.5486968449931413,0.25,42.921810699588484,False,,NO_ACTIVITY_CONTEXT,False,NO_INVESTIGATION,False,,,0,0,0,0,0,0,0.0,13.15,,
2026-07-01,2290.0,54.52,8.6207,10.5385,0.818,True,,0.0,0.4327,0.4848,0.5297,1.75,0.8013,1.0395,54.71,0.0235,0,False,False,False,False,PTBA,NO_INVESTIGATION,False,0,5,0.0,19.36,,energy,27,0.0,0.0,1,0.037037037037037035,0,0.0,0.8518518518518519,2,0.0,0.0,1.0,GOOD,0.8203017832647462,1.0,89.21810699588477,False,,NO_ACTIVITY_CONTEXT,False,NO_INVESTIGATION,False,,,0,0,0,0,0,0,0.0,19.36,,
2026-07-02,2270.0,86.2,6.1135,10.5385,0.5801,True,,0.0,0.4389,0.4907,0.6657,0.0,0.6516,0.8815,10.24,-0.2181,0,True,False,False,False,PTBA,NO_INVESTIGATION,False,0,5,0.0,22.57,,energy,27,0.0,0.0,1,0.037037037037037035,0,0.0,0.8888888888888888,2,0.0,0.0,1.0,GOOD,0.8559670781893004,1.0,91.35802469135803,False,,NO_ACTIVITY_CONTEXT,False,NO_INVESTIGATION,False,,,0,0,0,0,0,0,0.0,22.57,,
2026-07-03,2310.0,95.73,5.2402,10.5385,0.4972,True,,0.0,0.3941,0.4315,0.4246,14.04,0.9531,1.3016,83.51,0.1901,0,True,False,False,False,PTBA,NO_INVESTIGATION,False,0,5,0.0,34.39,,energy,27,0.0,0.0,1,0.037037037037037035,0,0.0,0.7777777777777778,2,0.0,0.0,1.0,GOOD,0.7489711934156379,1.0,84.93827160493828,False,,NO_ACTIVITY_CONTEXT,False,NO_INVESTIGATION,False,,,0,0,0,0,0,0,0.0,34.39,,
2026-07-06,2330.0,94.64,4.3668,9.7166,0.4494,True,,0.0,0.3124,0.329,0.4487,0.0,0.7182,0.7598,71.72,0.1115,0,True,False,False,False,PTBA,NO_INVESTIGATION,False,0,5,0.0,30.83,,energy,27,0.0,0.0,0,0.0,0,0.0,0.8148148148148148,2,0.0,0.0,1.0,GOOD,0.8148148148148148,1.0,88.88888888888889,False,,NO_ACTIVITY_CONTEXT,False,NO_INVESTIGATION,False,,,0,0,0,0,0,0,0.0,30.83,,
2026-07-07,2370.0,82.32,5.1948,8.864,0.5861,True,,0.0,0.4811,0.4981,0.5366,7.1,0.9336,1.1569,4.15,-0.2668,0,True,False,False,False,PTBA,NO_INVESTIGATION,False,0,5,0.0,22.06,,energy,27,0.0,6.77,1,0.037037037037037035,1,0.037037037037037035,0.7037037037037037,2,17.79,0.0,0.5,GOOD,0.6776406035665296,0.5,60.65843621399177,False,,NO_ACTIVITY_CONTEXT,False,NO_INVESTIGATION,False,,,0,0,0,0,0,0,0.0,22.06,,
2026-07-08,2350.0,81.58,5.1502,8.7786,0.5867,True,,0.0,0.42,0.4241,0.6045,15.03,0.68,1.3201,0.0,-0.3826,0,True,False,False,False,PTBA,NO_INVESTIGATION,False,0,5,0.0,22.65,,energy,27,0.0,0.02,0,0.0,0,0.0,0.7407407407407407,2,0.02,0.0,0.5,GOOD,0.7407407407407407,0.5,64.44444444444444,False,,NO_ACTIVITY_CONTEXT,False,NO_INVESTIGATION,False,,,0,0,0,0,0,0,0.0,22.65,,
2026-07-09,2360.0,87.5,4.6809,8.7371,0.5357,True,,0.0,0.328,0.3248,0.4615,0.0,0.687,0.8449,51.09,0.0054,0,True,False,False,False,PTBA,NO_INVESTIGATION,False,0,5,0.0,26.98,,energy,27,0.0,0.0,0,0.0,0,0.0,0.8148148148148148,2,19.47,0.0,0.5,GOOD,0.8148148148148148,0.5,68.88888888888889,False,,NO_ACTIVITY_CONTEXT,False,NO_INVESTIGATION,False,,,0,0,0,0,0,0,0.0,26.98,,
2026-07-10,2380.0,94.11,2.9661,8.6582,0.3426,True,,0.0,0.5491,0.562,0.6676,0.0,0.7953,0.7338,55.01,0.0251,0,True,False,False,False,PTBA,NO_INVESTIGATION,False,0,5,0.0,29.03,,energy,27,0.0,0.0,0,0.0,0,0.0,0.7777777777777778,2,39.224999999999994,0.0,0.0,GOOD,0.7777777777777778,0.0,46.666666666666664,False,,NO_ACTIVITY_CONTEXT,False,NO_INVESTIGATION,False,,,0,0,0,0,0,0,0.0,29.03,,
2026-07-13,2410.0,90.48,4.2194,8.5298,0.4947,True,,0.0,0.7016,0.7372,0.789,0.0,0.8839,0.777,80.52,0.1701,0,True,False,False,False,PTBA,NO_INVESTIGATION,False,0,5,0.0,30.67,,energy,27,0.0,0.0,2,0.07407407407407407,0,0.0,0.7777777777777778,2,78.505,1.0,0.0,GOOD,0.720164609053498,0.0,43.20987654320988,False,,NO_ACTIVITY_CONTEXT,False,NO_INVESTIGATION,False,,,0,0,0,0,0,0,0.0,30.67,,
2026-07-14,2420.0,65.68,5.4622,7.9016,0.6913,True,,0.0,0.6579,0.648,0.8803,0.0,0.7562,0.7357,16.87,-0.1651,0,True,False,False,False,PTBA,NO_INVESTIGATION,False,0,5,0.0,18.11,,energy,27,4.74,24.61,6,0.2222222222222222,0,0.0,0.4074074074074074,2,73.13499999999999,1.0,0.0,GOOD,0.3168724279835391,0.0,19.012345679012345,False,,NO_ACTIVITY_CONTEXT,False,NO_INVESTIGATION,False,,,0,0,0,0,0,0,0.0,18.11,,
2026-07-15,2420.0,62.09,5.3942,7.3501,0.7339,True,,0.0,0.5699,0.5567,0.6312,13.3,0.8944,1.2878,64.37,0.0718,0,True,False,False,False,PTBA,NO_INVESTIGATION,False,0,5,0.0,23.95,,energy,27,3.06,20.625,3,0.1111111111111111,2,0.07407407407407407,0.3333333333333333,2,13.65,0.0,0.0,GOOD,0.2962962962962963,0.0,17.777777777777775,False,,NO_ACTIVITY_CONTEXT,False,NO_INVESTIGATION,False,,,0,0,0,0,0,0,0.0,23.95,,
2026-07-16,2420.0,75.86,4.1322,6.7247,0.6145,True,,0.0,0.4992,0.4833,0.5856,1.48,0.8266,1.0327,18.93,-0.1486,0,True,False,False,False,PTBA,NO_INVESTIGATION,False,0,5,0.0,21.08,,energy,27,2.62,37.715,5,0.18518518518518517,2,0.07407407407407407,0.4444444444444444,2,27.825,0.0,0.0,GOOD,0.36213991769547327,0.0,21.728395061728396,False,,NO_ACTIVITY_CONTEXT,False,NO_INVESTIGATION,False,,,0,0,0,0,0,0,0.0,21.08,,
2026-07-17,2410.0,64.55,4.1322,5.7879,0.7139,True,,42.05,1.5693,1.4849,1.1862,35.73,1.2655,1.3001,43.51,-0.026,2,True,False,True,False,PTBA,NO_INVESTIGATION,False,0,5,0.0,38.46,,energy,27,10.93,54.2,8,0.2962962962962963,2,0.07407407407407407,0.6666666666666666,2,25.695,0.0,0.5,GOOD,0.4691358024691358,0.5,48.148148148148145,True,48.148148148148145,MIXED_CONTEXT,True,NO_INVESTIGATION,False,,,0,0,0,0,0,0,0.0,38.46,,
2026-07-20,2440.0,92.76,2.4793,5.4282,0.4568,True,,37.72,1.406,1.3216,1.3973,0.0,0.9625,0.837,42.19,-0.0313,3,True,False,True,False,PTBA,NO_INVESTIGATION,False,0,5,0.0,38.73,,energy,27,31.73,51.675,7,0.25925925925925924,2,0.07407407407407407,0.5925925925925926,2,52.435,0.5,0.0,GOOD,0.43895747599451296,0.0,26.33744855967078,True,26.33744855967078,PEER_CLUSTERED_ACTIVITY,True,NO_INVESTIGATION,False,,,0,0,0,0,0,0,0.0,38.73,,
2026-07-21,2420.0,93.37,2.4793,5.3172,0.4663,True,,32.23,1.3358,1.2595,1.3623,1.01,0.9628,1.022,22.8,-0.1176,3,True,False,True,False,PTBA,NO_INVESTIGATION,False,0,5,0.0,35.44,,energy,27,21.74,66.245,9,0.3333333333333333,5,0.18518518518518517,0.5925925925925926,2,42.52,0.5,0.5,GOOD,0.39506172839506176,0.25,33.7037037037037,True,33.7037037037037,PEER_CLUSTERED_ACTIVITY,True,NO_INVESTIGATION,False,,,0,0,0,0,0,0,0.0,35.44,,
2026-07-22,2430.0,95.94,2.0661,5.2175,0.396,True,,0.0,0.9672,0.9135,0.8683,28.56,1.1176,1.3654,21.49,-0.128,0,True,False,False,False,PTBA,NO_INVESTIGATION,False,0,5,0.0,30.42,,energy,27,44.55,85.55000000000001,13,0.48148148148148145,3,0.1111111111111111,0.14814814814814814,2,39.92999999999999,0.5,0.0,GOOD,0.07681755829903979,0.0,4.609053497942387,False,,NO_ACTIVITY_CONTEXT,False,NO_INVESTIGATION,False,,,0,0,0,0,0,0,0.0,30.42,,
2026-07-23,2440.0,94.4,2.4691,5.1725,0.4774,True,,68.83,1.9895,1.9133,1.2717,61.85,1.6323,1.27,90.09,0.2339,3,True,True,True,True,PTBA,EMERGING,True,1,5,20.0,66.54,66.54,energy,27,50.68,81.85,14,0.5185185185185185,2,0.07407407407407407,0.6296296296296297,2,51.565000000000005,0.5,0.5,GOOD,0.3031550068587106,0.25,28.189300411522634,True,28.189300411522634,MARKET_WIDE_ACTIVITY,True,EMERGING,True,PTBA-20260723-01,2026-07-23,1,1,1,1,1,0,20.0,66.54,66.54,
2026-07-24,2390.0,62.09,3.7037,4.9155,0.7535,True,,38.68,1.309,1.2829,1.5176,0.0,0.8681,0.7443,0.0,-0.3027,3,True,False,True,False,PTBA,WEAKENING,True,1,5,20.0,31.13,31.13,energy,27,11.43,44.915,6,0.2222222222222222,1,0.037037037037037035,0.7037037037037037,2,7.4750000000000005,0.0,1.0,GOOD,0.5473251028806585,1.0,72.83950617283952,True,72.83950617283952,STOCK_SPECIFIC_ACTIVITY,True,DEVELOPING,True,PTBA-20260723-01,2026-07-23,2,1,2,2,1,0,40.0,35.13,35.13,
2026-07-27,2360.0,3.86,5.3719,4.5238,1.1875,True,,25.24,1.1266,1.1218,1.4849,0.0,0.7915,0.819,0.0,-0.3011,1,False,False,False,False,PTBA,WEAKENING,True,1,5,20.0,12.54,12.54,energy,27,0.0,14.01,1,0.037037037037037035,0,0.0,0.8888888888888888,2,10.48,0.0,1.0,GOOD,0.8559670781893004,1.0,91.35802469135803,True,91.35802469135803,STOCK_SPECIFIC_ACTIVITY,False,WEAKENING,True,PTBA-20260723-01,2026-07-23,3,1,2,2,1,1,40.0,16.54,16.54,
2026-07-28,2330.0,2.47,5.4393,4.5238,1.2024,True,,7.02,0.9976,0.9991,1.2207,26.23,0.8637,1.558,29.23,-0.0831,1,False,False,False,False,PTBA,WEAKENING,True,1,5,20.0,13.58,13.58,energy,27,0.0,4.82,1,0.037037037037037035,1,0.037037037037037035,0.8148148148148148,2,10.49,0.0,0.5,GOOD,0.7846364883401921,0.5,67.07818930041152,True,67.07818930041152,STOCK_SPECIFIC_ACTIVITY,False,CLOSED,False,PTBA-20260723-01,2026-07-23,4,1,2,2,1,2,40.0,17.58,,TWO_UNSUPPORTED_SESSIONS
2026-07-29,2330.0,0.0,5.9322,4.5238,1.3113,True,,12.49,1.0364,1.0587,1.2713,16.4,0.8613,1.3542,76.02,0.1401,1,False,False,False,False,PTBA,WEAKENING,True,1,5,20.0,17.81,17.81,energy,27,2.68,28.005,3,0.1111111111111111,1,0.037037037037037035,0.6666666666666666,2,16.38,0.0,0.5,GOOD,0.5925925925925926,0.5,55.55555555555556,True,55.55555555555556,MIXED_CONTEXT,False,NO_INVESTIGATION,False,,,0,0,0,0,0,0,0.0,13.81,,
2026-07-30,2350.0,8.0,5.1064,4.5238,1.1288,True,,0.0,0.9602,0.9753,0.9175,27.16,1.0756,1.4362,65.96,0.0798,0,False,False,False,False,PTBA,NO_INVESTIGATION,False,0,5,0.0,12.67,,energy,27,0.45,16.86,2,0.07407407407407407,0,0.0,0.48148148148148145,2,10.06,0.0,0.5,GOOD,0.4458161865569273,0.5,46.74897119341564,False,,NO_ACTIVITY_CONTEXT,False,NO_INVESTIGATION,False,,,0,0,0,0,0,0,0.0,12.67,,
2026-07-31,2320.0,74.47,3.0043,4.5238,0.6641,True,,86.03,2.9247,2.9859,1.4779,64.13,2.0227,1.0931,67.64,0.0882,3,True,True,True,True,PTBA,EMERGING,True,1,5,20.0,64.81,64.81,energy,27,9.39,62.57,8,0.2962962962962963,3,0.1111111111111111,0.8888888888888888,2,23.95,0.0,1.0,GOOD,0.625514403292181,1.0,77.53086419753086,True,77.53086419753086,STOCK_SPECIFIC_ACTIVITY,True,EMERGING,True,PTBA-20260731-02,2026-07-31,1,1,1,1,1,0,20.0,64.81,64.81,
2026-08-03,2320.0,78.81,2.5751,4.2931,0.5998,True,,66.41,1.4888,1.5289,1.9696,11.73,0.7527,1.2637,0.0,-0.3574,3,True,True,True,True,PTBA,DEVELOPING,True,2,5,40.0,49.39,49.39,energy,27,13.11,61.47,9,0.3333333333333333,1,0.037037037037037035,0.8518518518518519,2,0.0,0.0,1.0,GOOD,0.5679012345679013,1.0,74.07407407407408,True,74.07407407407408,STOCK_SPECIFIC_ACTIVITY,True,DEVELOPING,True,PTBA-20260731-02,2026-07-31,2,2,2,2,2,0,40.0,49.39,49.39,
2026-08-04,2360.0,75.59,2.5751,4.1758,0.6167,True,,0.0,0.92,0.9205,0.7507,14.15,1.1528,0.8413,67.1,0.0855,0,True,False,False,False,PTBA,WEAKENING,True,2,5,40.0,35.73,35.73,energy,27,10.55,26.145000000000003,5,0.18518518518518517,0,0.0,0.4074074074074074,2,5.275,0.0,0.5,GOOD,0.3319615912208505,0.5,39.91769547325103,False,,NO_ACTIVITY_CONTEXT,False,WEAKENING,True,PTBA-20260731-02,2026-07-31,3,2,2,2,2,1,40.0,35.73,35.73,
2026-08-05,2360.0,75.01,2.5532,4.1322,0.6179,True,,35.09,1.3985,1.3874,1.1591,12.93,1.135,1.0155,23.66,-0.1107,2,True,False,True,False,PTBA,WEAKENING,True,2,5,40.0,41.59,41.59,energy,27,40.75,82.745,12,0.4444444444444444,1,0.037037037037037035,0.48148148148148145,2,0.0,0.0,1.0,GOOD,0.2674897119341564,1.0,56.04938271604938,True,56.04938271604938,MIXED_CONTEXT,True,DEVELOPING,True,PTBA-20260731-02,2026-07-31,4,2,3,3,2,0,60.0,45.59,45.59,
2026-08-06,2350.0,70.0,2.5532,3.918,0.6517,True,,0.0,0.9206,0.9223,0.6318,38.35,1.3046,1.228,9.49,-0.2241,0,True,False,False,False,PTBA,WEAKENING,True,2,5,40.0,32.2,32.2,energy,27,18.02,56.93,10,0.37037037037037035,0,0.0,0.3333333333333333,2,0.0,0.0,1.0,GOOD,0.20987654320987653,1.0,52.59259259259259,False,,NO_ACTIVITY_CONTEXT,False,WEAKENING,True,PTBA-20260731-02,2026-07-31,5,2,3,3,2,1,60.0,36.2,36.2,
2026-08-07,2370.0,59.47,2.5424,3.354,0.758,True,,0.0,0.9819,0.9819,0.6595,28.88,1.316,0.9131,40.75,-0.037,0,True,False,False,False,PTBA,WEAKENING,True,1,5,20.0,27.27,27.27,energy,27,0.0,28.735,4,0.14814814814814814,0,0.0,0.5185185185185185,2,0.0,0.0,1.0,GOOD,0.44170096021947874,1.0,66.50205761316872,False,,NO_ACTIVITY_CONTEXT,False,CLOSED,False,PTBA-20260731-02,2026-07-31,6,2,3,2,1,2,40.0,31.27,,TWO_UNSUPPORTED_SESSIONS
2026-08-10,2390.0,23.2,3.3898,3.354,1.0107,True,,2.16,1.0301,1.0214,0.6283,36.79,1.429,0.9017,52.84,0.0142,0,False,False,False,False,PTBA,NO_INVESTIGATION,False,0,5,0.0,17.25,,energy,27,12.47,68.595,8,0.2962962962962963,3,0.1111111111111111,0.3333333333333333,2,0.0,0.0,1.0,GOOD,0.2345679012345679,1.0,54.074074074074076,False,,NO_ACTIVITY_CONTEXT,False,NO_INVESTIGATION,False,,,0,0,0,0,0,0,0.0,17.25,,
2026-08-11,2350.0,35.68,2.9661,3.1971,0.9278,True,,0.0,0.9225,0.9251,0.7509,5.89,1.0765,0.885,24.45,-0.1044,0,False,False,False,False,PTBA,NO_INVESTIGATION,False,0,5,0.0,12.25,,energy,27,2.88,13.344999999999999,2,0.07407407407407407,0,0.0,0.37037037037037035,2,1.385,0.0,0.5,GOOD,0.34293552812071326,0.5,40.5761316872428,False,,NO_ACTIVITY_CONTEXT,False,NO_INVESTIGATION,False,,,0,0,0,0,0,0,0.0,12.25,,
2026-08-12,2350.0,25.02,2.9787,2.9852,0.9978,True,,0.11,0.9944,1.0031,0.8359,1.08,1.0013,1.0195,70.17,0.1011,0,False,False,False,False,PTBA,NO_INVESTIGATION,False,0,5,0.0,13.47,,energy,27,0.0,9.42,1,0.037037037037037035,0,0.0,0.5555555555555556,2,2.41,0.0,0.5,GOOD,0.5349794238683128,0.5,52.09876543209877,False,,NO_ACTIVITY_CONTEXT,False,NO_INVESTIGATION,False,,,0,0,0,0,0,0,0.0,13.47,,
2026-08-13,2340.0,24.35,2.9787,2.9724,1.0021,True,,0.0,0.5602,0.5664,0.5499,9.52,0.8505,1.1864,0.0,-0.3418,0,False,False,False,False,PTBA,NO_INVESTIGATION,False,0,5,0.0,7.52,,energy,27,0.0,3.51,1,0.037037037037037035,0,0.0,0.5925925925925926,2,2.23,0.0,0.0,GOOD,0.5706447187928669,0.0,34.23868312757202,False,,NO_ACTIVITY_CONTEXT,False,NO_INVESTIGATION,False,,,0,0,0,0,0,0,0.0,7.52,,
2026-08-14,2360.0,5.84,3.4043,2.9724,1.1453,True,,0.3,0.9986,1.0068,0.6245,37.08,1.3351,1.2087,60.92,0.0546,0,False,False,False,False,PTBA,NO_INVESTIGATION,False,0,5,0.0,13.2,,energy,27,0.0,1.06,2,0.07407407407407407,0,0.0,0.7407407407407407,2,0.0,0.0,1.0,GOOD,0.6858710562414265,1.0,81.1522633744856,False,,NO_ACTIVITY_CONTEXT,False,NO_INVESTIGATION,False,,,0,0,0,0,0,0,0.0,13.2,,
2026-08-18,2370.0,24.34,2.9787,2.9724,1.0021,True,,2.36,1.0254,1.0166,0.6002,49.64,1.5541,1.1695,100.0,0.4363,0,False,False,False,False,PTBA,NO_INVESTIGATION,False,0,5,0.0,24.24,,energy,27,2.79,22.799999999999997,4,0.14814814814814814,1,0.037037037037037035,0.4444444444444444,2,27.97,0.0,0.0,GOOD,0.3786008230452675,0.0,22.716049382716047,False,,NO_ACTIVITY_CONTEXT,False,NO_INVESTIGATION,False,,,0,0,0,0,0,0,0.0,24.24,,
2026-08-19,2370.0,25.4,2.9661,2.9787,0.9958,True,,0.0,0.8937,0.8815,0.6984,20.27,1.2754,0.732,48.17,-0.0073,0,False,False,False,False,PTBA,NO_INVESTIGATION,False,0,5,0.0,14.21,,energy,27,0.0,27.994999999999997,6,0.2222222222222222,0,0.0,0.5925925925925926,2,5.105,0.0,0.5,GOOD,0.46090534979423864,0.5,47.654320987654316,False,,NO_ACTIVITY_CONTEXT,False,NO_INVESTIGATION,False,,,0,0,0,0,0,0,0.0,14.21,,
2026-08-20,2400.0,6.42,3.3755,2.9787,1.1332,True,,0.0,0.7867,0.7723,0.7188,8.17,1.1199,0.7295,41.85,-0.0326,0,False,False,False,False,PTBA,NO_INVESTIGATION,False,0,5,0.0,7.02,,energy,27,10.87,68.375,9,0.3333333333333333,1,0.037037037037037035,0.37037037037037035,2,2.83,0.0,0.5,GOOD,0.2469135802469136,0.5,34.81481481481482,False,,NO_ACTIVITY_CONTEXT,False,NO_INVESTIGATION,False,,,0,0,0,0,0,0,0.0,7.02,,
2026-08-21,2400.0,0.0,3.7975,2.9787,1.2749,True,,0.0,0.8394,0.8205,0.6942,15.63,1.2306,0.5364,50.0,0.0,0,False,False,False,False,PTBA,NO_INVESTIGATION,False,0,5,0.0,7.34,,energy,27,0.0,22.455,3,0.1111111111111111,1,0.037037037037037035,0.5185185185185185,2,0.0,0.0,1.0,GOOD,0.46090534979423864,1.0,67.65432098765432,False,,NO_ACTIVITY_CONTEXT,False,NO_INVESTIGATION,False,,,0,0,0,0,0,0,0.0,7.34,,
2026-08-24,2480.0,0.0,6.6667,2.9915,2.2285,True,,98.53,3.5552,3.3968,2.0848,60.24,1.8246,1.1922,53.64,0.0182,3,False,True,True,False,PTBA,NO_INVESTIGATION,False,0,5,0.0,43.96,,energy,27,6.91,39.585,6,0.2222222222222222,0,0.0,1.0,2,71.28999999999999,1.0,1.0,GOOD,0.7777777777777778,0.0,46.666666666666664,True,46.666666666666664,PEER_CLUSTERED_ACTIVITY,False,NO_INVESTIGATION,False,,,0,0,0,0,0,0,0.0,43.96,,
2026-08-26,2420.0,0.0,6.6667,2.9915,2.2285,True,,89.06,2.0678,1.9902,1.5775,23.68,1.3221,0.6806,14.62,-0.1831,3,False,True,True,False,PTBA,NO_INVESTIGATION,False,0,5,0.0,31.73,,energy,27,50.01,74.195,14,0.5185185185185185,1,0.037037037037037035,0.9259259259259259,2,88.095,1.0,1.0,GOOD,0.44581618655692734,0.0,26.74897119341564,True,26.74897119341564,MARKET_WIDE_ACTIVITY,False,NO_INVESTIGATION,False,,,0,0,0,0,0,0,0.0,31.73,,
2026-08-27,2500.0,0.0,6.1983,2.9915,2.072,True,,83.47,2.5132,2.3832,1.3937,63.51,1.7054,1.2647,100.0,0.3379,3,False,True,True,False,PTBA,NO_INVESTIGATION,False,0,5,0.0,44.57,,energy,27,0.0,54.835,8,0.2962962962962963,2,0.07407407407407407,0.9259259259259259,2,61.16,0.5,0.5,GOOD,0.6515775034293553,0.25,49.09465020576131,True,49.09465020576131,PEER_CLUSTERED_ACTIVITY,False,NO_INVESTIGATION,False,,,0,0,0,0,0,0,0.0,44.57,,
2026-08-28,2530.0,0.0,10.4839,2.9915,3.5045,True,,99.67,4.0488,3.6973,2.3355,44.68,1.6149,0.3328,29.91,-0.0804,3,False,True,True,False,PTBA,NO_INVESTIGATION,False,0,5,0.0,39.59,,energy,27,0.0,48.61,7,0.25925925925925924,2,0.07407407407407407,1.0,2,72.33,0.5,1.0,GOOD,0.7407407407407407,0.5,64.44444444444444,True,64.44444444444444,MIXED_CONTEXT,False,NO_INVESTIGATION,False,,,0,0,0,0,0,0,0.0,39.59,,
2026-08-31,2560.0,0.0,10.4,2.9915,3.4765,True,,79.99,3.213,2.9405,1.2973,60.0,2.2656,0.5739,64.01,0.07,3,False,True,True,False,PTBA,NO_INVESTIGATION,False,0,5,0.0,39.4,,energy,27,69.98,80.765,17,0.6296296296296297,4,0.14814814814814814,0.7407407407407407,2,69.17,0.5,0.5,GOOD,0.2743484224965706,0.25,26.46090534979424,True,26.46090534979424,MARKET_WIDE_ACTIVITY,False,NO_INVESTIGATION,False,,,0,0,0,0,0,0,0.0,39.4,,
2026-09-01,2670.0,0.0,15.415,2.9915,5.1529,True,,100.0,12.8678,11.1641,6.7254,54.44,1.7191,1.1569,55.77,0.0289,3,False,True,True,False,PTBA,NO_INVESTIGATION,False,0,5,0.0,43.74,,energy,27,54.42,84.5,14,0.5185185185185185,2,0.07407407407407407,1.0,2,87.59,1.0,1.0,GOOD,0.4814814814814815,0.0,28.888888888888893,True,28.888888888888893,MARKET_WIDE_ACTIVITY,False,NO_INVESTIGATION,False,,,0,0,0,0,0,0,0.0,43.74,,
2026-09-02,2720.0,0.0,16.7969,3.1771,5.2868,True,,100.0,10.5866,9.0694,4.4739,77.05,2.1261,1.3881,62.56,0.0628,3,False,True,True,False,PTBA,NO_INVESTIGATION,False,0,5,0.0,47.81,,energy,27,17.97,62.275000000000006,8,0.2962962962962963,0,0.0,1.0,2,53.59,0.5,1.0,GOOD,0.7037037037037037,0.5,62.22222222222222,True,62.22222222222222,MIXED_CONTEXT,False,NO_INVESTIGATION,False,,,0,0,0,0,0,0,0.0,47.81,,
2026-09-03,2890.0,0.0,15.7303,3.3827,4.6503,True,,100.0,12.9002,10.6058,4.7744,69.3,2.3792,1.2105,55.13,0.0257,3,False,True,True,False,PTBA,NO_INVESTIGATION,False,0,5,0.0,45.91,,energy,27,32.28,69.175,9,0.3333333333333333,1,0.037037037037037035,1.0,2,90.345,1.0,1.0,GOOD,0.6666666666666667,0.0,40.0,True,40.0,PEER_CLUSTERED_ACTIVITY,False,NO_INVESTIGATION,False,,,0,0,0,0,0,0,0.0,45.91,,
2026-09-04,2880.0,0.0,14.3382,3.397,4.2208,True,,90.27,3.0462,2.5026,1.726,39.18,1.4062,1.2374,93.11,0.254,3,False,True,True,False,PTBA,NO_INVESTIGATION,False,0,5,0.0,42.27,,energy,27,0.0,24.19,5,0.18518518518518517,1,0.037037037037037035,0.9629629629629629,2,22.55,0.0,1.0,GOOD,0.7846364883401921,1.0,87.07818930041152,True,87.07818930041152,STOCK_SPECIFIC_ACTIVITY,False,NO_INVESTIGATION,False,,,0,0,0,0,0,0,0.0,42.27,,
2026-09-07,3010.0,0.0,13.1944,3.6009,3.6642,True,,100.0,11.2563,8.8993,4.7493,60.86,1.8034,1.2871,83.2,0.188,3,False,True,True,False,PTBA,NO_INVESTIGATION,False,0,5,0.0,47.45,,energy,27,0.77,43.894999999999996,6,0.2222222222222222,2,0.07407407407407407,1.0,2,6.534999999999999,0.0,1.0,GOOD,0.7777777777777778,1.0,86.66666666666667,True,86.66666666666667,STOCK_SPECIFIC_ACTIVITY,False,NO_INVESTIGATION,False,,,0,0,0,0,0,0,0.0,47.45,,
2026-09-08,3000.0,0.0,11.7647,4.9979,2.3539,True,,97.57,5.5052,4.4256,2.3978,56.19,2.1597,0.9969,53.66,0.0183,3,False,True,True,False,PTBA,NO_INVESTIGATION,False,0,5,0.0,43.07,,energy,27,21.11,72.91999999999999,10,0.37037037037037035,1,0.037037037037037035,0.9259259259259259,2,9.86,0.0,1.0,GOOD,0.5829903978052127,1.0,74.97942386831275,True,74.97942386831275,STOCK_SPECIFIC_ACTIVITY,False,NO_INVESTIGATION,False,,,0,0,0,0,0,0,0.0,43.07,,
2026-09-09,3100.0,0.0,11.3333,6.4325,1.7619,True,,98.37,5.9713,4.7889,2.9141,57.12,2.2605,0.9776,94.83,0.2656,3,False,True,True,False,PTBA,NO_INVESTIGATION,False,0,5,0.0,47.56,,energy,27,51.62,75.14,14,0.5185185185185185,4,0.14814814814814814,0.9629629629629629,2,28.115,0.5,1.0,GOOD,0.46364883401920437,0.5,47.818930041152264,True,47.818930041152264,PEER_CLUSTERED_ACTIVITY,False,NO_INVESTIGATION,False,,,0,0,0,0,0,0,0.0,47.56,,
2026-09-10,3100.0,0.0,11.2957,6.6667,1.6944,True,,92.25,3.8115,3.2535,2.7799,53.13,1.5539,1.3715,100.0,0.5703,3,False,True,True,False,PTBA,NO_INVESTIGATION,False,0,5,0.0,45.64,,energy,27,23.38,67.435,12,0.4444444444444444,2,0.07407407407407407,0.8518518518518519,2,28.22,0.5,1.0,GOOD,0.4732510288065844,0.5,48.39506172839506,True,48.39506172839506,PEER_CLUSTERED_ACTIVITY,False,NO_INVESTIGATION,False,,,0,0,0,0,0,0,0.0,45.64,,
2026-09-11,3100.0,10.16,9.6774,8.5333,1.1341,True,,65.35,2.0789,1.8232,1.7583,17.24,1.2819,0.5692,88.72,0.2248,3,False,True,True,False,PTBA,NO_INVESTIGATION,False,0,5,0.0,33.6,,energy,27,18.62,50.334999999999994,7,0.25925925925925924,0,0.0,0.8888888888888888,2,0.0,0.0,1.0,GOOD,0.6584362139917694,1.0,79.50617283950616,True,79.50617283950616,STOCK_SPECIFIC_ACTIVITY,False,NO_INVESTIGATION,False,,,0,0,0,0,0,0,0.0,33.6,,
2026-09-14,3080.0,58.9,7.4194,10.0387,0.7391,True,,41.71,1.7789,1.4523,1.2366,23.88,1.394,0.4549,50.04,0.0002,3,True,False,True,False,PTBA,NO_INVESTIGATION,False,0,5,0.0,35.82,,energy,27,26.07,74.15,11,0.4074074074074074,0,0.0,0.5555555555555556,2,32.145,0.0,0.5,GOOD,0.3292181069958848,0.5,39.75308641975309,True,39.75308641975309,MIXED_CONTEXT,True,NO_INVESTIGATION,False,,,0,0,0,0,0,0,0.0,35.82,,
2026-09-15,3020.0,59.57,7.4194,10.0387,0.7391,True,,0.0,0.7569,0.6257,0.6614,2.62,1.0423,0.6502,28.49,-0.086,0,True,False,False,False,PTBA,NO_INVESTIGATION,False,0,5,0.0,18.13,,energy,27,0.0,11.379999999999999,4,0.14814814814814814,0,0.0,0.5185185185185185,2,0.0,0.0,1.0,GOOD,0.44170096021947874,1.0,66.50205761316872,False,,NO_ACTIVITY_CONTEXT,False,NO_INVESTIGATION,False,,,0,0,0,0,0,0,0.0,18.13,,
2026-09-16,3000.0,63.21,7.1429,10.0387,0.7115,True,,0.0,0.857,0.7137,0.8358,0.0,0.8924,0.6994,47.0,-0.012,0,True,False,False,False,PTBA,NO_INVESTIGATION,False,0,5,0.0,20.5,,energy,27,0.0,19.835,2,0.07407407407407407,0,0.0,0.5185185185185185,2,36.53,0.0,0.0,GOOD,0.4801097393689986,0.0,28.806584362139915,False,,NO_ACTIVITY_CONTEXT,False,NO_INVESTIGATION,False,,,0,0,0,0,0,0,0.0,20.5,,
2026-09-17,3140.0,78.5,5.8442,10.0387,0.5822,True,,46.99,1.7014,1.3834,1.5153,5.98,0.9772,1.1438,51.84,0.0092,3,True,False,True,False,PTBA,NO_INVESTIGATION,False,0,5,0.0,39.8,,energy,27,0.0,8.625,3,0.1111111111111111,0,0.0,0.8888888888888888,2,42.910000000000004,0.5,0.5,GOOD,0.7901234567901234,0.25,57.407407407407405,True,57.407407407407405,MIXED_CONTEXT,True,NO_INVESTIGATION,False,,,0,0,0,0,0,0,0.0,39.8,,
2026-09-18,3090.0,78.5,5.8442,10.0387,0.5822,True,,0.0,0.9101,0.8337,0.5801,47.53,1.6769,1.0385,7.02,-0.2438,0,True,False,False,False,PTBA,NO_INVESTIGATION,False,0,5,0.0,27.46,,energy,27,48.09,72.95,12,0.4444444444444444,1,0.037037037037037035,0.14814814814814814,2,66.06,0.5,0.0,GOOD,0.0823045267489712,0.0,4.938271604938271,False,,NO_ACTIVITY_CONTEXT,False,NO_INVESTIGATION,False,,,0,0,0,0,0,0,0.0,27.46,,
2026-09-21,3080.0,82.19,5.5195,10.0387,0.5498,True,,0.0,0.3752,0.3665,0.4312,0.0,0.9248,0.6525,68.03,0.0901,0,True,False,False,False,PTBA,NO_INVESTIGATION,False,0,5,0.0,27.35,,energy,27,0.0,3.005,2,0.07407407407407407,0,0.0,0.7037037037037037,2,0.0,0.0,1.0,GOOD,0.6515775034293553,1.0,79.09465020576133,False,,NO_ACTIVITY_CONTEXT,False,NO_INVESTIGATION,False,,,0,0,0,0,0,0,0.0,27.35,,
2026-09-22,3010.0,82.19,5.5195,10.0387,0.5498,True,,0.0,0.5419,0.5386,0.6782,0.0,0.8493,0.6943,57.33,0.0367,0,True,False,False,False,PTBA,NO_INVESTIGATION,False,0,5,0.0,26.28,,energy,27,2.89,15.330000000000002,4,0.14814814814814814,0,0.0,0.4074074074074074,2,8.255,0.0,0.5,GOOD,0.34705075445816186,0.5,40.82304526748971,False,,NO_ACTIVITY_CONTEXT,False,NO_INVESTIGATION,False,,,0,0,0,0,0,0,0.0,26.28,,
2026-09-23,3050.0,67.26,6.8182,10.0387,0.6792,True,,0.0,0.5532,0.5517,0.5081,11.54,1.1572,0.6202,5.76,-0.2539,0,True,False,False,False,PTBA,NO_INVESTIGATION,False,0,5,0.0,19.12,,energy,27,0.0,4.3549999999999995,2,0.07407407407407407,0,0.0,0.6296296296296297,2,16.275,0.0,0.0,GOOD,0.5829903978052127,0.0,34.97942386831276,False,,NO_ACTIVITY_CONTEXT,False,NO_INVESTIGATION,False,,,0,0,0,0,0,0,0.0,19.12,,
2026-09-24,3050.0,66.66,6.8852,10.0387,0.6859,True,,0.0,0.2696,0.2666,0.3815,6.7,0.7048,1.1607,59.3,0.0465,0,True,False,False,False,PTBA,NO_INVESTIGATION,False,0,5,0.0,23.6,,energy,27,0.0,0.0,2,0.07407407407407407,0,0.0,0.8148148148148148,2,0.0,0.0,1.0,GOOD,0.7544581618655692,1.0,85.26748971193415,False,,NO_ACTIVITY_CONTEXT,False,NO_INVESTIGATION,False,,,0,0,0,0,0,0,0.0,23.6,,
2026-09-25,3090.0,70.63,6.5574,10.0387,0.6532,True,,0.0,0.7862,0.7585,0.6687,13.09,1.1726,0.9404,70.2,0.1014,0,True,False,False,False,PTBA,NO_INVESTIGATION,False,0,5,0.0,26.64,,energy,27,0.0,0.0,1,0.037037037037037035,0,0.0,0.7777777777777778,2,0.0,0.0,1.0,GOOD,0.7489711934156379,1.0,84.93827160493828,False,,NO_ACTIVITY_CONTEXT,False,NO_INVESTIGATION,False,,,0,0,0,0,0,0,0.0,26.64,,
2026-09-28,3180.0,25.06,8.5246,8.5484,0.9972,True,,50.71,1.524,1.4858,1.6648,0.0,0.9581,0.903,60.34,0.0517,3,False,True,True,False,PTBA,NO_INVESTIGATION,False,0,5,0.0,27.51,,energy,27,0.0,4.0649999999999995,1,0.037037037037037035,0,0.0,1.0,2,0.0,0.0,1.0,GOOD,0.962962962962963,1.0,97.77777777777779,True,97.77777777777779,STOCK_SPECIFIC_ACTIVITY,False,NO_INVESTIGATION,False,,,0,0,0,0,0,0,0.0,27.51,,
2026-09-29,3110.0,17.15,8.4142,7.972,1.0555,True,,10.6,1.1666,1.1555,0.8875,34.86,1.3542,1.1213,0.0,-0.3322,0,False,False,False,False,PTBA,NO_INVESTIGATION,False,0,5,0.0,12.7,,energy,27,13.22,41.695,3,0.1111111111111111,0,0.0,0.48148148148148145,2,47.785,0.5,0.5,GOOD,0.42798353909465014,0.25,35.679012345679006,False,,NO_ACTIVITY_CONTEXT,False,NO_INVESTIGATION,False,,,0,0,0,0,0,0,0.0,12.7,,
2026-06-12,3300.0,76.23,18.6544,25.8153,0.7226,True,,0.0,0.5622,0.5661,0.5374,18.19,1.0441,1.3127,84.32,0.1954,0,True,False,False,False,TINS,NO_INVESTIGATION,False,0,5,0.0,30.22,,basic_materials,27,7.79,25.415,4,0.14814814814814814,0,0.0,0.4074074074074074,6,2.01,0.16666666666666666,0.5,GOOD,0.34705075445816186,0.4166666666666667,37.489711934156375,False,,NO_ACTIVITY_CONTEXT,False,NO_INVESTIGATION,False,,,0,0,0,0,0,0,0.0,30.22,,
2026-06-15,3480.0,66.64,20.303,25.8153,0.7865,True,,0.0,0.8197,0.7664,0.7643,11.41,1.0476,1.1551,75.23,0.1349,0,True,False,False,False,TINS,NO_INVESTIGATION,False,0,5,0.0,25.89,,basic_materials,27,42.94,64.585,13,0.48148148148148145,0,0.0,0.14814814814814814,6,48.68,0.5,0.16666666666666666,GOOD,0.07681755829903979,0.08333333333333333,7.94238683127572,False,,NO_ACTIVITY_CONTEXT,False,NO_INVESTIGATION,False,,,0,0,0,0,0,0,0.0,25.89,,
2026-06-17,3540.0,92.54,14.9701,25.8153,0.5799,True,,0.0,0.5381,0.4936,0.5646,12.53,0.9044,1.2687,95.89,0.2726,0,True,False,False,False,TINS,NO_INVESTIGATION,False,0,5,0.0,34.6,,basic_materials,27,0.0,18.119999999999997,4,0.14814814814814814,0,0.0,0.5185185185185185,6,0.0,0.3333333333333333,0.6666666666666666,GOOD,0.44170096021947874,0.4444444444444445,44.2798353909465,False,,NO_ACTIVITY_CONTEXT,False,NO_INVESTIGATION,False,,,0,0,0,0,0,0,0.0,34.6,,
2026-06-18,3630.0,79.89,16.954,25.2628,0.6711,True,,0.0,0.752,0.6742,0.7477,8.28,0.9446,1.1838,86.27,0.2085,0,True,False,False,False,TINS,NO_INVESTIGATION,False,0,5,0.0,29.84,,basic_materials,27,0.0,2.745,1,0.037037037037037035,0,0.0,0.7037037037037037,6,0.0,0.0,0.6666666666666666,GOOD,0.6776406035665296,0.6666666666666666,67.32510288065843,False,,NO_ACTIVITY_CONTEXT,False,NO_INVESTIGATION,False,,,0,0,0,0,0,0,0.0,29.84,,
2026-06-19,3490.0,89.13,13.1805,23.6294,0.5578,True,,0.0,0.4983,0.4508,0.5854,0.0,0.8238,0.7714,6.46,-0.2483,0,True,False,False,False,TINS,NO_INVESTIGATION,False,0,5,0.0,22.93,,basic_materials,27,66.7,70.0,17,0.6296296296296297,6,0.2222222222222222,0.14814814814814814,6,42.045,0.5,0.3333333333333333,GOOD,0.05486968449931412,0.16666666666666666,9.958847736625515,False,,NO_ACTIVITY_CONTEXT,False,NO_INVESTIGATION,False,,,0,0,0,0,0,0,0.0,22.93,,
2026-06-22,3750.0,95.36,9.322,22.45,0.4152,True,,12.34,1.182,1.035,1.0907,34.41,1.0791,1.6106,100.0,0.4723,0,True,False,False,False,TINS,NO_INVESTIGATION,False,0,5,0.0,42.7,,basic_materials,27,0.0,14.54,1,0.037037037037037035,0,0.0,0.7407407407407407,6,0.0,0.0,0.8333333333333334,GOOD,0.7133058984910837,0.8333333333333334,76.13168724279835,False,,NO_ACTIVITY_CONTEXT,False,NO_INVESTIGATION,False,,,0,0,0,0,0,0,0.0,42.7,,
2026-06-23,3710.0,94.24,9.0909,21.9644,0.4139,True,,0.0,0.5102,0.4453,0.6047,9.04,0.8402,1.1977,73.13,0.1209,0,True,False,False,False,TINS,NO_INVESTIGATION,False,0,5,0.0,32.23,,basic_materials,27,0.0,0.0,1,0.037037037037037035,0,0.0,0.8148148148148148,6,0.0,0.0,1.0,GOOD,0.7846364883401921,1.0,87.07818930041152,False,,NO_ACTIVITY_CONTEXT,False,NO_INVESTIGATION,False,,,0,0,0,0,0,0,0.0,32.23,,
2026-06-24,3490.0,91.3,9.6419,21.4052,0.4504,True,,0.0,0.7651,0.7241,0.9222,2.63,0.8375,1.057,54.43,0.0221,0,True,False,False,False,TINS,NO_INVESTIGATION,False,0,5,0.0,28.66,,basic_materials,27,0.0,10.780000000000001,1,0.037037037037037035,0,0.0,0.6296296296296297,6,0.0,0.0,0.6666666666666666,GOOD,0.6063100137174212,0.6666666666666666,63.04526748971193,False,,NO_ACTIVITY_CONTEXT,False,NO_INVESTIGATION,False,,,0,0,0,0,0,0,0.0,28.66,,
2026-06-25,3640.0,89.62,10.4396,21.1799,0.4929,True,,6.55,0.6862,0.6727,1.1844,27.85,0.5991,1.4799,44.45,-0.0222,0,True,False,False,False,TINS,NO_INVESTIGATION,False,0,5,0.0,32.99,,basic_materials,27,0.0,12.219999999999999,5,0.18518518518518517,1,0.037037037037037035,0.7037037037037037,6,0.0,0.0,1.0,GOOD,0.5733882030178327,1.0,74.40329218106996,False,,NO_ACTIVITY_CONTEXT,False,NO_INVESTIGATION,False,,,0,0,0,0,0,0,0.0,32.99,,
2026-06-26,3450.0,88.65,10.4396,20.7105,0.5041,True,,0.0,0.4274,0.4389,0.4704,8.82,0.9282,1.1586,0.0,-0.3505,0,True,False,False,False,TINS,NO_INVESTIGATION,False,0,5,0.0,23.49,,basic_materials,27,0.0,0.0,1,0.037037037037037035,0,0.0,0.8148148148148148,6,0.0,0.16666666666666666,0.8333333333333334,GOOD,0.7846364883401921,0.6944444444444445,74.85596707818931,False,,NO_ACTIVITY_CONTEXT,False,NO_INVESTIGATION,False,,,0,0,0,0,0,0,0.0,23.49,,
2026-06-29,3480.0,83.41,10.8883,19.8341,0.549,True,,0.0,0.2725,0.2738,0.3302,0.0,0.7962,0.9841,90.74,0.2382,0,True,False,False,False,TINS,NO_INVESTIGATION,False,0,5,0.0,29.93,,basic_materials,27,0.0,0.0,1,0.037037037037037035,0,0.0,0.9629629629629629,6,0.0,0.0,1.0,GOOD,0.9272976680384087,1.0,95.63786008230453,False,,NO_ACTIVITY_CONTEXT,False,NO_INVESTIGATION,False,,,0,0,0,0,0,0,0.0,29.93,,
2026-06-30,3270.0,49.59,15.8046,19.0098,0.8314,True,,0.0,0.6446,0.6694,0.7968,0.0,0.7577,0.8253,32.96,-0.0681,0,False,False,False,False,TINS,NO_INVESTIGATION,False,0,5,0.0,15.69,,basic_materials,27,0.0,25.9,2,0.07407407407407407,0,0.0,0.5925925925925926,6,0.0,0.0,0.8333333333333334,GOOD,0.5486968449931413,0.8333333333333334,66.2551440329218,False,,NO_ACTIVITY_CONTEXT,False,NO_INVESTIGATION,False,,,0,0,0,0,0,0,0.0,15.69,,
2026-07-01,3320.0,60.5,13.3333,17.8042,0.7489,True,,0.0,0.3839,0.4141,0.3564,2.67,1.0296,0.8541,77.79,0.152,0,True,False,False,False,TINS,NO_INVESTIGATION,False,0,5,0.0,23.3,,basic_materials,27,0.0,0.0,1,0.037037037037037035,0,0.0,0.8518518518518519,6,0.0,0.16666666666666666,0.6666666666666666,GOOD,0.8203017832647462,0.5555555555555556,71.440329218107,False,,NO_ACTIVITY_CONTEXT,False,NO_INVESTIGATION,False,,,0,0,0,0,0,0,0.0,23.3,,
2026-07-02,3350.0,57.05,12.5373,16.3793,0.7654,True,,0.0,0.3402,0.3428,0.4394,0.0,0.7061,0.5617,68.23,0.0912,0,True,False,False,False,TINS,NO_INVESTIGATION,False,0,5,0.0,21.09,,basic_materials,27,0.0,0.0,1,0.037037037037037035,0,0.0,0.8888888888888888,6,0.0,0.0,0.6666666666666666,GOOD,0.8559670781893004,0.6666666666666666,78.02469135802468,False,,NO_ACTIVITY_CONTEXT,False,NO_INVESTIGATION,False,,,0,0,0,0,0,0,0.0,21.09,,
2026-07-03,3430.0,71.99,9.8507,15.3873,0.6402,True,,0.0,0.3792,0.3587,0.4016,13.92,0.8854,1.2268,99.6,0.2973,0,True,False,False,False,TINS,NO_INVESTIGATION,False,0,5,0.0,30.05,,basic_materials,27,0.0,0.0,1,0.037037037037037035,0,0.0,0.7777777777777778,6,0.0,0.0,0.8333333333333334,GOOD,0.7489711934156379,0.8333333333333334,78.27160493827161,False,,NO_ACTIVITY_CONTEXT,False,NO_INVESTIGATION,False,,,0,0,0,0,0,0,0.0,30.05,,
2026-07-06,3420.0,73.07,8.9552,14.1517,0.6328,True,,0.0,0.5207,0.517,0.5372,0.0,0.9862,0.6427,42.13,-0.0315,0,True,False,False,False,TINS,NO_INVESTIGATION,False,0,5,0.0,22.48,,basic_materials,27,0.0,0.0,0,0.0,0,0.0,0.8148148148148148,6,0.0,0.0,1.0,GOOD,0.8148148148148148,1.0,88.88888888888889,False,,NO_ACTIVITY_CONTEXT,False,NO_INVESTIGATION,False,,,0,0,0,0,0,0,0.0,22.48,,
2026-07-07,3450.0,70.68,8.7719,13.2569,0.6617,True,,0.0,0.4702,0.4829,0.4203,14.46,1.1707,0.8769,65.06,0.0753,0,True,False,False,False,TINS,NO_INVESTIGATION,False,0,5,0.0,26.35,,basic_materials,27,0.0,6.77,1,0.037037037037037035,1,0.037037037037037035,0.7037037037037037,6,0.0,0.0,1.0,GOOD,0.6776406035665296,1.0,80.65843621399178,False,,NO_ACTIVITY_CONTEXT,False,NO_INVESTIGATION,False,,,0,0,0,0,0,0,0.0,26.35,,
2026-07-08,3300.0,87.61,6.7251,12.8589,0.523,True,,0.0,0.6253,0.6381,0.6628,5.02,0.9598,1.0927,47.59,-0.0096,0,True,False,False,False,TINS,NO_INVESTIGATION,False,0,5,0.0,27.41,,basic_materials,27,0.0,0.02,0,0.0,0,0.0,0.7407407407407407,6,0.0,0.0,0.6666666666666666,GOOD,0.7407407407407407,0.6666666666666666,71.1111111111111,False,,NO_ACTIVITY_CONTEXT,False,NO_INVESTIGATION,False,,,0,0,0,0,0,0,0.0,27.41,,
2026-07-09,3360.0,73.9,7.6023,11.7128,0.6491,True,,0.0,0.7102,0.7352,0.7015,1.58,1.0194,0.9795,71.24,0.1083,0,True,False,False,False,TINS,NO_INVESTIGATION,False,0,5,0.0,25.84,,basic_materials,27,0.0,0.0,0,0.0,0,0.0,0.8148148148148148,6,0.0,0.0,1.0,GOOD,0.8148148148148148,1.0,88.88888888888889,False,,NO_ACTIVITY_CONTEXT,False,NO_INVESTIGATION,False,,,0,0,0,0,0,0,0.0,25.84,,
2026-07-10,3470.0,63.54,7.8947,10.6639,0.7403,True,,0.0,0.7139,0.7394,0.7737,12.35,0.925,1.2042,83.57,0.1905,0,True,False,False,False,TINS,NO_INVESTIGATION,False,0,5,0.0,26.09,,basic_materials,27,0.0,0.0,0,0.0,0,0.0,0.7777777777777778,6,0.0,0.0,0.8333333333333334,GOOD,0.7777777777777778,0.8333333333333334,80.0,False,,NO_ACTIVITY_CONTEXT,False,NO_INVESTIGATION,False,,,0,0,0,0,0,0,0.0,26.09,,
2026-07-13,3440.0,61.52,7.8488,10.4396,0.7518,True,,3.93,0.8562,0.8924,1.1281,0.0,0.7652,0.8599,0.0,-0.3476,0,True,False,False,False,TINS,NO_INVESTIGATION,False,0,5,0.0,16.56,,basic_materials,27,0.0,0.0,2,0.07407407407407407,0,0.0,0.8148148148148148,6,0.0,0.0,1.0,GOOD,0.7544581618655692,1.0,85.26748971193415,False,,NO_ACTIVITY_CONTEXT,False,NO_INVESTIGATION,False,,,0,0,0,0,0,0,0.0,16.56,,
2026-07-14,3480.0,28.6,9.8837,10.1452,0.9742,True,,95.6,2.6175,2.575,2.175,5.7,1.0635,0.8114,86.12,0.2074,3,False,True,True,False,TINS,NO_INVESTIGATION,False,0,5,0.0,45.3,,basic_materials,27,4.74,24.61,6,0.2222222222222222,0,0.0,1.0,6,23.705,0.3333333333333333,1.0,GOOD,0.7777777777777778,0.6666666666666667,73.33333333333334,True,73.33333333333334,STOCK_SPECIFIC_ACTIVITY,False,NO_INVESTIGATION,False,,,0,0,0,0,0,0,0.0,45.3,,
2026-07-15,3500.0,25.85,9.7983,9.8672,0.993,True,,37.13,1.4153,1.3927,1.2481,0.21,1.0021,0.7799,57.99,0.04,3,False,False,True,False,TINS,NO_INVESTIGATION,False,0,5,0.0,23.43,,basic_materials,27,3.06,20.625,3,0.1111111111111111,2,0.07407407407407407,0.8888888888888888,6,2.995,0.16666666666666666,0.8333333333333334,GOOD,0.7901234567901234,0.6944444444444445,75.18518518518519,True,75.18518518518519,STOCK_SPECIFIC_ACTIVITY,False,NO_INVESTIGATION,False,,,0,0,0,0,0,0,0.0,23.43,,
2026-07-16,3570.0,58.62,8.046,9.8245,0.819,True,,57.53,1.7493,1.6879,1.2917,24.77,1.1968,0.7808,90.7,0.238,3,True,True,True,True,TINS,EMERGING,True,1,5,20.0,48.7,48.7,basic_materials,27,2.62,37.715,5,0.18518518518518517,2,0.07407407407407407,0.8518518518518519,6,10.5,0.16666666666666666,0.8333333333333334,GOOD,0.6941015089163238,0.6944444444444445,69.42386831275722,True,69.42386831275722,STOCK_SPECIFIC_ACTIVITY,True,EMERGING,True,TINS-20260716-01,2026-07-16,1,1,1,1,1,0,20.0,48.7,48.7,
2026-07-17,3570.0,57.78,8.0,9.7201,0.823,True,,8.62,1.134,1.0992,0.8887,21.8,1.1277,1.1188,56.66,0.0333,0,True,False,False,False,TINS,WEAKENING,True,1,5,20.0,29.97,29.97,basic_materials,27,10.93,54.2,8,0.2962962962962963,2,0.07407407407407407,0.4444444444444444,6,0.0,0.0,0.8333333333333334,GOOD,0.3127572016460905,0.8333333333333334,52.09876543209877,False,,NO_ACTIVITY_CONTEXT,False,WEAKENING,True,TINS-20260716-01,2026-07-16,2,1,1,1,1,1,20.0,29.97,29.97,
2026-07-20,3570.0,73.55,6.7227,9.482,0.709,True,,19.75,1.2375,1.1913,1.1304,18.11,1.0965,1.1639,76.63,0.1442,1,True,False,False,False,TINS,WEAKENING,True,1,5,20.0,38.69,38.69,basic_materials,27,31.73,51.675,7,0.25925925925925924,2,0.07407407407407407,0.2962962962962963,6,27.25,0.16666666666666666,0.3333333333333333,GOOD,0.21947873799725648,0.2777777777777778,24.279835390946502,True,24.279835390946502,MIXED_CONTEXT,True,DEVELOPING,True,TINS-20260716-01,2026-07-16,3,1,2,2,1,0,40.0,42.69,42.69,
2026-07-21,3550.0,90.11,5.3221,9.3664,0.5682,True,,77.78,1.9038,1.8394,1.6608,16.37,1.1481,0.8609,23.09,-0.1153,3,True,True,True,True,TINS,DEVELOPING,True,2,5,40.0,58.63,58.63,basic_materials,27,21.74,66.245,9,0.3333333333333333,5,0.18518518518518517,0.8888888888888888,6,67.56,0.6666666666666666,0.6666666666666666,GOOD,0.5925925925925927,0.22222222222222224,44.44444444444445,True,44.44444444444445,PEER_CLUSTERED_ACTIVITY,True,DEVELOPING,True,TINS-20260716-01,2026-07-16,4,2,3,3,2,0,60.0,62.63,62.63,
2026-07-22,3620.0,89.38,5.3221,9.2985,0.5724,True,,93.71,2.4202,2.3199,2.0441,18.14,1.1759,0.9101,96.22,0.2748,3,True,True,True,True,TINS,DEVELOPING,True,3,5,60.0,74.8,74.8,basic_materials,27,44.55,85.55000000000001,13,0.48148148148148145,3,0.1111111111111111,0.8888888888888888,6,81.725,0.8333333333333334,0.8333333333333334,GOOD,0.46090534979423875,0.13888888888888887,33.20987654320988,True,33.20987654320988,PEER_CLUSTERED_ACTIVITY,True,ESTABLISHED,True,TINS-20260716-01,2026-07-16,5,3,4,4,3,0,80.0,78.8,78.8,
2026-07-23,3690.0,49.21,7.563,8.8636,0.8533,True,,96.2,2.8594,2.6775,2.0541,36.74,1.3635,0.7887,80.86,0.1724,3,False,True,True,False,TINS,WEAKENING,True,2,5,40.0,62.76,62.76,basic_materials,27,50.68,81.85,14,0.5185185185185185,2,0.07407407407407407,0.9259259259259259,6,76.45,0.8333333333333334,0.6666666666666666,GOOD,0.44581618655692734,0.11111111111111108,31.193415637860085,True,31.193415637860085,MARKET_WIDE_ACTIVITY,True,ESTABLISHED,True,TINS-20260716-01,2026-07-16,6,3,5,4,2,0,80.0,70.76,70.76,
2026-07-24,3430.0,0.0,11.2045,8.409,1.3324,True,,100.0,3.1477,3.1276,4.6947,2.11,0.6428,1.0422,11.29,-0.2096,3,False,True,True,False,TINS,WEAKENING,True,2,5,40.0,39.45,39.45,basic_materials,27,11.43,44.915,6,0.2222222222222222,1,0.037037037037037035,1.0,6,31.475,0.5,1.0,GOOD,0.7777777777777778,0.5,66.66666666666667,True,66.66666666666667,STOCK_SPECIFIC_ACTIVITY,False,WEAKENING,True,TINS-20260716-01,2026-07-16,7,3,5,4,2,1,80.0,47.45,47.45,
2026-07-27,3440.0,0.0,11.2676,8.409,1.34,True,,0.0,0.7318,0.7446,0.7948,0.0,0.8938,0.8666,66.1,0.0805,0,False,False,False,False,TINS,WEAKENING,True,2,5,40.0,14.61,14.61,basic_materials,27,0.0,14.01,1,0.037037037037037035,0,0.0,0.5925925925925926,6,7.865,0.0,0.5,GOOD,0.5706447187928669,0.5,54.23868312757202,False,,NO_ACTIVITY_CONTEXT,False,CLOSED,False,TINS-20260716-01,2026-07-16,8,3,5,3,2,2,60.0,18.61,,TWO_UNSUPPORTED_SESSIONS
2026-07-28,3460.0,0.0,11.5607,8.409,1.3748,True,,9.44,1.1231,1.1278,1.01,23.51,1.0796,1.2557,100.0,0.3372,0,False,False,False,False,TINS,WEAKENING,True,1,5,20.0,20.36,20.36,basic_materials,27,0.0,4.82,1,0.037037037037037035,1,0.037037037037037035,0.8518518518518519,6,0.0,0.0,1.0,GOOD,0.8203017832647462,1.0,89.21810699588477,False,,NO_ACTIVITY_CONTEXT,False,NO_INVESTIGATION,False,,,0,0,0,0,0,0,0.0,16.36,,
2026-07-29,3420.0,0.0,11.6279,8.409,1.3828,True,,78.01,1.8201,1.8245,1.8399,0.0,0.9624,0.8655,14.78,-0.1817,3,False,True,True,False,TINS,NO_INVESTIGATION,False,0,5,0.0,24.88,,basic_materials,27,2.68,28.005,3,0.1111111111111111,1,0.037037037037037035,0.9629629629629629,6,4.38,0.0,1.0,GOOD,0.8559670781893003,1.0,91.35802469135803,True,91.35802469135803,STOCK_SPECIFIC_ACTIVITY,False,NO_INVESTIGATION,False,,,0,0,0,0,0,0,0.0,24.88,,
2026-07-30,3560.0,62.5,6.3953,8.409,0.7605,True,,31.41,1.35,1.3498,1.2149,54.13,1.1446,1.9824,100.0,0.5637,3,True,False,True,False,TINS,NO_INVESTIGATION,False,0,5,0.0,43.17,,basic_materials,27,0.45,16.86,2,0.07407407407407407,0,0.0,0.9259259259259259,6,8.02,0.16666666666666666,0.8333333333333334,GOOD,0.8573388203017833,0.6944444444444445,79.21810699588478,True,79.21810699588478,STOCK_SPECIFIC_ACTIVITY,True,NO_INVESTIGATION,False,,,0,0,0,0,0,0,0.0,43.17,,
2026-07-31,3800.0,0.0,15.6069,8.023,1.9453,True,,100.0,5.073,4.7258,3.7835,51.57,1.2947,1.4066,100.0,0.3123,3,False,True,True,False,TINS,NO_INVESTIGATION,False,0,5,0.0,47.74,,basic_materials,27,9.39,62.57,8,0.2962962962962963,3,0.1111111111111111,1.0,6,17.21,0.3333333333333333,1.0,GOOD,0.7037037037037037,0.6666666666666667,68.88888888888889,True,68.88888888888889,STOCK_SPECIFIC_ACTIVITY,False,NO_INVESTIGATION,False,,,0,0,0,0,0,0,0.0,47.74,,
2026-08-03,3750.0,0.0,15.1685,8.023,1.8906,True,,65.15,1.7517,1.6469,1.6263,1.13,1.011,0.9612,78.55,0.157,3,False,True,True,False,TINS,NO_INVESTIGATION,False,0,5,0.0,27.57,,basic_materials,27,13.11,61.47,9,0.3333333333333333,1,0.037037037037037035,0.8148148148148148,6,12.945,0.3333333333333333,0.8333333333333334,GOOD,0.54320987654321,0.5555555555555557,54.814814814814824,True,54.814814814814824,MIXED_CONTEXT,False,NO_INVESTIGATION,False,,,0,0,0,0,0,0,0.0,27.57,,
2026-08-04,3820.0,0.0,13.8667,8.023,1.7284,True,,71.58,1.9731,1.8222,1.59,25.25,1.2288,0.694,91.14,0.2409,3,False,True,True,False,TINS,NO_INVESTIGATION,False,0,5,0.0,34.38,,basic_materials,27,10.55,26.145000000000003,5,0.18518518518518517,0,0.0,0.9259259259259259,6,10.425,0.3333333333333333,0.8333333333333334,GOOD,0.7544581618655694,0.5555555555555557,67.48971193415639,True,67.48971193415639,STOCK_SPECIFIC_ACTIVITY,False,NO_INVESTIGATION,False,,,0,0,0,0,0,0,0.0,34.38,,
2026-08-05,3880.0,0.0,13.9474,8.023,1.7384,True,,82.72,2.1169,1.9177,2.0966,23.37,1.0639,1.3093,100.0,0.4183,3,False,True,True,False,TINS,NO_INVESTIGATION,False,0,5,0.0,38.32,,basic_materials,27,40.75,82.745,12,0.4444444444444444,1,0.037037037037037035,0.7407407407407407,6,53.879999999999995,0.5,0.6666666666666666,GOOD,0.411522633744856,0.3333333333333333,38.02469135802469,True,38.02469135802469,PEER_CLUSTERED_ACTIVITY,False,NO_INVESTIGATION,False,,,0,0,0,0,0,0,0.0,38.32,,
2026-08-06,3800.0,3.54,10.7895,8.9221,1.2093,True,,51.59,1.57,1.4607,1.5767,23.16,1.0588,1.3125,80.79,0.1719,3,False,True,True,False,TINS,NO_INVESTIGATION,False,0,5,0.0,27.92,,basic_materials,27,18.02,56.93,10,0.37037037037037035,0,0.0,0.7037037037037037,6,52.26,0.6666666666666666,0.5,GOOD,0.4430727023319616,0.16666666666666669,33.25102880658436,True,33.25102880658436,PEER_CLUSTERED_ACTIVITY,False,NO_INVESTIGATION,False,,,0,0,0,0,0,0,0.0,27.92,,
2026-08-07,3860.0,59.87,7.5916,9.841,0.7714,True,,44.52,1.6618,1.5127,1.1775,67.44,1.3568,1.5532,100.0,0.4965,2,True,False,True,False,TINS,NO_INVESTIGATION,False,0,5,0.0,48.44,,basic_materials,27,0.0,28.735,4,0.14814814814814814,0,0.0,0.8518518518518519,6,0.285,0.0,1.0,GOOD,0.7256515775034293,1.0,83.53909465020577,True,83.53909465020577,STOCK_SPECIFIC_ACTIVITY,True,NO_INVESTIGATION,False,,,0,0,0,0,0,0,0.0,48.44,,
2026-08-10,3850.0,73.23,6.4935,9.841,0.6598,True,,0.0,0.9795,0.9172,0.9341,27.13,0.9907,1.5315,100.0,0.4242,0,True,False,False,False,TINS,NO_INVESTIGATION,False,0,5,0.0,32.38,,basic_materials,27,12.47,68.595,8,0.2962962962962963,3,0.1111111111111111,0.2962962962962963,6,9.885,0.16666666666666666,0.16666666666666666,GOOD,0.2085048010973937,0.1388888888888889,18.06584362139918,False,,NO_ACTIVITY_CONTEXT,False,NO_INVESTIGATION,False,,,0,0,0,0,0,0,0.0,32.38,,
2026-08-11,3770.0,62.84,7.2727,9.841,0.739,True,,0.45,0.8951,0.8891,1.0139,0.0,0.8638,0.9886,78.03,0.1535,0,True,False,False,False,TINS,NO_INVESTIGATION,False,0,5,0.0,23.65,,basic_materials,27,2.88,13.344999999999999,2,0.07407407407407407,0,0.0,0.4074074074074074,6,10.71,0.0,0.3333333333333333,GOOD,0.3772290809327846,0.3333333333333333,35.96707818930041,False,,NO_ACTIVITY_CONTEXT,False,NO_INVESTIGATION,False,,,0,0,0,0,0,0,0.0,23.65,,
2026-08-12,3840.0,69.8,5.9896,8.9221,0.6713,True,,0.0,0.9744,0.9541,0.7289,51.55,1.2139,1.4112,84.47,0.1965,0,True,False,False,False,TINS,NO_INVESTIGATION,False,0,5,0.0,33.63,,basic_materials,27,0.0,9.42,1,0.037037037037037035,0,0.0,0.5185185185185185,6,0.14,0.0,0.5,GOOD,0.4993141289437586,0.5,49.958847736625515,False,,NO_ACTIVITY_CONTEXT,False,NO_INVESTIGATION,False,,,0,0,0,0,0,0,0.0,33.63,,
2026-08-13,3720.0,46.63,6.7708,8.023,0.8439,True,,0.0,0.8778,0.8744,0.8984,4.61,0.8736,1.0989,21.31,-0.1295,0,False,False,False,False,TINS,NO_INVESTIGATION,False,0,5,0.0,14.48,,basic_materials,27,0.0,3.51,1,0.037037037037037035,0,0.0,0.5925925925925926,6,3.51,0.0,0.3333333333333333,GOOD,0.5706447187928669,0.3333333333333333,47.57201646090535,False,,NO_ACTIVITY_CONTEXT,False,NO_INVESTIGATION,False,,,0,0,0,0,0,0,0.0,14.48,,
2026-08-14,3890.0,4.77,9.375,7.7958,1.2026,True,,97.77,3.0737,2.9498,2.1214,35.19,1.3168,0.8069,86.69,0.2113,3,False,True,True,False,TINS,NO_INVESTIGATION,False,0,5,0.0,44.47,,basic_materials,27,0.0,1.06,2,0.07407407407407407,0,0.0,0.9629629629629629,6,0.0,0.0,1.0,GOOD,0.8916323731138546,1.0,93.49794238683128,True,93.49794238683128,STOCK_SPECIFIC_ACTIVITY,False,NO_INVESTIGATION,False,,,0,0,0,0,0,0,0.0,44.47,,
2026-08-18,3900.0,10.92,9.375,8.4833,1.1051,True,,0.0,0.8391,0.8086,0.8221,0.0,0.9612,0.7179,19.37,-0.145,0,False,False,False,False,TINS,NO_INVESTIGATION,False,0,5,0.0,4.67,,basic_materials,27,2.79,22.799999999999997,4,0.14814814814814814,1,0.037037037037037035,0.3333333333333333,6,0.0,0.16666666666666666,0.6666666666666666,GOOD,0.2839506172839506,0.5555555555555556,39.25925925925926,False,,NO_ACTIVITY_CONTEXT,False,NO_INVESTIGATION,False,,,0,0,0,0,0,0,0.0,4.67,,
2026-08-19,4050.0,5.58,11.054,9.375,1.1791,True,,90.0,2.3205,2.163,1.6742,43.31,1.3052,1.3373,100.0,0.3722,3,False,True,True,False,TINS,NO_INVESTIGATION,False,0,5,0.0,44.89,,basic_materials,27,0.0,27.994999999999997,6,0.2222222222222222,0,0.0,0.8888888888888888,6,0.0,0.0,1.0,GOOD,0.691358024691358,1.0,81.4814814814815,True,81.4814814814815,STOCK_SPECIFIC_ACTIVITY,False,NO_INVESTIGATION,False,,,0,0,0,0,0,0,0.0,44.89,,
2026-08-20,3990.0,11.84,11.0256,10.0822,1.0936,True,,10.87,1.1238,1.0269,1.1309,0.0,0.9895,0.8003,16.0,-0.172,0,False,False,False,False,TINS,NO_INVESTIGATION,False,0,5,0.0,7.82,,basic_materials,27,10.87,68.375,9,0.3333333333333333,1,0.037037037037037035,0.5185185185185185,6,60.129999999999995,0.5,0.16666666666666666,GOOD,0.34567901234567905,0.08333333333333333,24.074074074074076,False,,NO_ACTIVITY_CONTEXT,False,NO_INVESTIGATION,False,,,0,0,0,0,0,0,0.0,7.82,,
2026-08-21,4030.0,33.13,10.2757,10.9076,0.9421,True,,0.0,0.4441,0.433,0.4929,17.7,0.9338,1.3775,98.65,0.291,0,False,False,False,False,TINS,NO_INVESTIGATION,False,0,5,0.0,20.8,,basic_materials,27,0.0,22.455,3,0.1111111111111111,1,0.037037037037037035,0.5185185185185185,6,0.0,0.0,0.6666666666666666,GOOD,0.46090534979423864,0.6666666666666666,54.32098765432099,False,,NO_ACTIVITY_CONTEXT,False,NO_INVESTIGATION,False,,,0,0,0,0,0,0,0.0,20.8,,
2026-08-24,4130.0,52.9,8.933,10.9076,0.819,True,,27.46,1.4218,1.2928,1.0294,46.89,1.2988,1.394,100.0,0.3804,2,False,False,True,False,TINS,NO_INVESTIGATION,False,0,5,0.0,38.5,,basic_materials,27,6.91,39.585,6,0.2222222222222222,0,0.0,0.6666666666666666,6,4.195,0.16666666666666666,0.8333333333333334,GOOD,0.5185185185185185,0.6944444444444445,58.88888888888889,True,58.88888888888889,MIXED_CONTEXT,True,NO_INVESTIGATION,False,,,0,0,0,0,0,0,0.0,38.5,,
2026-08-26,4020.0,51.72,8.6849,10.5326,0.8246,True,,0.83,0.9483,0.873,1.0236,0.0,0.8571,0.5885,24.36,-0.1051,0,False,False,False,False,TINS,NO_INVESTIGATION,False,0,5,0.0,15.62,,basic_materials,27,50.01,74.195,14,0.5185185185185185,1,0.037037037037037035,0.037037037037037035,6,42.75,0.3333333333333333,0.0,GOOD,0.01783264746227709,0.0,1.0699588477366255,False,,NO_ACTIVITY_CONTEXT,False,NO_INVESTIGATION,False,,,0,0,0,0,0,0,0.0,15.62,,
2026-08-27,4080.0,67.78,6.9479,9.8253,0.7071,True,,0.0,0.7502,0.6985,0.5473,21.15,1.2405,0.9342,88.63,0.2242,0,True,False,False,False,TINS,NO_INVESTIGATION,False,0,5,0.0,28.98,,basic_materials,27,0.0,54.835,8,0.2962962962962963,2,0.07407407407407407,0.5185185185185185,6,0.0,0.0,0.8333333333333334,GOOD,0.36488340192043894,0.8333333333333334,55.22633744855967,False,,NO_ACTIVITY_CONTEXT,False,NO_INVESTIGATION,False,,,0,0,0,0,0,0,0.0,28.98,,
2026-08-28,4030.0,62.51,6.9479,9.375,0.7411,True,,0.0,0.7321,0.6867,0.7404,0.0,0.8899,0.8515,9.67,-0.2227,0,True,False,False,False,TINS,NO_INVESTIGATION,False,0,5,0.0,16.59,,basic_materials,27,0.0,48.61,7,0.25925925925925924,2,0.07407407407407407,0.5185185185185185,6,0.0,0.0,1.0,GOOD,0.38408779149519884,1.0,63.04526748971193,False,,NO_ACTIVITY_CONTEXT,False,NO_INVESTIGATION,False,,,0,0,0,0,0,0,0.0,16.59,,
2026-08-31,4040.0,60.77,6.9307,9.154,0.7571,True,,0.0,0.5342,0.5062,0.4566,9.29,1.0528,1.1129,90.02,0.2334,0,True,False,False,False,TINS,NO_INVESTIGATION,False,0,5,0.0,25.59,,basic_materials,27,69.98,80.765,17,0.6296296296296297,4,0.14814814814814814,0.18518518518518517,6,18.005,0.3333333333333333,0.3333333333333333,GOOD,0.06858710562414265,0.22222222222222224,13.004115226337449,False,,NO_ACTIVITY_CONTEXT,False,NO_INVESTIGATION,False,,,0,0,0,0,0,0,0.0,25.59,,
2026-09-01,4090.0,74.15,5.9406,9.154,0.649,True,,0.0,0.8133,0.7588,0.7455,10.5,0.9818,1.2282,89.06,0.227,0,True,False,False,False,TINS,NO_INVESTIGATION,False,0,5,0.0,29.02,,basic_materials,27,54.42,84.5,14,0.5185185185185185,2,0.07407407407407407,0.14814814814814814,6,4.415,0.0,0.3333333333333333,GOOD,0.07133058984910837,0.3333333333333333,17.613168724279834,False,,NO_ACTIVITY_CONTEXT,False,NO_INVESTIGATION,False,,,0,0,0,0,0,0,0.0,29.02,,
2026-09-02,4010.0,81.72,5.198,8.8089,0.5901,True,,0.97,0.9692,0.9554,1.0276,0.0,0.8264,0.7119,0.0,-0.3177,0,True,False,False,False,TINS,NO_INVESTIGATION,False,0,5,0.0,20.72,,basic_materials,27,17.97,62.275000000000006,8,0.2962962962962963,0,0.0,0.2222222222222222,6,0.565,0.16666666666666666,0.5,GOOD,0.15637860082304525,0.4166666666666667,26.049382716049386,False,,NO_ACTIVITY_CONTEXT,False,NO_INVESTIGATION,False,,,0,0,0,0,0,0,0.0,20.72,,
2026-09-03,4090.0,89.19,4.4554,8.1382,0.5475,True,,0.0,0.8785,0.8526,0.6307,43.64,1.2006,1.5892,100.0,0.3752,0,True,False,False,False,TINS,NO_INVESTIGATION,False,0,5,0.0,38.84,,basic_materials,27,32.28,69.175,9,0.3333333333333333,1,0.037037037037037035,0.2222222222222222,6,12.445,0.0,0.5,GOOD,0.14814814814814817,0.5,28.888888888888893,False,,NO_ACTIVITY_CONTEXT,False,NO_INVESTIGATION,False,,,0,0,0,0,0,0,0.0,38.84,,
2026-09-04,4420.0,0.0,11.0024,7.4322,1.4804,True,,92.39,2.6216,2.3666,1.6553,47.13,1.4176,1.2346,100.0,0.3195,3,False,True,True,False,TINS,NO_INVESTIGATION,False,0,5,0.0,44.79,,basic_materials,27,0.0,24.19,5,0.18518518518518517,1,0.037037037037037035,1.0,6,0.0,0.0,1.0,GOOD,0.8148148148148149,1.0,88.8888888888889,True,88.8888888888889,STOCK_SPECIFIC_ACTIVITY,False,NO_INVESTIGATION,False,,,0,0,0,0,0,0,0.0,44.79,,
2026-09-07,4480.0,0.0,12.9584,7.4322,1.7436,True,,37.78,1.5005,1.3209,1.0324,25.16,1.3002,0.8182,35.66,-0.0574,2,False,False,True,False,TINS,NO_INVESTIGATION,False,0,5,0.0,18.67,,basic_materials,27,0.77,43.894999999999996,6,0.2222222222222222,2,0.07407407407407407,0.6666666666666666,6,0.0,0.16666666666666666,0.6666666666666666,GOOD,0.5185185185185185,0.5555555555555556,53.333333333333336,True,53.333333333333336,MIXED_CONTEXT,False,NO_INVESTIGATION,False,,,0,0,0,0,0,0,0.0,18.67,,
2026-09-08,4400.0,0.0,12.7273,7.4322,1.7125,True,,0.0,0.9782,0.8586,0.8094,4.28,1.0579,0.651,2.04,-0.2837,0,False,False,False,False,TINS,NO_INVESTIGATION,False,0,5,0.0,0.85,,basic_materials,27,21.11,72.91999999999999,10,0.37037037037037035,1,0.037037037037037035,0.25925925925925924,6,25.725,0.3333333333333333,0.0,GOOD,0.16323731138545952,0.0,9.79423868312757,False,,NO_ACTIVITY_CONTEXT,False,NO_INVESTIGATION,False,,,0,0,0,0,0,0,0.0,0.85,,
2026-09-09,4600.0,0.0,14.0271,7.9788,1.7581,True,,53.93,1.6451,1.4045,1.1426,38.35,1.323,1.2872,89.35,0.229,2,False,True,True,False,TINS,NO_INVESTIGATION,False,0,5,0.0,30.87,,basic_materials,27,51.62,75.14,14,0.5185185185185185,4,0.14814814814814814,0.5555555555555556,6,81.235,0.6666666666666666,0.3333333333333333,GOOD,0.2674897119341564,0.11111111111111112,20.493827160493826,True,20.493827160493826,MARKET_WIDE_ACTIVITY,False,NO_INVESTIGATION,False,,,0,0,0,0,0,0,0.0,30.87,,
2026-09-10,4650.0,0.0,17.8571,8.8089,2.0272,True,,94.13,2.4965,2.0351,1.7401,15.79,1.2146,0.5599,71.74,0.1116,3,False,True,True,False,TINS,NO_INVESTIGATION,False,0,5,0.0,37.78,,basic_materials,27,23.38,67.435,12,0.4444444444444444,2,0.07407407407407407,0.9259259259259259,6,67.435,0.6666666666666666,0.6666666666666666,GOOD,0.51440329218107,0.22222222222222224,39.75308641975309,True,39.75308641975309,PEER_CLUSTERED_ACTIVITY,False,NO_INVESTIGATION,False,,,0,0,0,0,0,0,0.0,37.78,,
2026-09-11,4740.0,0.0,12.8261,9.154,1.4011,True,,33.72,1.5424,1.2997,1.0087,19.47,1.2341,0.8549,55.92,0.0296,2,False,False,True,False,TINS,NO_INVESTIGATION,False,0,5,0.0,18.63,,basic_materials,27,18.62,50.334999999999994,7,0.25925925925925924,0,0.0,0.5925925925925926,6,50.334999999999994,0.5,0.3333333333333333,GOOD,0.43895747599451296,0.16666666666666666,33.00411522633745,True,33.00411522633745,PEER_CLUSTERED_ACTIVITY,False,NO_INVESTIGATION,False,,,0,0,0,0,0,0,0.0,18.63,,
2026-09-14,4700.0,3.12,11.3978,9.375,1.2158,True,,21.58,1.3694,1.186,1.033,4.7,1.0596,0.7519,7.39,-0.2409,1,False,False,False,False,TINS,NO_INVESTIGATION,False,0,5,0.0,8.7,,basic_materials,27,26.07,74.15,11,0.4074074074074074,0,0.0,0.48148148148148145,6,85.95,1.0,0.0,GOOD,0.2853223593964334,0.0,17.119341563786,True,17.119341563786,PEER_CLUSTERED_ACTIVITY,False,NO_INVESTIGATION,False,,,0,0,0,0,0,0,0.0,8.7,,
2026-09-15,4740.0,8.05,11.2766,9.8253,1.1477,True,,0.0,0.9291,0.8343,0.7257,23.56,1.0904,1.3631,73.09,0.1206,0,False,False,False,False,TINS,NO_INVESTIGATION,False,0,5,0.0,12.86,,basic_materials,27,0.0,11.379999999999999,4,0.14814814814814814,0,0.0,0.5185185185185185,6,20.85,0.3333333333333333,0.16666666666666666,GOOD,0.44170096021947874,0.11111111111111112,30.946502057613166,False,,NO_ACTIVITY_CONTEXT,False,NO_INVESTIGATION,False,,,0,0,0,0,0,0,0.0,12.86,,
2026-09-16,4680.0,46.65,9.1489,10.6391,0.8599,True,,0.4,1.0095,0.8947,0.8674,0.0,0.922,0.3929,40.11,-0.0396,0,False,False,False,False,TINS,NO_INVESTIGATION,False,0,5,0.0,15.79,,basic_materials,27,0.0,19.835,2,0.07407407407407407,0,0.0,0.5925925925925926,6,34.010000000000005,0.3333333333333333,0.16666666666666666,GOOD,0.5486968449931413,0.11111111111111112,37.36625514403292,False,,NO_ACTIVITY_CONTEXT,False,NO_INVESTIGATION,False,,,0,0,0,0,0,0,0.0,15.79,,
2026-09-17,4700.0,56.06,8.5106,10.6391,0.7999,True,,0.0,0.67,0.6147,0.4752,12.27,1.1378,0.849,23.45,-0.1124,0,True,False,False,False,TINS,NO_INVESTIGATION,False,0,5,0.0,18.2,,basic_materials,27,0.0,8.625,3,0.1111111111111111,0,0.0,0.6666666666666666,6,0.0,0.3333333333333333,0.6666666666666666,GOOD,0.5925925925925926,0.4444444444444445,53.333333333333336,False,,NO_ACTIVITY_CONTEXT,False,NO_INVESTIGATION,False,,,0,0,0,0,0,0,0.0,18.2,,
2026-09-18,4750.0,68.39,6.5957,9.7123,0.6791,True,,0.0,0.7846,0.7343,0.7249,15.55,0.9223,1.3744,46.48,-0.0141,0,True,False,False,False,TINS,NO_INVESTIGATION,False,0,5,0.0,24.08,,basic_materials,27,48.09,72.95,12,0.4444444444444444,1,0.037037037037037035,0.14814814814814814,6,28.035000000000004,0.3333333333333333,0.16666666666666666,GOOD,0.0823045267489712,0.11111111111111112,9.382716049382717,False,,NO_ACTIVITY_CONTEXT,False,NO_INVESTIGATION,False,,,0,0,0,0,0,0,0.0,24.08,,
2026-09-21,4900.0,41.49,8.0169,9.041,0.8867,True,,60.17,1.797,1.6478,1.2592,27.91,1.2909,0.892,79.33,0.1622,3,False,True,True,False,TINS,NO_INVESTIGATION,False,0,5,0.0,40.54,,basic_materials,27,0.0,3.005,2,0.07407407407407407,0,0.0,0.9629629629629629,6,0.0,0.0,1.0,GOOD,0.8916323731138546,1.0,93.49794238683128,True,93.49794238683128,STOCK_SPECIFIC_ACTIVITY,True,NO_INVESTIGATION,False,,,0,0,0,0,0,0,0.0,40.54,,
2026-09-22,4610.0,16.07,9.3617,8.8089,1.0628,True,,88.92,2.0263,1.8986,1.8157,0.0,0.9355,0.6859,0.0,-0.3075,3,False,True,True,False,TINS,NO_INVESTIGATION,False,0,5,0.0,30.69,,basic_materials,27,2.89,15.330000000000002,4,0.14814814814814814,0,0.0,0.9629629629629629,6,0.12,0.0,1.0,GOOD,0.8203017832647462,1.0,89.21810699588477,True,89.21810699588477,STOCK_SPECIFIC_ACTIVITY,False,NO_INVESTIGATION,False,,,0,0,0,0,0,0,0.0,30.69,,
2026-09-23,4800.0,19.34,9.2632,8.9169,1.0388,True,,0.0,0.994,0.9196,0.7942,17.44,1.0665,1.2787,100.0,0.304,0,False,False,False,False,TINS,NO_INVESTIGATION,False,0,5,0.0,17.45,,basic_materials,27,0.0,4.3549999999999995,2,0.07407407407407407,0,0.0,0.6296296296296297,6,0.0,0.16666666666666666,0.8333333333333334,GOOD,0.5829903978052127,0.6944444444444445,62.75720164609054,False,,NO_ACTIVITY_CONTEXT,False,NO_INVESTIGATION,False,,,0,0,0,0,0,0,0.0,17.45,,
2026-09-24,4850.0,25.31,9.1667,9.206,0.9957,True,,0.0,0.9339,0.898,0.7683,13.39,1.1276,1.0339,62.4,0.062,0,False,False,False,False,TINS,NO_INVESTIGATION,False,0,5,0.0,14.58,,basic_materials,27,0.0,0.0,2,0.07407407407407407,0,0.0,0.8148148148148148,6,0.0,0.16666666666666666,0.8333333333333334,GOOD,0.7544581618655692,0.6944444444444445,73.04526748971195,False,,NO_ACTIVITY_CONTEXT,False,NO_INVESTIGATION,False,,,0,0,0,0,0,0,0.0,14.58,,
2026-09-25,4720.0,25.45,9.1667,9.2149,0.9948,True,,0.0,0.6656,0.6513,0.6734,0.0,0.9001,0.7402,57.88,0.0394,0,False,False,False,False,TINS,NO_INVESTIGATION,False,0,5,0.0,12.15,,basic_materials,27,0.0,0.0,1,0.037037037037037035,0,0.0,0.7777777777777778,6,0.0,0.0,0.8333333333333334,GOOD,0.7489711934156379,0.8333333333333334,78.27160493827161,False,,NO_ACTIVITY_CONTEXT,False,NO_INVESTIGATION,False,,,0,0,0,0,0,0,0.0,12.15,,
2026-09-28,4510.0,23.05,9.322,9.2149,1.0116,True,,0.78,0.938,0.9543,1.0234,0.0,0.8347,0.584,6.84,-0.2453,0,False,False,False,False,TINS,NO_INVESTIGATION,False,0,5,0.0,6.68,,basic_materials,27,0.0,4.0649999999999995,1,0.037037037037037035,0,0.0,0.5925925925925926,6,0.0,0.0,0.6666666666666666,GOOD,0.5706447187928669,0.6666666666666666,60.90534979423868,False,,NO_ACTIVITY_CONTEXT,False,NO_INVESTIGATION,False,,,0,0,0,0,0,0,0.0,6.68,,
2026-09-29,4620.0,0.0,13.7712,9.2926,1.482,True,,18.07,1.1207,1.1558,1.2354,0.0,0.8025,0.7538,58.06,0.0403,1,False,False,False,False,TINS,NO_INVESTIGATION,False,0,5,0.0,11.23,,basic_materials,27,13.22,41.695,3,0.1111111111111111,0,0.0,0.6296296296296297,6,6.61,0.0,0.6666666666666666,GOOD,0.5596707818930041,0.6666666666666666,60.24691358024692,True,60.24691358024692,MIXED_CONTEXT,False,NO_INVESTIGATION,False,,,0,0,0,0,0,0,0.0,11.23,,
2026-06-12,2860.0,0.0,22.4199,10.8475,2.0668,True,,18.03,1.1684,1.2233,1.1554,4.37,0.9171,1.0857,42.28,-0.0309,1,False,False,False,False,TLKM,NO_INVESTIGATION,False,0,5,0.0,10.29,,telecom,27,7.79,25.415,4,0.14814814814814814,0,0.0,0.6666666666666666,1,55.32,1.0,0.0,THIN,0.5679012345679012,0.0,56.79012345679012,True,56.79012345679012,MIXED_CONTEXT,False,NO_INVESTIGATION,False,,,0,0,0,0,0,0,0.0,10.29,,
2026-06-15,2930.0,0.0,16.7832,10.9432,1.5337,True,,4.63,0.9754,0.989,1.1548,0.0,0.8125,0.5559,61.29,0.0565,0,False,False,False,False,TLKM,NO_INVESTIGATION,False,0,5,0.0,7.52,,telecom,27,42.94,64.585,13,0.48148148148148145,0,0.0,0.2222222222222222,1,63.57,1.0,0.0,THIN,0.11522633744855969,0.0,11.522633744855968,False,,NO_ACTIVITY_CONTEXT,False,NO_INVESTIGATION,False,,,0,0,0,0,0,0,0.0,7.52,,
2026-06-17,2960.0,0.0,18.4669,11.1861,1.6509,True,,26.33,1.2643,1.2362,1.2644,0.0,0.9525,0.8345,38.29,-0.0468,3,False,False,True,False,TLKM,NO_INVESTIGATION,False,0,5,0.0,11.73,,telecom,27,0.0,18.119999999999997,4,0.14814814814814814,0,0.0,0.7777777777777778,1,3.89,0.0,1.0,THIN,0.6625514403292181,1.0,66.2551440329218,True,66.2551440329218,STOCK_SPECIFIC_ACTIVITY,False,NO_INVESTIGATION,False,,,0,0,0,0,0,0,0.0,11.73,,
2026-06-18,2780.0,11.26,12.5436,11.3333,1.1068,True,,30.05,1.1374,1.206,1.5381,0.0,0.699,0.7095,23.94,-0.1084,2,False,False,True,False,TLKM,NO_INVESTIGATION,False,0,5,0.0,14.22,,telecom,27,0.0,2.745,1,0.037037037037037035,0,0.0,0.8888888888888888,1,21.64,0.0,1.0,THIN,0.8559670781893004,1.0,85.59670781893004,True,85.59670781893004,STOCK_SPECIFIC_ACTIVITY,False,NO_INVESTIGATION,False,,,0,0,0,0,0,0,0.0,14.22,,
2026-06-19,2580.0,0.41,15.7343,11.9384,1.3179,True,,78.76,1.7835,2.0086,1.5792,6.6,1.0841,0.6446,0.0,-0.3158,3,False,True,True,False,TLKM,NO_INVESTIGATION,False,0,5,0.0,24.72,,telecom,27,66.7,70.0,17,0.6296296296296297,6,0.2222222222222222,0.9629629629629629,1,75.46,1.0,1.0,THIN,0.3566529492455418,0.0,35.66529492455418,True,35.66529492455418,MARKET_WIDE_ACTIVITY,False,NO_INVESTIGATION,False,,,0,0,0,0,0,0,0.0,24.72,,
2026-06-22,2510.0,0.0,19.0647,14.1389,1.3484,True,,2.24,0.8584,1.0,1.0742,0.0,0.7398,0.8139,10.41,-0.2167,0,False,False,False,False,TLKM,NO_INVESTIGATION,False,0,5,0.0,1.71,,telecom,27,0.0,14.54,1,0.037037037037037035,0,0.0,0.7037037037037037,1,0.0,0.0,1.0,THIN,0.6776406035665296,1.0,67.76406035665296,False,,NO_ACTIVITY_CONTEXT,False,NO_INVESTIGATION,False,,,0,0,0,0,0,0,0.0,1.71,,
2026-06-23,2540.0,1.49,20.5426,16.1722,1.2702,True,,0.0,0.7768,0.8849,0.8183,4.24,0.8367,1.1004,58.79,0.0439,0,False,False,False,False,TLKM,NO_INVESTIGATION,False,0,5,0.0,6.89,,telecom,27,0.0,0.0,1,0.037037037037037035,0,0.0,0.8148148148148148,1,0.0,0.0,1.0,THIN,0.7846364883401921,1.0,78.46364883401921,False,,NO_ACTIVITY_CONTEXT,False,NO_INVESTIGATION,False,,,0,0,0,0,0,0,0.0,6.89,,
2026-06-24,2500.0,58.62,12.5984,16.6967,0.7545,True,,0.0,0.8001,0.8857,0.7799,4.24,0.912,1.0998,37.05,-0.0518,0,True,False,False,False,TLKM,NO_INVESTIGATION,False,0,5,0.0,19.0,,telecom,27,0.0,10.780000000000001,1,0.037037037037037035,0,0.0,0.6296296296296297,1,12.84,0.0,0.0,THIN,0.6063100137174212,0.0,60.63100137174212,False,,NO_ACTIVITY_CONTEXT,False,NO_INVESTIGATION,False,,,0,0,0,0,0,0,0.0,19.0,,
2026-06-25,2500.0,83.02,9.1633,16.6967,0.5488,True,,0.0,0.438,0.4851,0.6128,0.0,0.6767,0.5699,29.32,-0.0827,0,True,False,False,False,TLKM,NO_INVESTIGATION,False,0,5,0.0,23.69,,telecom,27,0.0,12.219999999999999,5,0.18518518518518517,1,0.037037037037037035,0.5185185185185185,1,54.63,1.0,0.0,THIN,0.4224965706447188,0.0,42.249657064471876,False,,NO_ACTIVITY_CONTEXT,False,NO_INVESTIGATION,False,,,0,0,0,0,0,0,0.0,23.69,,
2026-06-26,2480.0,80.0,9.6,16.6967,0.575,True,,7.1,0.9807,1.1288,1.0943,0.0,0.8485,0.8604,24.75,-0.102,0,True,False,False,False,TLKM,NO_INVESTIGATION,False,0,5,0.0,24.61,,telecom,27,0.0,0.0,1,0.037037037037037035,0,0.0,0.8888888888888888,1,0.0,0.0,1.0,THIN,0.8559670781893004,1.0,85.59670781893004,False,,NO_ACTIVITY_CONTEXT,False,NO_INVESTIGATION,False,,,0,0,0,0,0,0,0.0,24.61,,
2026-06-29,2410.0,80.0,9.6,16.6967,0.575,True,,0.0,0.5513,0.6275,0.661,13.16,0.7901,1.2757,8.1,-0.2352,0,True,False,False,False,TLKM,NO_INVESTIGATION,False,0,5,0.0,22.78,,telecom,27,0.0,0.0,1,0.037037037037037035,0,0.0,0.9629629629629629,1,0.0,0.0,1.0,THIN,0.9272976680384087,1.0,92.72976680384087,False,,NO_ACTIVITY_CONTEXT,False,NO_INVESTIGATION,False,,,0,0,0,0,0,0,0.0,22.78,,
2026-06-30,2350.0,79.46,9.6774,16.6967,0.5796,True,,36.81,1.3713,1.6015,0.7318,84.72,1.8241,1.6772,34.26,-0.063,2,True,False,True,False,TLKM,NO_INVESTIGATION,False,0,5,0.0,47.04,,telecom,27,0.0,25.9,2,0.07407407407407407,0,0.0,0.8518518518518519,1,0.0,0.0,1.0,THIN,0.7887517146776406,1.0,78.87517146776406,True,78.87517146776406,STOCK_SPECIFIC_ACTIVITY,True,NO_INVESTIGATION,False,,,0,0,0,0,0,0,0.0,47.04,,
2026-07-01,2440.0,89.42,7.7869,16.6967,0.4664,True,,0.0,0.4912,0.5629,0.5847,32.09,0.8382,1.739,39.87,-0.0405,0,True,False,False,False,TLKM,NO_INVESTIGATION,False,0,5,0.0,31.16,,telecom,27,0.0,0.0,1,0.037037037037037035,0,0.0,0.8518518518518519,1,0.0,0.0,1.0,THIN,0.8203017832647462,1.0,82.03017832647463,False,,NO_ACTIVITY_CONTEXT,False,NO_INVESTIGATION,False,,,0,0,0,0,0,0,0.0,31.16,,
2026-07-02,2450.0,92.16,5.7377,16.6967,0.3436,True,,0.0,0.517,0.5725,0.6282,0.0,0.8596,0.5601,40.27,-0.0389,0,True,False,False,False,TLKM,NO_INVESTIGATION,False,0,5,0.0,27.07,,telecom,27,0.0,0.0,1,0.037037037037037035,0,0.0,0.8888888888888888,1,0.0,0.0,1.0,THIN,0.8559670781893004,1.0,85.59670781893004,False,,NO_ACTIVITY_CONTEXT,False,NO_INVESTIGATION,False,,,0,0,0,0,0,0,0.0,27.07,,
2026-07-03,2520.0,89.42,7.7869,16.6967,0.4664,True,,0.0,0.3942,0.4271,0.5852,17.22,0.7236,1.3568,53.58,0.0179,0,True,False,False,False,TLKM,NO_INVESTIGATION,False,0,5,0.0,30.3,,telecom,27,0.0,0.0,1,0.037037037037037035,0,0.0,0.7777777777777778,1,100.0,1.0,0.0,THIN,0.7489711934156379,0.0,74.8971193415638,False,,NO_ACTIVITY_CONTEXT,False,NO_INVESTIGATION,False,,,0,0,0,0,0,0,0.0,30.3,,
2026-07-06,2480.0,87.35,7.7551,16.2587,0.477,True,,0.0,0.237,0.2587,0.512,0.0,0.4943,0.7731,0.0,-0.3413,0,True,False,False,False,TLKM,NO_INVESTIGATION,False,0,5,0.0,21.84,,telecom,27,0.0,0.0,0,0.0,0,0.0,0.8148148148148148,1,7.47,0.0,0.0,THIN,0.8148148148148148,0.0,81.48148148148148,False,,NO_ACTIVITY_CONTEXT,False,NO_INVESTIGATION,False,,,0,0,0,0,0,0,0.0,21.84,,
2026-07-07,2480.0,81.4,7.6613,14.1663,0.5408,True,,0.0,0.5769,0.6355,0.5551,11.39,1.1455,0.6922,14.58,-0.1834,0,True,False,False,False,TLKM,NO_INVESTIGATION,False,0,5,0.0,23.52,,telecom,27,0.0,6.77,1,0.037037037037037035,1,0.037037037037037035,0.7037037037037037,1,0.0,0.0,1.0,THIN,0.6776406035665296,1.0,67.76406035665296,False,,NO_ACTIVITY_CONTEXT,False,NO_INVESTIGATION,False,,,0,0,0,0,0,0,0.0,23.52,,
2026-07-08,2510.0,88.37,4.8387,12.571,0.3849,True,,0.0,0.5163,0.5536,0.4474,33.19,1.2118,1.3181,94.71,0.2647,0,True,False,False,False,TLKM,NO_INVESTIGATION,False,0,5,0.0,36.54,,telecom,27,0.0,0.02,0,0.0,0,0.0,0.7407407407407407,1,0.0,0.0,1.0,THIN,0.7407407407407407,1.0,74.07407407407408,False,,NO_ACTIVITY_CONTEXT,False,NO_INVESTIGATION,False,,,0,0,0,0,0,0,0.0,36.54,,
2026-07-09,2510.0,88.08,4.7809,11.1105,0.4303,True,,0.0,0.3787,0.3967,0.4742,22.6,0.8699,1.4998,51.44,0.0072,0,True,False,False,False,TLKM,NO_INVESTIGATION,False,0,5,0.0,30.55,,telecom,27,0.0,0.0,0,0.0,0,0.0,0.8148148148148148,1,4.19,0.0,0.0,THIN,0.8148148148148148,0.0,81.48148148148148,False,,NO_ACTIVITY_CONTEXT,False,NO_INVESTIGATION,False,,,0,0,0,0,0,0,0.0,30.55,,
2026-07-10,2480.0,86.75,4.8387,9.6387,0.502,True,,1.46,0.7224,0.7821,1.047,0.0,0.805,0.9535,5.65,-0.2548,0,True,False,False,False,TLKM,NO_INVESTIGATION,False,0,5,0.0,22.69,,telecom,27,0.0,0.0,0,0.0,0,0.0,0.8518518518518519,1,0.0,0.0,1.0,THIN,0.8518518518518519,1.0,85.18518518518519,False,,NO_ACTIVITY_CONTEXT,False,NO_INVESTIGATION,False,,,0,0,0,0,0,0,0.0,22.69,,
2026-07-13,2510.0,86.98,4.7809,9.6,0.498,True,,0.0,0.5324,0.5623,0.5073,5.13,1.0698,0.6283,65.91,0.0796,0,True,False,False,False,TLKM,NO_INVESTIGATION,False,0,5,0.0,29.11,,telecom,27,0.0,0.0,2,0.07407407407407407,0,0.0,0.7777777777777778,1,0.0,0.0,1.0,THIN,0.720164609053498,1.0,72.0164609053498,False,,NO_ACTIVITY_CONTEXT,False,NO_INVESTIGATION,False,,,0,0,0,0,0,0,0.0,29.11,,
2026-07-14,2560.0,66.35,6.3745,9.3817,0.6795,True,,0.0,0.9784,0.934,0.9137,18.82,0.9621,1.4074,86.1,0.2074,0,True,False,False,False,TLKM,NO_INVESTIGATION,False,0,5,0.0,28.02,,telecom,27,4.74,24.61,6,0.2222222222222222,0,0.0,0.4074074074074074,1,10.84,0.0,0.0,THIN,0.3168724279835391,0.0,31.68724279835391,False,,NO_ACTIVITY_CONTEXT,False,NO_INVESTIGATION,False,,,0,0,0,0,0,0,0.0,28.02,,
2026-07-15,2520.0,57.8,6.3745,8.4751,0.7521,True,,22.44,1.1832,1.1685,1.2993,0.0,0.8801,0.7092,0.0,-0.3141,1,True,False,False,False,TLKM,NO_INVESTIGATION,False,0,5,0.0,21.18,,telecom,27,3.06,20.625,3,0.1111111111111111,2,0.07407407407407407,0.7777777777777778,1,2.75,0.0,1.0,THIN,0.691358024691358,1.0,69.1358024691358,True,69.1358024691358,STOCK_SPECIFIC_ACTIVITY,True,NO_INVESTIGATION,False,,,0,0,0,0,0,0,0.0,21.18,,
2026-07-16,2530.0,52.11,6.3492,7.7869,0.8154,True,,0.0,0.4746,0.4655,0.5985,0.0,0.7804,0.9088,79.14,0.1609,0,False,False,False,False,TLKM,NO_INVESTIGATION,False,0,5,0.0,20.94,,telecom,27,2.62,37.715,5,0.18518518518518517,2,0.07407407407407407,0.4444444444444444,1,7.47,0.0,0.0,THIN,0.36213991769547327,0.0,36.21399176954733,False,,NO_ACTIVITY_CONTEXT,False,NO_INVESTIGATION,False,,,0,0,0,0,0,0,0.0,20.94,,
2026-07-17,2660.0,15.19,8.3004,7.771,1.0681,True,,29.85,1.2703,1.2099,1.37,24.95,0.9433,1.5632,85.2,0.2013,3,False,False,True,False,TLKM,NO_INVESTIGATION,False,0,5,0.0,25.02,,telecom,27,10.93,54.2,8,0.2962962962962963,2,0.07407407407407407,0.5555555555555556,1,0.0,0.0,1.0,THIN,0.3909465020576132,1.0,39.09465020576132,True,39.09465020576132,MIXED_CONTEXT,False,NO_INVESTIGATION,False,,,0,0,0,0,0,0,0.0,25.02,,
2026-07-20,2710.0,0.0,10.1562,7.771,1.3069,True,,28.85,1.3368,1.2347,1.2161,10.13,1.1252,0.9836,52.66,0.0133,3,False,False,True,False,TLKM,NO_INVESTIGATION,False,0,5,0.0,15.44,,telecom,27,31.73,51.675,7,0.25925925925925924,2,0.07407407407407407,0.4444444444444444,1,0.0,0.0,1.0,THIN,0.3292181069958847,1.0,32.92181069958847,True,32.92181069958847,MIXED_CONTEXT,False,NO_INVESTIGATION,False,,,0,0,0,0,0,0,0.0,15.44,,
2026-07-21,2750.0,0.0,10.5263,7.771,1.3546,True,,18.04,1.285,1.179,0.8796,53.73,1.4953,1.2667,27.64,-0.0894,1,False,False,False,False,TLKM,NO_INVESTIGATION,False,0,5,0.0,16.24,,telecom,27,21.74,66.245,9,0.3333333333333333,5,0.18518518518518517,0.4074074074074074,1,8.73,0.0,1.0,THIN,0.271604938271605,1.0,27.160493827160497,True,27.160493827160497,MIXED_CONTEXT,False,NO_INVESTIGATION,False,,,0,0,0,0,0,0,0.0,16.24,,
2026-07-22,2700.0,1.02,9.6296,7.771,1.2392,True,,66.89,2.2067,1.0263,2.1003,9.96,1.1234,0.4001,29.94,-0.0803,2,False,True,True,False,TLKM,NO_INVESTIGATION,False,0,5,0.0,24.81,,telecom,27,44.55,85.55000000000001,13,0.48148148148148145,3,0.1111111111111111,0.6296296296296297,1,0.0,0.0,1.0,THIN,0.32647462277091915,1.0,32.64746227709192,True,32.64746227709192,MIXED_CONTEXT,False,NO_INVESTIGATION,False,,,0,0,0,0,0,0,0.0,24.81,,
2026-07-23,2650.0,11.24,8.5185,7.771,1.0962,True,,0.57,0.8179,0.7673,1.0175,2.78,0.8595,1.0677,20.89,-0.1329,0,False,False,False,False,TLKM,NO_INVESTIGATION,False,0,5,0.0,5.49,,telecom,27,50.68,81.85,14,0.5185185185185185,2,0.07407407407407407,0.1111111111111111,1,14.16,0.0,0.0,THIN,0.053497942386831275,0.0,5.349794238683128,False,,NO_ACTIVITY_CONTEXT,False,NO_INVESTIGATION,False,,,0,0,0,0,0,0,0.0,5.49,,
2026-07-24,2630.0,38.93,7.037,7.771,0.9056,True,,0.0,0.8069,0.7769,0.7624,10.63,1.1286,0.9325,64.99,0.0749,0,False,False,False,False,TLKM,NO_INVESTIGATION,False,0,5,0.0,17.83,,telecom,27,11.43,44.915,6,0.2222222222222222,1,0.037037037037037035,0.2962962962962963,1,5.71,0.0,0.0,THIN,0.23045267489711932,0.0,23.045267489711932,False,,NO_ACTIVITY_CONTEXT,False,NO_INVESTIGATION,False,,,0,0,0,0,0,0,0.0,17.83,,
2026-07-27,2590.0,20.67,7.9245,7.7082,1.0281,True,,0.0,0.5496,0.5244,0.8245,0.0,0.6956,0.9237,23.48,-0.1121,0,False,False,False,False,TLKM,NO_INVESTIGATION,False,0,5,0.0,7.52,,telecom,27,0.0,14.01,1,0.037037037037037035,0,0.0,0.5925925925925926,1,0.0,0.0,1.0,THIN,0.5706447187928669,1.0,57.06447187928669,False,,NO_ACTIVITY_CONTEXT,False,NO_INVESTIGATION,False,,,0,0,0,0,0,0,0.0,7.52,,
2026-07-28,2560.0,50.98,6.4639,7.7082,0.8386,True,,0.0,0.6605,0.6222,0.7476,5.63,0.9158,1.1348,16.23,-0.1701,0,False,False,False,False,TLKM,NO_INVESTIGATION,False,0,5,0.0,15.21,,telecom,27,0.0,4.82,1,0.037037037037037035,1,0.037037037037037035,0.6296296296296297,1,62.62,1.0,0.0,THIN,0.6063100137174212,0.0,60.63100137174212,False,,NO_ACTIVITY_CONTEXT,False,NO_INVESTIGATION,False,,,0,0,0,0,0,0,0.0,15.21,,
2026-07-29,2560.0,43.57,6.5637,7.3492,0.8931,True,,0.0,0.7628,0.727,0.7752,5.22,1.013,1.0981,61.25,0.0562,0,False,False,False,False,TLKM,NO_INVESTIGATION,False,0,5,0.0,17.8,,telecom,27,2.68,28.005,3,0.1111111111111111,1,0.037037037037037035,0.48148148148148145,1,93.76,1.0,0.0,THIN,0.42798353909465014,0.0,42.798353909465014,False,,NO_ACTIVITY_CONTEXT,False,NO_INVESTIGATION,False,,,0,0,0,0,0,0,0.0,17.8,,
2026-07-30,2670.0,66.26,5.0193,6.8004,0.7381,True,,7.6,1.1169,1.0836,0.8991,22.73,1.2631,0.9537,91.57,0.2438,0,True,False,False,False,TLKM,NO_INVESTIGATION,False,0,5,0.0,31.41,,telecom,27,0.45,16.86,2,0.07407407407407407,0,0.0,0.6666666666666666,1,18.56,0.0,0.0,THIN,0.6172839506172839,0.0,61.72839506172839,False,,NO_ACTIVITY_CONTEXT,False,NO_INVESTIGATION,False,,,0,0,0,0,0,0,0.0,31.41,,
2026-07-31,2630.0,57.08,5.4054,6.8004,0.7949,True,,0.78,0.9872,0.9649,1.0229,3.76,1.0326,1.0233,20.0,-0.14,0,True,False,False,False,TLKM,NO_INVESTIGATION,False,0,5,0.0,17.07,,telecom,27,9.39,62.57,8,0.2962962962962963,3,0.1111111111111111,0.3333333333333333,1,20.51,0.0,0.0,THIN,0.2345679012345679,0.0,23.456790123456788,False,,NO_ACTIVITY_CONTEXT,False,NO_INVESTIGATION,False,,,0,0,0,0,0,0,0.0,17.07,,
2026-08-03,2740.0,5.8,7.6046,6.5138,1.1675,True,,27.03,1.2342,1.1777,1.3237,22.09,0.9839,1.3938,100.0,0.393,2,False,False,True,False,TLKM,NO_INVESTIGATION,False,0,5,0.0,22.87,,telecom,27,13.11,61.47,9,0.3333333333333333,1,0.037037037037037035,0.6296296296296297,1,36.45,0.0,0.0,THIN,0.4197530864197532,0.0,41.97530864197532,True,41.97530864197532,MIXED_CONTEXT,False,NO_INVESTIGATION,False,,,0,0,0,0,0,0,0.0,22.87,,
2026-08-04,2790.0,0.0,9.3633,6.5138,1.4375,True,,2.33,0.9649,0.9006,1.07,13.74,0.9824,1.2453,90.93,0.2395,0,False,False,False,False,TLKM,NO_INVESTIGATION,False,0,5,0.0,11.85,,telecom,27,10.55,26.145000000000003,5,0.18518518518518517,0,0.0,0.48148148148148145,1,86.3,1.0,0.0,THIN,0.39231824417009603,0.0,39.231824417009605,False,,NO_ACTIVITY_CONTEXT,False,NO_INVESTIGATION,False,,,0,0,0,0,0,0,0.0,11.85,,
2026-08-05,2710.0,8.51,7.3801,6.5138,1.133,True,,20.63,1.2047,1.1485,1.2089,1.09,1.0134,0.8568,0.0,-0.4424,2,False,False,True,False,TLKM,NO_INVESTIGATION,False,0,5,0.0,8.48,,telecom,27,40.75,82.745,12,0.4444444444444444,1,0.037037037037037035,0.4074074074074074,1,100.0,1.0,0.0,THIN,0.22633744855967078,0.0,22.633744855967077,True,22.633744855967077,MIXED_CONTEXT,False,NO_INVESTIGATION,False,,,0,0,0,0,0,0,0.0,8.48,,
2026-08-06,2650.0,20.27,7.0111,6.8004,1.031,True,,41.42,1.4144,1.4123,1.2425,16.1,1.1743,0.9354,5.98,-0.2522,3,False,False,True,False,TLKM,NO_INVESTIGATION,False,0,5,0.0,20.51,,telecom,27,18.02,56.93,10,0.37037037037037035,0,0.0,0.5925925925925926,1,86.08,1.0,0.0,THIN,0.3731138545953361,0.0,37.31138545953361,True,37.31138545953361,MIXED_CONTEXT,False,NO_INVESTIGATION,False,,,0,0,0,0,0,0,0.0,20.51,,
2026-08-07,2710.0,24.98,7.0111,7.0241,0.9982,True,,0.0,0.6283,0.6242,0.7712,2.33,0.8573,1.0415,43.21,-0.0272,0,False,False,False,False,TLKM,NO_INVESTIGATION,False,0,5,0.0,10.92,,telecom,27,0.0,28.735,4,0.14814814814814814,0,0.0,0.5185185185185185,1,100.0,1.0,0.0,THIN,0.44170096021947874,0.0,44.17009602194788,False,,NO_ACTIVITY_CONTEXT,False,NO_INVESTIGATION,False,,,0,0,0,0,0,0,0.0,10.92,,
2026-08-10,2620.0,44.86,6.2731,7.0241,0.8931,True,,23.98,0.9552,0.9602,1.7098,0.36,0.5708,1.0064,0.0,-0.5084,1,False,False,False,False,TLKM,NO_INVESTIGATION,False,0,5,0.0,18.46,,telecom,27,12.47,68.595,8,0.2962962962962963,3,0.1111111111111111,0.7037037037037037,1,100.0,1.0,0.0,THIN,0.49519890260631005,0.0,49.51989026063101,True,49.51989026063101,MIXED_CONTEXT,True,NO_INVESTIGATION,False,,,0,0,0,0,0,0,0.0,18.46,,
2026-08-11,2610.0,5.68,7.9245,7.0241,1.1282,True,,3.22,0.8367,0.8529,1.0927,0.0,0.7448,0.8778,31.83,-0.0727,0,False,False,False,False,TLKM,NO_INVESTIGATION,False,0,5,0.0,5.57,,telecom,27,2.88,13.344999999999999,2,0.07407407407407407,0,0.0,0.5555555555555556,1,95.57,1.0,0.0,THIN,0.51440329218107,0.0,51.440329218106996,False,,NO_ACTIVITY_CONTEXT,False,NO_INVESTIGATION,False,,,0,0,0,0,0,0,0.0,5.57,,
2026-08-12,2590.0,52.77,6.1069,7.2086,0.8472,True,,28.77,1.2453,1.2914,1.2325,18.08,0.9454,1.2668,0.0,-0.3159,3,False,False,True,False,TLKM,NO_INVESTIGATION,False,0,5,0.0,24.54,,telecom,27,0.0,9.42,1,0.037037037037037035,0,0.0,0.8518518518518519,1,100.0,1.0,0.0,THIN,0.8203017832647462,0.0,82.03017832647463,True,82.03017832647463,STOCK_SPECIFIC_ACTIVITY,True,NO_INVESTIGATION,False,,,0,0,0,0,0,0,0.0,24.54,,
2026-08-13,2590.0,51.72,6.1303,7.2086,0.8504,True,,0.0,0.7884,0.8166,0.7114,15.73,1.0368,1.182,48.7,-0.0052,0,False,False,False,False,TLKM,NO_INVESTIGATION,False,0,5,0.0,20.16,,telecom,27,0.0,3.51,1,0.037037037037037035,0,0.0,0.5925925925925926,1,96.67,1.0,0.0,THIN,0.5706447187928669,0.0,57.06447187928669,False,,NO_ACTIVITY_CONTEXT,False,NO_INVESTIGATION,False,,,0,0,0,0,0,0,0.0,20.16,,
2026-08-14,2620.0,50.79,6.1303,7.2086,0.8504,True,,0.0,0.8441,0.8669,0.752,3.52,1.0432,0.9757,58.89,0.0445,0,False,False,False,False,TLKM,NO_INVESTIGATION,False,0,5,0.0,19.11,,telecom,27,0.0,1.06,2,0.07407407407407407,0,0.0,0.7037037037037037,1,98.35,1.0,0.0,THIN,0.6515775034293553,0.0,65.15775034293553,False,,NO_ACTIVITY_CONTEXT,False,NO_INVESTIGATION,False,,,0,0,0,0,0,0,0.0,19.11,,
2026-08-18,2600.0,100.0,3.0769,7.0241,0.4381,True,,0.0,0.8462,0.8685,0.9035,19.15,0.9033,1.2397,11.09,-0.2112,0,True,False,False,False,TLKM,NO_INVESTIGATION,False,0,5,0.0,28.98,,telecom,27,2.79,22.799999999999997,4,0.14814814814814814,1,0.037037037037037035,0.3333333333333333,1,100.0,1.0,0.0,THIN,0.2839506172839506,0.0,28.39506172839506,False,,NO_ACTIVITY_CONTEXT,False,NO_INVESTIGATION,False,,,0,0,0,0,0,0,0.0,28.98,,
2026-08-19,2600.0,100.0,2.6923,7.0111,0.384,True,,0.0,0.4877,0.4974,0.6629,9.79,0.7334,1.1422,71.62,0.1108,0,True,False,False,False,TLKM,NO_INVESTIGATION,False,0,5,0.0,33.63,,telecom,27,0.0,27.994999999999997,6,0.2222222222222222,0,0.0,0.5925925925925926,1,100.0,1.0,0.0,THIN,0.46090534979423864,0.0,46.090534979423865,False,,NO_ACTIVITY_CONTEXT,False,NO_INVESTIGATION,False,,,0,0,0,0,0,0,0.0,33.63,,
2026-08-20,2610.0,100.0,2.6923,6.7874,0.3967,True,,0.0,0.9376,0.953,0.975,3.89,1.0056,1.0529,14.86,-0.1811,0,True,False,False,False,TLKM,NO_INVESTIGATION,False,0,5,0.0,27.07,,telecom,27,10.87,68.375,9,0.3333333333333333,1,0.037037037037037035,0.37037037037037035,1,65.51,1.0,0.0,THIN,0.2469135802469136,0.0,24.69135802469136,False,,NO_ACTIVITY_CONTEXT,False,NO_INVESTIGATION,False,,,0,0,0,0,0,0,0.0,27.07,,
2026-08-21,2610.0,100.0,2.2989,6.5138,0.3529,True,,0.0,0.8103,0.8144,0.8031,4.25,1.0411,0.8286,50.0,0.0,0,True,False,False,False,TLKM,NO_INVESTIGATION,False,0,5,0.0,30.64,,telecom,27,0.0,22.455,3,0.1111111111111111,1,0.037037037037037035,0.5185185185185185,1,32.92,0.0,0.0,THIN,0.46090534979423864,0.0,46.090534979423865,False,,NO_ACTIVITY_CONTEXT,False,NO_INVESTIGATION,False,,,0,0,0,0,0,0,0.0,30.64,,
2026-08-24,2620.0,100.0,2.2989,6.3685,0.361,True,,0.0,0.544,0.5422,0.7513,0.0,0.7184,0.8791,64.72,0.0736,0,True,False,False,False,TLKM,NO_INVESTIGATION,False,0,5,0.0,31.47,,telecom,27,6.91,39.585,6,0.2222222222222222,0,0.0,0.4074074074074074,1,48.96,0.0,0.0,THIN,0.3168724279835391,0.0,31.68724279835391,False,,NO_ACTIVITY_CONTEXT,False,NO_INVESTIGATION,False,,,0,0,0,0,0,0,0.0,31.47,,
2026-08-26,2600.0,97.98,2.2989,6.2017,0.3707,True,,1.15,1.001,1.0014,1.0267,3.44,0.9376,1.0592,56.03,0.0301,0,True,False,False,False,TLKM,NO_INVESTIGATION,False,0,5,0.0,30.96,,telecom,27,50.01,74.195,14,0.5185185185185185,1,0.037037037037037035,0.07407407407407407,1,60.32,1.0,0.0,THIN,0.03566529492455418,0.0,3.5665294924554183,False,,NO_ACTIVITY_CONTEXT,False,NO_INVESTIGATION,False,,,0,0,0,0,0,0,0.0,30.96,,
2026-08-27,2610.0,86.91,3.4483,6.1303,0.5625,True,,63.26,1.3779,1.3898,1.7276,0.0,0.7653,0.9326,1.0,-0.292,3,True,True,True,True,TLKM,EMERGING,True,1,5,20.0,44.81,44.81,telecom,27,0.0,54.835,8,0.2962962962962963,2,0.07407407407407407,0.8148148148148148,1,0.0,0.0,1.0,THIN,0.5733882030178327,1.0,57.338820301783265,True,57.338820301783265,MIXED_CONTEXT,True,EMERGING,True,TLKM-20260827-01,2026-08-27,1,1,1,1,1,0,20.0,44.81,44.81,
2026-08-28,2570.0,84.68,3.4483,6.1186,0.5636,True,,0.0,0.9168,0.9242,0.9974,8.13,0.8948,1.1299,47.08,-0.0117,0,True,False,False,False,TLKM,WEAKENING,True,1,5,20.0,31.1,31.1,telecom,27,0.0,48.61,7,0.25925925925925924,2,0.07407407407407407,0.5185185185185185,1,9.06,0.0,0.0,THIN,0.38408779149519884,0.0,38.40877914951989,False,,NO_ACTIVITY_CONTEXT,False,WEAKENING,True,TLKM-20260827-01,2026-08-27,2,1,1,1,1,1,20.0,31.1,31.1,
2026-08-31,2600.0,75.75,3.4615,5.7561,0.6014,True,,70.0,2.3836,2.3947,0.95,79.4,2.5099,1.3225,51.61,0.008,2,True,True,True,True,TLKM,DEVELOPING,True,2,5,40.0,65.01,65.01,telecom,27,69.98,80.765,17,0.6296296296296297,4,0.14814814814814814,0.5925925925925926,1,0.0,0.0,1.0,THIN,0.21947873799725648,1.0,21.94787379972565,True,21.94787379972565,MARKET_WIDE_ACTIVITY,True,DEVELOPING,True,TLKM-20260827-01,2026-08-27,3,2,2,2,2,0,40.0,65.01,65.01,
2026-09-01,2610.0,82.37,3.0769,5.7561,0.5345,True,,1.58,0.9672,0.9648,1.0446,0.0,0.9262,0.7427,38.55,-0.0458,0,True,False,False,False,TLKM,WEAKENING,True,2,5,40.0,32.92,32.92,telecom,27,54.42,84.5,14,0.5185185185185185,2,0.07407407407407407,0.2222222222222222,1,54.42,1.0,0.0,THIN,0.10699588477366255,0.0,10.699588477366255,False,,NO_ACTIVITY_CONTEXT,False,WEAKENING,True,TLKM-20260827-01,2026-08-27,4,2,2,2,2,1,40.0,32.92,32.92,
2026-09-02,2590.0,69.25,3.0769,4.7842,0.6431,True,,40.67,1.2592,1.2705,1.3854,0.0,0.916,0.0,50.0,0.0,3,True,False,True,False,TLKM,WEAKENING,True,2,5,40.0,42.51,42.51,telecom,27,17.97,62.275000000000006,8,0.2962962962962963,0,0.0,0.7037037037037037,1,16.25,0.0,1.0,THIN,0.49519890260631005,1.0,49.51989026063101,True,49.51989026063101,MIXED_CONTEXT,True,DEVELOPING,True,TLKM-20260827-01,2026-08-27,5,2,3,3,2,0,60.0,46.51,46.51,
2026-09-03,2600.0,55.27,2.6923,3.4549,0.7793,True,,2.12,0.9224,0.9237,1.0596,5.8,0.8903,1.1075,58.15,0.0407,0,True,False,False,False,TLKM,WEAKENING,True,1,5,20.0,25.14,25.14,telecom,27,32.28,69.175,9,0.3333333333333333,1,0.037037037037037035,0.25925925925925924,1,0.0,0.0,1.0,THIN,0.17283950617283952,1.0,17.283950617283953,False,,NO_ACTIVITY_CONTEXT,False,WEAKENING,True,TLKM-20260827-01,2026-08-27,6,2,3,2,1,1,40.0,29.14,29.14,
2026-09-04,2610.0,55.12,2.6923,3.4483,0.7808,True,,2.77,1.0299,1.0297,0.7598,35.11,1.4022,0.7121,58.3,0.0415,0,True,False,False,False,TLKM,WEAKENING,True,1,5,20.0,29.71,29.71,telecom,27,0.0,24.19,5,0.18518518518518517,1,0.037037037037037035,0.5925925925925926,1,0.0,0.0,1.0,THIN,0.4828532235939643,1.0,48.28532235939643,False,,NO_ACTIVITY_CONTEXT,False,CLOSED,False,TLKM-20260827-01,2026-08-27,7,2,3,2,1,2,40.0,33.71,,TWO_UNSUPPORTED_SESSIONS
2026-09-07,2610.0,51.56,2.682,3.2626,0.822,True,,0.0,0.5094,0.5094,0.7261,11.98,0.7288,1.2085,58.15,0.0408,0,False,False,False,False,TLKM,NO_INVESTIGATION,False,0,5,0.0,20.5,,telecom,27,0.77,43.894999999999996,6,0.2222222222222222,2,0.07407407407407407,0.4444444444444444,1,0.0,0.0,1.0,THIN,0.345679012345679,1.0,34.5679012345679,False,,NO_ACTIVITY_CONTEXT,False,NO_INVESTIGATION,False,,,0,0,0,0,0,0,0.0,20.5,,
2026-09-08,2650.0,0.0,4.2146,3.0769,1.3697,True,,87.58,2.1445,2.1217,1.4576,54.14,1.544,1.201,55.96,0.0298,3,False,True,True,False,TLKM,NO_INVESTIGATION,False,0,5,0.0,39.99,,telecom,27,21.11,72.91999999999999,10,0.37037037037037035,1,0.037037037037037035,0.8888888888888888,1,0.0,0.0,1.0,THIN,0.5596707818930041,1.0,55.96707818930041,True,55.96707818930041,MIXED_CONTEXT,False,NO_INVESTIGATION,False,,,0,0,0,0,0,0,0.0,39.99,,
2026-09-09,2660.0,0.22,3.8314,3.0769,1.2452,True,,49.55,1.4705,1.443,0.8355,74.51,1.8284,1.3579,82.93,0.1862,2,False,False,True,False,TLKM,NO_INVESTIGATION,False,0,5,0.0,34.39,,telecom,27,51.62,75.14,14,0.5185185185185185,4,0.14814814814814814,0.48148148148148145,1,63.74,1.0,0.0,THIN,0.23182441700960219,0.0,23.18244170096022,True,23.18244170096022,MARKET_WIDE_ACTIVITY,False,NO_INVESTIGATION,False,,,0,0,0,0,0,0,0.0,34.39,,
2026-09-10,2630.0,7.65,3.4221,3.0769,1.1122,True,,7.36,1.0722,1.0599,1.0084,11.99,1.0901,1.0872,29.06,-0.0838,0,False,False,False,False,TLKM,NO_INVESTIGATION,False,0,5,0.0,8.82,,telecom,27,23.38,67.435,12,0.4444444444444444,2,0.07407407407407407,0.4074074074074074,1,85.47,1.0,0.0,THIN,0.22633744855967078,0.0,22.633744855967077,False,,NO_ACTIVITY_CONTEXT,False,NO_INVESTIGATION,False,,,0,0,0,0,0,0,0.0,8.82,,
2026-09-11,2600.0,7.59,3.4221,3.0769,1.1122,True,,7.49,1.0701,1.0721,0.9514,12.14,1.1365,0.6699,77.87,0.1525,0,False,False,False,False,TLKM,NO_INVESTIGATION,False,0,5,0.0,13.75,,telecom,27,18.62,50.334999999999994,7,0.25925925925925924,0,0.0,0.4074074074074074,1,18.62,0.0,0.0,THIN,0.3017832647462277,0.0,30.178326474622768,False,,NO_ACTIVITY_CONTEXT,False,NO_INVESTIGATION,False,,,0,0,0,0,0,0,0.0,13.75,,
2026-09-14,2690.0,1.1,3.7736,3.0769,1.2264,True,,64.41,1.7189,1.6936,1.0707,79.45,1.6085,1.5341,66.4,0.082,2,False,True,True,False,TLKM,NO_INVESTIGATION,False,0,5,0.0,38.16,,telecom,27,26.07,74.15,11,0.4074074074074074,0,0.0,0.6296296296296297,1,18.46,0.0,1.0,THIN,0.3731138545953361,1.0,37.31138545953361,True,37.31138545953361,MIXED_CONTEXT,False,NO_INVESTIGATION,False,,,0,0,0,0,0,0,0.0,38.16,,
2026-09-15,2700.0,0.0,4.8872,3.0769,1.5883,True,,72.66,1.7593,1.7004,1.1967,44.75,1.4608,1.0918,92.91,0.2528,2,False,True,True,False,TLKM,NO_INVESTIGATION,False,0,5,0.0,37.8,,telecom,27,0.0,11.379999999999999,4,0.14814814814814814,0,0.0,0.9259259259259259,1,0.0,0.0,1.0,THIN,0.7887517146776406,1.0,78.87517146776406,True,78.87517146776406,STOCK_SPECIFIC_ACTIVITY,False,NO_INVESTIGATION,False,,,0,0,0,0,0,0,0.0,37.8,,
2026-09-16,2660.0,0.0,4.8872,3.0769,1.5883,True,,0.0,0.8664,0.8467,0.8627,1.12,1.0156,0.767,26.55,-0.0938,0,False,False,False,False,TLKM,NO_INVESTIGATION,False,0,5,0.0,2.82,,telecom,27,0.0,19.835,2,0.07407407407407407,0,0.0,0.5185185185185185,1,0.0,0.0,1.0,THIN,0.4801097393689986,1.0,48.01097393689986,False,,NO_ACTIVITY_CONTEXT,False,NO_INVESTIGATION,False,,,0,0,0,0,0,0,0.0,2.82,,
2026-09-17,2590.0,0.0,4.8872,3.2495,1.504,True,,16.44,1.0507,1.0507,1.2912,0.0,0.8076,0.8757,0.0,-0.5205,1,False,False,False,False,TLKM,NO_INVESTIGATION,False,0,5,0.0,4.93,,telecom,27,0.0,8.625,3,0.1111111111111111,0,0.0,0.8148148148148148,1,0.0,0.0,1.0,THIN,0.7242798353909464,1.0,72.42798353909464,True,72.42798353909464,STOCK_SPECIFIC_ACTIVITY,False,NO_INVESTIGATION,False,,,0,0,0,0,0,0,0.0,4.93,,
2026-09-18,2560.0,0.0,7.5188,3.4221,2.1972,True,,94.68,2.3841,2.4429,1.694,47.33,1.4135,1.2991,14.47,-0.1842,3,False,True,True,False,TLKM,NO_INVESTIGATION,False,0,5,0.0,36.95,,telecom,27,48.09,72.95,12,0.4444444444444444,1,0.037037037037037035,0.9629629629629629,1,1.98,0.0,1.0,THIN,0.5349794238683128,1.0,53.49794238683128,True,53.49794238683128,MIXED_CONTEXT,False,NO_INVESTIGATION,False,,,0,0,0,0,0,0,0.0,36.95,,
2026-09-21,2500.0,0.0,8.4942,3.4352,2.4727,True,,21.25,0.8046,0.8397,1.5772,0.0,0.5144,0.7792,0.0,-0.6177,1,False,False,False,False,TLKM,NO_INVESTIGATION,False,0,5,0.0,6.38,,telecom,27,0.0,3.005,2,0.07407407407407407,0,0.0,0.8518518518518519,1,1.67,0.0,1.0,THIN,0.7887517146776406,1.0,78.87517146776406,True,78.87517146776406,STOCK_SPECIFIC_ACTIVITY,False,NO_INVESTIGATION,False,,,0,0,0,0,0,0,0.0,6.38,,
2026-09-22,2470.0,0.0,10.1562,3.4483,2.9453,True,,42.49,1.2037,1.2718,1.6339,0.0,0.7571,0.7786,13.0,-0.196,3,False,False,True,False,TLKM,NO_INVESTIGATION,False,0,5,0.0,14.05,,telecom,27,2.89,15.330000000000002,4,0.14814814814814814,0,0.0,0.8518518518518519,1,64.76,1.0,0.0,THIN,0.7256515775034293,0.0,72.56515775034293,True,72.56515775034293,STOCK_SPECIFIC_ACTIVITY,False,NO_INVESTIGATION,False,,,0,0,0,0,0,0,0.0,14.05,,
2026-09-23,2440.0,0.0,8.8,3.4549,2.5471,True,,69.99,1.4668,1.5697,1.7978,0.0,0.8307,0.7458,0.0,-0.3647,3,False,True,True,False,TLKM,NO_INVESTIGATION,False,0,5,0.0,21.0,,telecom,27,0.0,4.3549999999999995,2,0.07407407407407407,0,0.0,0.9629629629629629,1,15.39,0.0,1.0,THIN,0.8916323731138546,1.0,89.16323731138546,True,89.16323731138546,STOCK_SPECIFIC_ACTIVITY,False,NO_INVESTIGATION,False,,,0,0,0,0,0,0,0.0,21.0,,
2026-09-24,2410.0,0.0,8.9069,3.6176,2.4621,True,,25.33,1.0827,1.1678,1.441,0.0,0.8412,0.9911,0.0,-0.3072,1,False,False,False,False,TLKM,NO_INVESTIGATION,False,0,5,0.0,7.6,,telecom,27,0.0,0.0,2,0.07407407407407407,0,0.0,0.8888888888888888,1,0.0,0.0,1.0,THIN,0.8230452674897119,1.0,82.30452674897118,True,82.30452674897118,STOCK_SPECIFIC_ACTIVITY,False,NO_INVESTIGATION,False,,,0,0,0,0,0,0,0.0,7.6,,
2026-09-25,2410.0,0.0,6.9672,3.8025,1.8323,True,,57.75,1.6015,1.7343,1.2171,67.62,1.4731,1.7533,2.9,-0.2768,3,False,True,True,False,TLKM,NO_INVESTIGATION,False,0,5,0.0,27.76,,telecom,27,0.0,0.0,1,0.037037037037037035,0,0.0,1.0,1,0.0,0.0,1.0,THIN,0.962962962962963,1.0,96.2962962962963,True,96.2962962962963,STOCK_SPECIFIC_ACTIVITY,False,NO_INVESTIGATION,False,,,0,0,0,0,0,0,0.0,27.76,,
2026-09-28,2370.0,0.0,7.8838,4.023,1.9597,True,,24.59,1.1422,1.2114,1.3452,0.0,0.9087,0.9355,0.0,-0.3882,2,False,False,True,False,TLKM,NO_INVESTIGATION,False,0,5,0.0,7.38,,telecom,27,0.0,4.0649999999999995,1,0.037037037037037035,0,0.0,0.9259259259259259,1,0.0,0.0,1.0,THIN,0.8916323731138547,1.0,89.16323731138547,True,89.16323731138547,STOCK_SPECIFIC_ACTIVITY,False,NO_INVESTIGATION,False,,,0,0,0,0,0,0,0.0,7.38,,
2026-09-29,2370.0,0.0,7.0539,4.5509,1.55,True,,83.74,1.9662,2.1006,1.5472,41.28,1.307,1.383,0.47,-0.2962,3,False,True,True,False,TLKM,NO_INVESTIGATION,False,0,5,0.0,31.36,,telecom,27,13.22,41.695,3,0.1111111111111111,0,0.0,0.9629629629629629,1,0.0,0.0,1.0,THIN,0.8559670781893003,1.0,85.59670781893003,True,85.59670781893003,STOCK_SPECIFIC_ACTIVITY,False,NO_INVESTIGATION,False,,,0,0,0,0,0,0,0.0,31.36,,
2026-06-12,22500.0,21.6,12.3429,12.0971,1.0203,True,,7.79,1.0876,1.0961,0.9017,49.89,1.2505,1.3627,61.73,0.0586,0,False,False,False,False,UNTR,NO_INVESTIGATION,False,0,5,0.0,21.39,,industrials,27,7.79,25.415,4,0.14814814814814814,0,0.0,0.5185185185185185,1,26.44,0.0,0.0,THIN,0.44170096021947874,0.0,44.17009602194788,False,,NO_ACTIVITY_CONTEXT,False,NO_INVESTIGATION,False,,,0,0,0,0,0,0,0.0,21.39,,
2026-06-15,22750.0,2.79,14.4318,12.1247,1.1903,True,,11.17,1.1081,1.0624,1.0976,4.9,1.0564,0.8486,12.82,-0.1975,0,False,False,False,False,UNTR,NO_INVESTIGATION,False,0,5,0.0,6.07,,industrials,27,42.94,64.585,13,0.48148148148148145,0,0.0,0.25925925925925924,1,27.45,0.0,0.0,THIN,0.13443072702331962,0.0,13.443072702331962,False,,NO_ACTIVITY_CONTEXT,False,NO_INVESTIGATION,False,,,0,0,0,0,0,0,0.0,6.07,,
2026-06-17,23000.0,64.3,9.3333,12.1853,0.766,True,,0.0,0.54,0.5245,0.6949,30.17,0.8268,1.568,31.77,-0.0729,0,True,False,False,False,UNTR,NO_INVESTIGATION,False,0,5,0.0,23.78,,industrials,27,0.0,18.119999999999997,4,0.14814814814814814,0,0.0,0.5185185185185185,1,6.6,0.0,0.0,THIN,0.44170096021947874,0.0,44.17009602194788,False,,NO_ACTIVITY_CONTEXT,False,NO_INVESTIGATION,False,,,0,0,0,0,0,0,0.0,23.78,,
2026-06-18,22800.0,63.85,9.2308,12.1749,0.7582,True,,36.9,1.4129,1.3869,0.9582,75.77,1.569,1.5409,20.98,-0.1321,2,True,False,True,False,UNTR,NO_INVESTIGATION,False,0,5,0.0,40.5,,industrials,27,0.0,2.745,1,0.037037037037037035,0,0.0,0.9259259259259259,1,0.0,0.0,1.0,THIN,0.8916323731138547,1.0,89.16323731138547,True,89.16323731138547,STOCK_SPECIFIC_ACTIVITY,True,NO_INVESTIGATION,False,,,0,0,0,0,0,0,0.0,40.5,,
2026-06-19,22675.0,95.91,6.1538,12.0971,0.5087,True,,70.0,3.227,3.2214,0.561,60.0,6.2562,0.9537,42.05,-0.0318,2,True,True,True,True,UNTR,EMERGING,True,1,5,20.0,62.18,62.18,industrials,27,66.7,70.0,17,0.6296296296296297,6,0.2222222222222222,0.8518518518518519,1,70.0,1.0,1.0,THIN,0.31550068587105623,0.0,31.550068587105624,True,31.550068587105624,MARKET_WIDE_ACTIVITY,True,EMERGING,True,UNTR-20260619-01,2026-06-19,1,1,1,1,1,0,20.0,62.18,62.18,
2026-06-22,22325.0,100.0,4.2857,11.8922,0.3604,True,,0.16,1.0033,0.9931,0.8965,46.21,1.2331,1.4809,14.29,-0.1857,0,True,False,False,False,UNTR,WEAKENING,True,1,5,20.0,37.41,37.41,industrials,27,0.0,14.54,1,0.037037037037037035,0,0.0,0.6666666666666666,1,0.0,0.0,1.0,THIN,0.6419753086419753,1.0,64.19753086419753,False,,NO_ACTIVITY_CONTEXT,False,WEAKENING,True,UNTR-20260619-01,2026-06-19,2,1,1,1,1,1,20.0,37.41,37.41,
2026-06-23,22500.0,100.0,4.1896,11.8922,0.3523,True,,0.0,0.6708,0.6728,0.5328,71.4,1.3971,2.0168,41.93,-0.0323,0,True,False,False,False,UNTR,WEAKENING,True,1,5,20.0,43.9,43.9,industrials,27,0.0,0.0,1,0.037037037037037035,0,0.0,0.8148148148148148,1,0.0,0.0,1.0,THIN,0.7846364883401921,1.0,78.46364883401921,False,,NO_ACTIVITY_CONTEXT,False,CLOSED,False,UNTR-20260619-01,2026-06-19,3,1,1,1,1,2,20.0,43.9,,TWO_UNSUPPORTED_SESSIONS
2026-06-24,22000.0,97.22,5.6667,11.8922,0.4765,True,,0.0,0.716,0.7249,0.7147,17.34,1.0873,1.2458,34.63,-0.0615,0,True,False,False,False,UNTR,WEAKENING,True,1,5,20.0,34.37,34.37,industrials,27,0.0,10.780000000000001,1,0.037037037037037035,0,0.0,0.6296296296296297,1,0.0,0.0,1.0,THIN,0.6063100137174212,1.0,60.63100137174212,False,,NO_ACTIVITY_CONTEXT,False,NO_INVESTIGATION,False,,,0,0,0,0,0,0,0.0,30.37,,
2026-06-25,22500.0,92.42,5.7778,10.9097,0.5296,True,,17.43,1.1904,1.1959,0.8618,34.74,1.424,1.0173,54.59,0.0229,0,True,False,False,False,UNTR,WEAKENING,True,1,5,20.0,43.0,43.0,industrials,27,0.0,12.219999999999999,5,0.18518518518518517,1,0.037037037037037035,0.7777777777777778,1,6.5,0.0,1.0,THIN,0.6337448559670783,1.0,63.37448559670783,False,,NO_ACTIVITY_CONTEXT,False,NO_INVESTIGATION,False,,,0,0,0,0,0,0,0.0,39.0,,
2026-06-26,22600.0,91.81,4.8889,10.086,0.4847,True,,2.44,1.0288,1.0299,0.8867,30.01,1.1961,1.3118,47.09,-0.0117,0,True,False,False,False,UNTR,NO_INVESTIGATION,False,0,5,0.0,32.9,,industrials,27,0.0,0.0,1,0.037037037037037035,0,0.0,0.8518518518518519,1,0.0,0.0,1.0,THIN,0.8203017832647462,1.0,82.03017832647463,False,,NO_ACTIVITY_CONTEXT,False,NO_INVESTIGATION,False,,,0,0,0,0,0,0,0.0,32.9,,
2026-06-29,22575.0,92.43,4.1111,9.9142,0.4147,True,,0.0,0.5294,0.5335,0.6373,25.24,0.8734,1.5214,55.85,0.0293,0,True,False,False,False,UNTR,NO_INVESTIGATION,False,0,5,0.0,32.48,,industrials,27,0.0,0.0,1,0.037037037037037035,0,0.0,0.9629629629629629,1,0.0,0.0,1.0,THIN,0.9272976680384087,1.0,92.72976680384087,False,,NO_ACTIVITY_CONTEXT,False,NO_INVESTIGATION,False,,,0,0,0,0,0,0,0.0,32.48,,
2026-06-30,23000.0,87.37,4.9834,9.9142,0.5027,True,,2.22,1.0211,1.0355,0.8212,54.29,1.3319,1.5698,25.05,-0.0998,0,True,False,False,False,UNTR,NO_INVESTIGATION,False,0,5,0.0,33.16,,industrials,27,0.0,25.9,2,0.07407407407407407,0,0.0,0.6666666666666666,1,0.0,0.0,1.0,THIN,0.6172839506172839,1.0,61.72839506172839,False,,NO_ACTIVITY_CONTEXT,False,NO_INVESTIGATION,False,,,0,0,0,0,0,0,0.0,33.16,,
2026-07-01,22025.0,84.71,4.9834,9.6952,0.514,True,,0.0,0.568,0.5815,0.7368,15.68,0.8603,1.3466,23.99,-0.1081,0,True,False,False,False,UNTR,NO_INVESTIGATION,False,0,5,0.0,25.93,,industrials,27,0.0,0.0,1,0.037037037037037035,0,0.0,0.8518518518518519,1,0.0,0.0,1.0,THIN,0.8203017832647462,1.0,82.03017832647463,False,,NO_ACTIVITY_CONTEXT,False,NO_INVESTIGATION,False,,,0,0,0,0,0,0,0.0,25.93,,
2026-07-02,22800.0,83.59,4.8673,9.2821,0.5244,True,,0.0,0.5883,0.58,0.7076,22.59,0.9471,1.4881,91.51,0.2434,0,True,False,False,False,UNTR,NO_INVESTIGATION,False,0,5,0.0,33.44,,industrials,27,0.0,0.0,1,0.037037037037037035,0,0.0,0.8888888888888888,1,0.0,0.0,1.0,THIN,0.8559670781893004,1.0,85.59670781893004,False,,NO_ACTIVITY_CONTEXT,False,NO_INVESTIGATION,False,,,0,0,0,0,0,0,0.0,33.44,,
2026-07-03,24000.0,1.2,10.1974,7.6923,1.3257,True,,4.17,0.8954,0.8274,1.1206,13.26,0.8975,1.2971,50.8,0.004,0,False,False,False,False,UNTR,NO_INVESTIGATION,False,0,5,0.0,8.62,,industrials,27,0.0,0.0,1,0.037037037037037035,0,0.0,0.8518518518518519,1,0.0,0.0,1.0,THIN,0.8203017832647462,1.0,82.03017832647463,False,,NO_ACTIVITY_CONTEXT,False,NO_INVESTIGATION,False,,,0,0,0,0,0,0,0.0,8.62,,
2026-07-06,23800.0,1.27,10.1087,7.6923,1.3141,True,,0.0,0.4606,0.412,0.7518,9.26,0.6877,1.2046,10.4,-0.2168,0,False,False,False,False,UNTR,NO_INVESTIGATION,False,0,5,0.0,2.75,,industrials,27,0.0,0.0,0,0.0,0,0.0,0.8148148148148148,1,0.0,0.0,1.0,THIN,0.8148148148148148,1.0,81.48148148148148,False,,NO_ACTIVITY_CONTEXT,False,NO_INVESTIGATION,False,,,0,0,0,0,0,0,0.0,2.75,,
2026-07-07,24000.0,2.07,9.6639,7.6923,1.2563,True,,0.0,0.6534,0.5818,0.7892,0.0,0.9479,0.7491,25.02,-0.0999,0,False,False,False,False,UNTR,NO_INVESTIGATION,False,0,5,0.0,3.02,,industrials,27,0.0,6.77,1,0.037037037037037035,1,0.037037037037037035,0.7037037037037037,1,0.0,0.0,1.0,THIN,0.6776406035665296,1.0,67.76406035665296,False,,NO_ACTIVITY_CONTEXT,False,NO_INVESTIGATION,False,,,0,0,0,0,0,0,0.0,3.02,,
2026-07-08,24300.0,0.15,10.5208,7.6923,1.3677,True,,0.0,0.6824,0.6354,0.8575,0.0,0.9371,0.7582,70.27,0.1018,0,False,False,False,False,UNTR,NO_INVESTIGATION,False,0,5,0.0,7.06,,industrials,27,0.0,0.02,0,0.0,0,0.0,0.7407407407407407,1,0.0,0.0,1.0,THIN,0.7407407407407407,1.0,74.07407407407408,False,,NO_ACTIVITY_CONTEXT,False,NO_INVESTIGATION,False,,,0,0,0,0,0,0,0.0,7.06,,
2026-07-09,24050.0,31.99,7.2917,7.6923,0.9479,True,,0.0,0.6585,0.6214,0.7677,0.0,0.9987,0.9025,35.67,-0.0573,0,False,False,False,False,UNTR,NO_INVESTIGATION,False,0,5,0.0,11.56,,industrials,27,0.0,0.0,0,0.0,0,0.0,0.8148148148148148,1,0.0,0.0,1.0,THIN,0.8148148148148148,1.0,81.48148148148148,False,,NO_ACTIVITY_CONTEXT,False,NO_INVESTIGATION,False,,,0,0,0,0,0,0,0.0,11.56,,
2026-07-10,24500.0,73.18,4.158,6.7228,0.6185,True,,8.7,0.9272,0.834,1.2433,0.0,0.8335,0.6995,100.0,0.3302,1,True,False,False,False,UNTR,NO_INVESTIGATION,False,0,5,0.0,30.91,,industrials,27,0.0,0.0,0,0.0,0,0.0,0.8888888888888888,1,0.0,0.0,1.0,THIN,0.8888888888888888,1.0,88.88888888888889,True,88.88888888888889,STOCK_SPECIFIC_ACTIVITY,True,NO_INVESTIGATION,False,,,0,0,0,0,0,0,0.0,30.91,,
2026-07-13,25900.0,0.0,8.9506,5.9658,1.5003,True,,45.18,1.5824,1.4246,1.173,32.91,1.4232,0.8136,96.56,0.2771,2,False,False,True,False,UNTR,NO_INVESTIGATION,False,0,5,0.0,28.15,,industrials,27,0.0,0.0,2,0.07407407407407407,0,0.0,0.9259259259259259,1,0.0,0.0,1.0,THIN,0.8573388203017833,1.0,85.73388203017834,True,85.73388203017834,STOCK_SPECIFIC_ACTIVITY,False,NO_INVESTIGATION,False,,,0,0,0,0,0,0,0.0,28.15,,
2026-07-14,27500.0,0.0,15.6122,5.9658,2.617,True,,59.81,1.5905,1.3516,1.6468,1.95,1.0189,1.0123,58.16,0.0408,3,False,True,True,False,UNTR,NO_INVESTIGATION,False,0,5,0.0,24.05,,industrials,27,4.74,24.61,6,0.2222222222222222,0,0.0,0.8148148148148148,1,10.85,0.0,1.0,THIN,0.6337448559670782,1.0,63.37448559670782,True,63.37448559670782,MIXED_CONTEXT,False,NO_INVESTIGATION,False,,,0,0,0,0,0,0,0.0,24.05,,
2026-07-15,27400.0,0.0,14.7683,5.9658,2.4755,True,,3.84,1.0396,0.8642,1.0586,2.14,1.0293,0.8852,39.86,-0.0406,0,False,False,False,False,UNTR,NO_INVESTIGATION,False,0,5,0.0,5.46,,industrials,27,3.06,20.625,3,0.1111111111111111,2,0.07407407407407407,0.5555555555555556,1,1.8,0.0,1.0,THIN,0.49382716049382713,1.0,49.382716049382715,False,,NO_ACTIVITY_CONTEXT,False,NO_INVESTIGATION,False,,,0,0,0,0,0,0,0.0,5.46,,
2026-07-16,26925.0,0.0,13.0919,5.9658,2.1945,True,,59.53,1.634,1.4086,1.4724,18.29,1.1386,1.1511,28.47,-0.0861,3,False,True,True,False,UNTR,NO_INVESTIGATION,False,0,5,0.0,23.45,,industrials,27,2.62,37.715,5,0.18518518518518517,2,0.07407407407407407,0.8888888888888888,1,68.21,1.0,0.0,THIN,0.7242798353909465,0.0,72.42798353909465,True,72.42798353909465,STOCK_SPECIFIC_ACTIVITY,False,NO_INVESTIGATION,False,,,0,0,0,0,0,0,0.0,23.45,,
2026-07-17,26550.0,0.0,11.4206,5.9658,1.9143,True,,1.02,1.0095,0.8769,1.0161,1.55,1.0193,0.7999,12.08,-0.2033,0,False,False,False,False,UNTR,NO_INVESTIGATION,False,0,5,0.0,1.75,,industrials,27,10.93,54.2,8,0.2962962962962963,2,0.07407407407407407,0.37037037037037035,1,41.93,0.0,0.0,THIN,0.2606310013717421,0.0,26.06310013717421,False,,NO_ACTIVITY_CONTEXT,False,NO_INVESTIGATION,False,,,0,0,0,0,0,0,0.0,1.75,,
2026-07-20,26200.0,7.53,7.6137,6.5347,1.1651,True,,57.33,1.5981,1.5118,1.2899,22.07,1.2428,0.8725,46.15,-0.0154,3,False,True,True,False,UNTR,NO_INVESTIGATION,False,0,5,0.0,27.01,,industrials,27,31.73,51.675,7,0.25925925925925924,2,0.07407407407407407,0.8518518518518519,1,44.63,0.0,1.0,THIN,0.6310013717421125,1.0,63.10013717421125,True,63.10013717421125,MIXED_CONTEXT,False,NO_INVESTIGATION,False,,,0,0,0,0,0,0,0.0,27.01,,
2026-07-21,26100.0,49.64,6.1205,7.4527,0.8212,True,,20.33,1.2058,1.1478,1.1552,3.91,1.047,0.6604,18.91,-0.1487,1,False,False,False,False,UNTR,NO_INVESTIGATION,False,0,5,0.0,20.99,,industrials,27,21.74,66.245,9,0.3333333333333333,5,0.18518518518518517,0.48148148148148145,1,0.0,0.0,1.0,THIN,0.3209876543209877,1.0,32.098765432098766,True,32.098765432098766,MIXED_CONTEXT,True,NO_INVESTIGATION,False,,,0,0,0,0,0,0,0.0,20.99,,
2026-07-22,25550.0,35.62,6.8702,7.4527,0.9218,True,,5.48,1.0869,1.0225,1.0208,3.5,1.0391,0.8157,17.16,-0.1627,0,False,False,False,False,UNTR,NO_INVESTIGATION,False,0,5,0.0,12.79,,industrials,27,44.55,85.55000000000001,13,0.48148148148148145,3,0.1111111111111111,0.2222222222222222,1,97.23,1.0,0.0,THIN,0.11522633744855969,0.0,11.522633744855968,False,,NO_ACTIVITY_CONTEXT,False,NO_INVESTIGATION,False,,,0,0,0,0,0,0,0.0,12.79,,
2026-07-23,25500.0,38.72,6.705,7.4527,0.8997,True,,14.47,1.1871,1.1898,0.9163,31.25,1.2861,1.0598,18.05,-0.1556,0,False,False,False,False,UNTR,NO_INVESTIGATION,False,0,5,0.0,20.51,,industrials,27,50.68,81.85,14,0.5185185185185185,2,0.07407407407407407,0.2962962962962963,1,37.72,0.0,0.0,THIN,0.14266117969821673,0.0,14.266117969821673,False,,NO_ACTIVITY_CONTEXT,False,NO_INVESTIGATION,False,,,0,0,0,0,0,0,0.0,20.51,,
2026-07-24,25500.0,54.12,5.8708,7.4527,0.7877,True,,0.0,0.9699,0.9801,0.6209,65.31,1.5997,1.3167,32.47,-0.0701,0,False,False,False,False,UNTR,NO_INVESTIGATION,False,0,5,0.0,26.57,,industrials,27,11.43,44.915,6,0.2222222222222222,1,0.037037037037037035,0.2962962962962963,1,49.15,0.0,0.0,THIN,0.23045267489711932,0.0,23.045267489711932,False,,NO_ACTIVITY_CONTEXT,False,NO_INVESTIGATION,False,,,0,0,0,0,0,0,0.0,26.57,,
2026-07-27,25400.0,61.74,5.3922,7.4527,0.7235,True,,0.0,0.7911,0.7988,0.665,39.13,1.2137,1.3686,56.26,0.0313,0,True,False,False,False,UNTR,NO_INVESTIGATION,False,0,5,0.0,26.93,,industrials,27,0.0,14.01,1,0.037037037037037035,0,0.0,0.5925925925925926,1,0.0,0.0,1.0,THIN,0.5706447187928669,1.0,57.06447187928669,False,,NO_ACTIVITY_CONTEXT,False,NO_INVESTIGATION,False,,,0,0,0,0,0,0,0.0,26.93,,
2026-07-28,25000.0,74.23,4.6078,7.4527,0.6183,True,,0.0,0.9073,0.9206,0.8261,25.4,1.1053,1.3371,52.64,0.0132,0,True,False,False,False,UNTR,NO_INVESTIGATION,False,0,5,0.0,27.63,,industrials,27,0.0,4.82,1,0.037037037037037035,1,0.037037037037037035,0.6296296296296297,1,0.0,0.0,1.0,THIN,0.6063100137174212,1.0,60.63100137174212,False,,NO_ACTIVITY_CONTEXT,False,NO_INVESTIGATION,False,,,0,0,0,0,0,0,0.0,27.63,,
2026-07-29,24500.0,40.85,6.5945,7.4527,0.8848,True,,31.02,1.3035,1.3851,0.9499,60.45,1.3927,1.4597,36.43,-0.0543,2,False,False,True,False,UNTR,NO_INVESTIGATION,False,0,5,0.0,32.23,,industrials,27,2.68,28.005,3,0.1111111111111111,1,0.037037037037037035,0.7777777777777778,1,0.0,0.0,1.0,THIN,0.691358024691358,1.0,69.1358024691358,True,69.1358024691358,STOCK_SPECIFIC_ACTIVITY,True,NO_INVESTIGATION,False,,,0,0,0,0,0,0,0.0,32.23,,
2026-07-30,24250.0,4.5,9.0,7.4527,1.2076,True,,93.33,2.4267,2.6044,1.621,54.07,1.5061,1.2137,58.99,0.045,3,False,True,True,False,UNTR,NO_INVESTIGATION,False,0,5,0.0,43.13,,industrials,27,0.45,16.86,2,0.07407407407407407,0,0.0,0.9629629629629629,1,0.0,0.0,1.0,THIN,0.8916323731138546,1.0,89.16323731138546,True,89.16323731138546,STOCK_SPECIFIC_ACTIVITY,False,NO_INVESTIGATION,False,,,0,0,0,0,0,0,0.0,43.13,,
2026-07-31,23950.0,10.2,9.1837,8.2822,1.1088,True,,59.2,1.6978,1.8115,1.068,52.96,1.6217,1.1079,7.33,-0.2414,2,False,True,True,False,UNTR,NO_INVESTIGATION,False,0,5,0.0,28.99,,industrials,27,9.39,62.57,8,0.2962962962962963,3,0.1111111111111111,0.7407407407407407,1,9.14,0.0,1.0,THIN,0.5212620027434842,1.0,52.12620027434842,True,52.12620027434842,MIXED_CONTEXT,False,NO_INVESTIGATION,False,,,0,0,0,0,0,0,0.0,28.99,,
2026-08-03,23800.0,20.06,8.5567,8.2822,1.0331,True,,13.11,1.1306,1.2104,0.7997,32.16,1.3881,0.8631,23.84,-0.1092,1,False,False,False,False,UNTR,NO_INVESTIGATION,False,0,5,0.0,16.16,,industrials,27,13.11,61.47,9,0.3333333333333333,1,0.037037037037037035,0.5185185185185185,1,0.0,0.0,1.0,THIN,0.34567901234567905,1.0,34.567901234567906,True,34.567901234567906,MIXED_CONTEXT,False,NO_INVESTIGATION,False,,,0,0,0,0,0,0,0.0,16.16,,
2026-08-04,24000.0,45.68,6.9792,8.0852,0.8632,True,,14.04,0.9661,1.0454,1.3131,0.0,0.7506,0.987,44.61,-0.0216,1,False,False,False,False,UNTR,NO_INVESTIGATION,False,0,5,0.0,20.09,,industrials,27,10.55,26.145000000000003,5,0.18518518518518517,0,0.0,0.5925925925925926,1,0.0,0.0,1.0,THIN,0.4828532235939643,1.0,48.28532235939643,True,48.28532235939643,MIXED_CONTEXT,True,NO_INVESTIGATION,False,,,0,0,0,0,0,0,0.0,20.09,,
2026-08-05,23800.0,51.62,6.1587,7.4527,0.8264,True,,13.57,1.1437,1.1959,0.8167,42.42,1.3898,1.1803,0.0,-0.3367,0,False,False,False,False,UNTR,NO_INVESTIGATION,False,0,5,0.0,23.34,,industrials,27,40.75,82.745,12,0.4444444444444444,1,0.037037037037037035,0.3333333333333333,1,12.19,0.0,1.0,THIN,0.18518518518518517,1.0,18.51851851851852,False,,NO_ACTIVITY_CONTEXT,False,NO_INVESTIGATION,False,,,0,0,0,0,0,0,0.0,23.34,,
2026-08-06,23800.0,61.67,5.3571,7.1354,0.7508,True,,0.0,0.7904,0.839,0.6448,22.89,1.2169,1.1243,0.0,-0.3111,0,True,False,False,False,UNTR,NO_INVESTIGATION,False,0,5,0.0,18.85,,industrials,27,18.02,56.93,10,0.37037037037037035,0,0.0,0.3333333333333333,1,21.33,0.0,0.0,THIN,0.20987654320987653,0.0,20.98765432098765,False,,NO_ACTIVITY_CONTEXT,False,NO_INVESTIGATION,False,,,0,0,0,0,0,0,0.0,18.85,,
2026-08-07,23675.0,58.39,5.3571,6.9247,0.7736,True,,0.0,0.6839,0.7277,0.9848,15.41,0.6601,1.2961,0.0,-0.3746,0,True,False,False,False,UNTR,NO_INVESTIGATION,False,0,5,0.0,16.91,,industrials,27,0.0,28.735,4,0.14814814814814814,0,0.0,0.5185185185185185,1,0.0,0.0,1.0,THIN,0.44170096021947874,1.0,44.17009602194788,False,,NO_ACTIVITY_CONTEXT,False,NO_INVESTIGATION,False,,,0,0,0,0,0,0,0.0,16.91,,
2026-08-10,24050.0,92.33,3.4664,6.9247,0.5006,True,,7.13,0.9924,1.0437,1.1553,0.0,0.8339,0.904,33.1,-0.0676,0,True,False,False,False,UNTR,NO_INVESTIGATION,False,0,5,0.0,28.53,,industrials,27,12.47,68.595,8,0.2962962962962963,3,0.1111111111111111,0.4444444444444444,1,74.59,1.0,0.0,THIN,0.3127572016460905,0.0,31.27572016460905,False,,NO_ACTIVITY_CONTEXT,False,NO_INVESTIGATION,False,,,0,0,0,0,0,0,0.0,28.53,,
2026-08-11,23625.0,92.0,3.4664,6.7876,0.5107,True,,0.0,0.7255,0.7656,0.8261,0.0,0.8856,0.9228,21.11,-0.1311,0,True,False,False,False,UNTR,NO_INVESTIGATION,False,0,5,0.0,25.11,,industrials,27,2.88,13.344999999999999,2,0.07407407407407407,0,0.0,0.37037037037037035,1,17.41,0.0,0.0,THIN,0.34293552812071326,0.0,34.293552812071326,False,,NO_ACTIVITY_CONTEXT,False,NO_INVESTIGATION,False,,,0,0,0,0,0,0,0.0,25.11,,
2026-08-12,23300.0,61.28,5.0686,6.6497,0.7622,True,,10.94,0.996,1.056,1.2339,0.0,0.7928,0.9724,3.73,-0.2702,1,True,False,False,False,UNTR,NO_INVESTIGATION,False,0,5,0.0,18.98,,industrials,27,0.0,9.42,1,0.037037037037037035,0,0.0,0.7777777777777778,1,33.27,0.0,0.0,THIN,0.7489711934156379,0.0,74.8971193415638,True,74.8971193415638,STOCK_SPECIFIC_ACTIVITY,True,NO_INVESTIGATION,False,,,0,0,0,0,0,0,0.0,18.98,,
2026-08-13,23075.0,38.84,5.8201,6.3766,0.9127,True,,6.51,0.7554,0.7985,1.1786,15.22,0.636,1.2687,0.0,-0.358,0,False,False,False,False,UNTR,NO_INVESTIGATION,False,0,5,0.0,13.95,,industrials,27,0.0,3.51,1,0.037037037037037035,0,0.0,0.8148148148148148,1,14.1,0.0,0.0,THIN,0.7846364883401921,0.0,78.46364883401921,False,,NO_ACTIVITY_CONTEXT,False,NO_INVESTIGATION,False,,,0,0,0,0,0,0,0.0,13.95,,
2026-08-14,23275.0,31.57,5.9013,6.1396,0.9612,True,,0.0,0.6161,0.6453,0.8453,15.74,0.7029,1.2968,12.83,-0.1973,0,False,False,False,False,UNTR,NO_INVESTIGATION,False,0,5,0.0,11.54,,industrials,27,0.0,1.06,2,0.07407407407407407,0,0.0,0.7037037037037037,1,1.82,0.0,0.0,THIN,0.6515775034293553,0.0,65.15775034293553,False,,NO_ACTIVITY_CONTEXT,False,NO_INVESTIGATION,False,,,0,0,0,0,0,0,0.0,11.54,,
2026-08-18,23325.0,69.86,4.3991,6.0109,0.7319,True,,3.57,0.9595,0.9877,1.0978,5.59,0.8502,1.1143,18.24,-0.1541,0,True,False,False,False,UNTR,NO_INVESTIGATION,False,0,5,0.0,21.2,,industrials,27,2.79,22.799999999999997,4,0.14814814814814814,1,0.037037037037037035,0.5555555555555556,1,24.31,0.0,0.0,THIN,0.4732510288065844,0.0,47.325102880658434,False,,NO_ACTIVITY_CONTEXT,False,NO_INVESTIGATION,False,,,0,0,0,0,0,0,0.0,21.2,,
2026-08-19,23575.0,74.43,4.0773,5.8861,0.6927,True,,0.0,0.4609,0.4677,0.5878,0.0,0.8036,0.5805,15.53,-0.1757,0,True,False,False,False,UNTR,NO_INVESTIGATION,False,0,5,0.0,20.16,,industrials,27,0.0,27.994999999999997,6,0.2222222222222222,0,0.0,0.5925925925925926,1,9.73,0.0,0.0,THIN,0.46090534979423864,0.0,46.090534979423865,False,,NO_ACTIVITY_CONTEXT,False,NO_INVESTIGATION,False,,,0,0,0,0,0,0,0.0,20.16,,
2026-08-20,23825.0,71.83,4.0729,5.8455,0.6968,True,,30.99,1.3162,1.3572,0.6756,58.78,2.0616,1.0308,9.42,-0.2246,2,True,False,True,False,UNTR,NO_INVESTIGATION,False,0,5,0.0,37.01,,industrials,27,10.87,68.375,9,0.3333333333333333,1,0.037037037037037035,0.6296296296296297,1,0.0,0.0,1.0,THIN,0.4197530864197532,1.0,41.97530864197532,True,41.97530864197532,MIXED_CONTEXT,True,NO_INVESTIGATION,False,,,0,0,0,0,0,0,0.0,37.01,,
2026-08-21,23900.0,67.22,4.0297,5.6061,0.7188,True,,0.0,0.9024,0.8974,0.8686,6.19,1.0961,0.8238,29.49,-0.082,0,True,False,False,False,UNTR,NO_INVESTIGATION,False,0,5,0.0,20.68,,industrials,27,0.0,22.455,3,0.1111111111111111,1,0.037037037037037035,0.5185185185185185,1,4.55,0.0,0.0,THIN,0.46090534979423864,0.0,46.090534979423865,False,,NO_ACTIVITY_CONTEXT,False,NO_INVESTIGATION,False,,,0,0,0,0,0,0,0.0,20.68,,
2026-08-24,24125.0,60.98,4.0923,5.3746,0.7614,True,,0.0,0.7817,0.7852,0.875,9.7,0.9545,1.185,78.88,0.1592,0,True,False,False,False,UNTR,NO_INVESTIGATION,False,0,5,0.0,24.59,,industrials,27,6.91,39.585,6,0.2222222222222222,0,0.0,0.4074074074074074,1,6.16,0.0,0.0,THIN,0.3168724279835391,0.0,31.68724279835391,False,,NO_ACTIVITY_CONTEXT,False,NO_INVESTIGATION,False,,,0,0,0,0,0,0,0.0,24.59,,
2026-08-26,23850.0,57.15,4.1929,5.3571,0.7827,True,,81.08,2.2094,2.1766,1.3144,68.18,1.846,1.3477,55.78,0.0289,3,True,True,True,True,UNTR,EMERGING,True,1,5,20.0,58.42,58.42,industrials,27,50.01,74.195,14,0.5185185185185185,1,0.037037037037037035,0.7777777777777778,1,8.9,0.0,1.0,THIN,0.37448559670781895,1.0,37.4485596707819,True,37.4485596707819,MARKET_WIDE_ACTIVITY,True,EMERGING,True,UNTR-20260826-02,2026-08-26,1,1,1,1,1,0,20.0,58.42,58.42,
2026-08-27,24475.0,72.89,3.4519,5.2129,0.6622,True,,0.0,0.4564,0.4482,0.7652,0.0,0.6574,0.6909,79.4,0.1627,0,True,False,False,False,UNTR,WEAKENING,True,1,5,20.0,30.16,30.16,industrials,27,0.0,54.835,8,0.2962962962962963,2,0.07407407407407407,0.5185185185185185,1,0.0,0.0,1.0,THIN,0.36488340192043894,1.0,36.48834019204389,False,,NO_ACTIVITY_CONTEXT,False,WEAKENING,True,UNTR-20260826-02,2026-08-26,2,1,1,1,1,1,20.0,30.16,30.16,
2026-08-28,24000.0,78.11,3.2292,5.2129,0.6195,True,,0.0,0.9512,0.9368,0.7336,33.03,1.4814,1.032,6.49,-0.2481,0,True,False,False,False,UNTR,WEAKENING,True,1,5,20.0,29.13,29.13,industrials,27,0.0,48.61,7,0.25925925925925924,2,0.07407407407407407,0.5185185185185185,1,14.43,0.0,0.0,THIN,0.38408779149519884,0.0,38.40877914951989,False,,NO_ACTIVITY_CONTEXT,False,CLOSED,False,UNTR-20260826-02,2026-08-26,3,1,1,1,1,2,20.0,29.13,,TWO_UNSUPPORTED_SESSIONS
2026-08-31,24200.0,72.6,3.1088,4.7339,0.6567,True,,70.78,2.9674,2.9334,1.0235,60.0,3.3861,0.5393,52.8,0.014,2,True,True,True,True,UNTR,DEVELOPING,True,2,5,40.0,61.66,61.66,industrials,27,69.98,80.765,17,0.6296296296296297,4,0.14814814814814814,0.6296296296296297,1,56.25,1.0,1.0,THIN,0.23319615912208505,0.0,23.319615912208505,True,23.319615912208505,MARKET_WIDE_ACTIVITY,True,EMERGING,True,UNTR-20260831-03,2026-08-31,1,1,1,1,1,0,20.0,57.66,57.66,
2026-09-01,25575.0,0.0,9.4008,4.296,2.1883,True,,95.36,2.0229,1.9135,2.1578,6.03,1.0949,0.9546,57.38,0.0369,3,False,True,True,False,UNTR,WEAKENING,True,2,5,40.0,43.25,43.25,industrials,27,54.42,84.5,14,0.5185185185185185,2,0.07407407407407407,0.8148148148148148,1,62.36,1.0,1.0,THIN,0.39231824417009603,0.0,39.231824417009605,True,39.231824417009605,MARKET_WIDE_ACTIVITY,False,WEAKENING,True,UNTR-20260831-03,2026-08-31,2,1,1,1,1,1,20.0,39.25,39.25,
2026-09-02,25050.0,0.0,9.2952,4.296,2.1637,True,,20.8,1.0913,1.0325,1.4356,0.0,0.8877,0.6963,16.86,-0.1651,1,False,False,False,False,UNTR,WEAKENING,True,1,5,20.0,11.93,11.93,industrials,27,17.97,62.275000000000006,8,0.2962962962962963,0,0.0,0.5555555555555556,1,5.22,0.0,1.0,THIN,0.3909465020576132,1.0,39.09465020576132,True,39.09465020576132,MIXED_CONTEXT,False,CLOSED,False,UNTR-20260831-03,2026-08-31,3,1,1,1,1,2,20.0,11.93,,TWO_UNSUPPORTED_SESSIONS
2026-09-03,25300.0,0.0,9.0818,4.296,2.114,True,,5.33,0.9592,0.9033,1.162,0.0,0.9924,0.7773,66.01,0.0801,0,False,False,False,False,UNTR,WEAKENING,True,1,5,20.0,12.2,12.2,industrials,27,32.28,69.175,9,0.3333333333333333,1,0.037037037037037035,0.3333333333333333,1,72.28,1.0,0.0,THIN,0.22222222222222224,0.0,22.222222222222225,False,,NO_ACTIVITY_CONTEXT,False,NO_INVESTIGATION,False,,,0,0,0,0,0,0,0.0,8.2,,
2026-09-04,24950.0,0.0,9.0818,4.296,2.114,True,,0.0,0.8968,0.8706,0.7754,24.88,1.3484,0.7933,73.76,0.1251,0,False,False,False,False,UNTR,WEAKENING,True,1,5,20.0,15.11,15.11,industrials,27,0.0,24.19,5,0.18518518518518517,1,0.037037037037037035,0.5185185185185185,1,13.39,0.0,0.0,THIN,0.4224965706447188,0.0,42.249657064471876,False,,NO_ACTIVITY_CONTEXT,False,NO_INVESTIGATION,False,,,0,0,0,0,0,0,0.0,11.11,,
2026-09-07,25300.0,0.0,7.3123,4.296,1.7021,True,,0.0,0.6795,0.656,0.6957,10.28,1.1092,1.0591,88.57,0.2238,0,False,False,False,False,UNTR,NO_INVESTIGATION,False,0,5,0.0,10.4,,industrials,27,0.77,43.894999999999996,6,0.2222222222222222,2,0.07407407407407407,0.4444444444444444,1,0.0,0.0,1.0,THIN,0.345679012345679,1.0,34.5679012345679,False,,NO_ACTIVITY_CONTEXT,False,NO_INVESTIGATION,False,,,0,0,0,0,0,0,0.0,10.4,,
2026-09-08,25875.0,33.39,4.0514,4.296,0.9431,True,,0.77,0.7008,0.6696,1.0235,6.01,0.7777,1.1267,100.0,0.3348,0,False,False,False,False,UNTR,NO_INVESTIGATION,False,0,5,0.0,19.48,,industrials,27,21.11,72.91999999999999,10,0.37037037037037035,1,0.037037037037037035,0.2962962962962963,1,0.0,0.0,1.0,THIN,0.18655692729766804,1.0,18.655692729766805,False,,NO_ACTIVITY_CONTEXT,False,NO_INVESTIGATION,False,,,0,0,0,0,0,0,0.0,19.48,,
2026-09-09,26000.0,8.64,4.6443,4.1426,1.1211,True,,57.44,1.6979,1.6114,1.1454,50.98,1.6835,1.0755,74.02,0.1268,2,False,True,True,False,UNTR,NO_INVESTIGATION,False,0,5,0.0,34.44,,industrials,27,51.62,75.14,14,0.5185185185185185,4,0.14814814814814814,0.6666666666666666,1,1.56,0.0,1.0,THIN,0.32098765432098764,1.0,32.098765432098766,True,32.098765432098766,MARKET_WIDE_ACTIVITY,False,NO_INVESTIGATION,False,,,0,0,0,0,0,0,0.0,34.44,,
2026-09-10,26375.0,0.0,7.8261,4.296,1.8217,True,,53.19,1.5608,1.4395,1.3753,19.97,1.2356,1.0809,73.95,0.1264,3,False,True,True,False,UNTR,NO_INVESTIGATION,False,0,5,0.0,26.35,,industrials,27,23.38,67.435,12,0.4444444444444444,2,0.07407407407407407,0.5925925925925926,1,0.0,0.0,1.0,THIN,0.3292181069958848,1.0,32.92181069958848,True,32.92181069958848,MIXED_CONTEXT,False,NO_INVESTIGATION,False,,,0,0,0,0,0,0,0.0,26.35,,
2026-09-11,26300.0,0.0,7.2115,4.5217,1.5949,True,,0.0,0.7724,0.7147,0.8748,0.0,0.9259,0.7004,68.53,0.0926,0,False,False,False,False,UNTR,NO_INVESTIGATION,False,0,5,0.0,6.85,,industrials,27,18.62,50.334999999999994,7,0.25925925925925924,0,0.0,0.2962962962962963,1,0.0,0.0,1.0,THIN,0.21947873799725648,1.0,21.94787379972565,False,,NO_ACTIVITY_CONTEXT,False,NO_INVESTIGATION,False,,,0,0,0,0,0,0,0.0,6.85,,
2026-09-14,26400.0,0.0,5.9886,4.5217,1.3244,True,,0.91,1.0218,0.9519,0.6519,41.01,1.6278,0.9463,75.15,0.1344,0,False,False,False,False,UNTR,NO_INVESTIGATION,False,0,5,0.0,13.94,,industrials,27,26.07,74.15,11,0.4074074074074074,0,0.0,0.25925925925925924,1,11.55,0.0,0.0,THIN,0.15363511659807955,0.0,15.363511659807955,False,,NO_ACTIVITY_CONTEXT,False,NO_INVESTIGATION,False,,,0,0,0,0,0,0,0.0,13.94,,
2026-09-15,26100.0,1.23,5.7034,4.5217,1.2613,True,,2.23,0.8778,0.8379,1.065,5.69,0.8944,1.1167,51.88,0.0094,0,False,False,False,False,UNTR,NO_INVESTIGATION,False,0,5,0.0,7.02,,industrials,27,0.0,11.379999999999999,4,0.14814814814814814,0,0.0,0.6666666666666666,1,0.0,0.0,1.0,THIN,0.5679012345679012,1.0,56.79012345679012,False,,NO_ACTIVITY_CONTEXT,False,NO_INVESTIGATION,False,,,0,0,0,0,0,0,0.0,7.02,,
2026-09-16,26075.0,51.01,3.7072,4.5217,0.8199,True,,0.0,0.9679,0.9272,0.8196,19.82,1.2693,0.7662,63.93,0.0696,0,False,False,False,False,UNTR,NO_INVESTIGATION,False,0,5,0.0,22.12,,industrials,27,0.0,19.835,2,0.07407407407407407,0,0.0,0.5185185185185185,1,0.28,0.0,0.0,THIN,0.4801097393689986,0.0,48.01097393689986,False,,NO_ACTIVITY_CONTEXT,False,NO_INVESTIGATION,False,,,0,0,0,0,0,0,0.0,22.12,,
2026-09-17,25700.0,31.39,4.2146,4.4186,0.9538,True,,2.61,0.8726,0.8562,1.0688,0.0,0.8694,0.9598,30.43,-0.0783,0,False,False,False,False,UNTR,NO_INVESTIGATION,False,0,5,0.0,11.67,,industrials,27,0.0,8.625,3,0.1111111111111111,0,0.0,0.7037037037037037,1,0.0,0.0,1.0,THIN,0.625514403292181,1.0,62.5514403292181,False,,NO_ACTIVITY_CONTEXT,False,NO_INVESTIGATION,False,,,0,0,0,0,0,0,0.0,11.67,,
2026-09-18,24825.0,0.0,7.5743,4.4294,1.71,True,,75.9,2.128,2.1508,1.1708,64.36,1.8641,1.1836,51.12,0.0056,2,False,True,True,False,UNTR,NO_INVESTIGATION,False,0,5,0.0,37.54,,industrials,27,48.09,72.95,12,0.4444444444444444,1,0.037037037037037035,0.7777777777777778,1,47.69,0.0,1.0,THIN,0.4320987654320988,1.0,43.20987654320988,True,43.20987654320988,MIXED_CONTEXT,False,NO_INVESTIGATION,False,,,0,0,0,0,0,0,0.0,37.54,,
2026-09-21,24700.0,0.0,7.393,5.1738,1.4289,True,,0.0,0.7753,0.7925,0.9101,0.0,0.8271,0.6722,36.15,-0.0554,0,False,False,False,False,UNTR,NO_INVESTIGATION,False,0,5,0.0,3.62,,industrials,27,0.0,3.005,2,0.07407407407407407,0,0.0,0.7037037037037037,1,0.0,0.0,1.0,THIN,0.6515775034293553,1.0,65.15775034293553,False,,NO_ACTIVITY_CONTEXT,False,NO_INVESTIGATION,False,,,0,0,0,0,0,0,0.0,3.62,,
2026-09-22,24325.0,0.0,8.3585,5.846,1.4298,True,,14.15,1.1201,1.19,1.0601,20.28,1.0846,1.286,53.58,0.0179,0,False,False,False,False,UNTR,NO_INVESTIGATION,False,0,5,0.0,12.65,,industrials,27,2.89,15.330000000000002,4,0.14814814814814814,0,0.0,0.7407407407407407,1,7.98,0.0,1.0,THIN,0.6310013717421125,1.0,63.10013717421125,False,,NO_ACTIVITY_CONTEXT,False,NO_INVESTIGATION,False,,,0,0,0,0,0,0,0.0,12.65,,
2026-09-23,24400.0,0.81,8.9069,6.6001,1.3495,True,,2.32,0.9129,0.9686,1.0645,7.62,0.832,1.1598,41.41,-0.0344,0,False,False,False,False,UNTR,NO_INVESTIGATION,False,0,5,0.0,6.18,,industrials,27,0.0,4.3549999999999995,2,0.07407407407407407,0,0.0,0.7407407407407407,1,6.39,0.0,0.0,THIN,0.6858710562414265,0.0,68.58710562414265,False,,NO_ACTIVITY_CONTEXT,False,NO_INVESTIGATION,False,,,0,0,0,0,0,0,0.0,6.18,,
2026-09-24,24150.0,26.51,7.1721,7.2619,0.9876,True,,0.0,0.645,0.6899,0.8286,14.68,0.7787,1.2849,8.2,-0.2344,0,False,False,False,False,UNTR,NO_INVESTIGATION,False,0,5,0.0,9.65,,industrials,27,0.0,0.0,2,0.07407407407407407,0,0.0,0.8148148148148148,1,0.0,0.0,1.0,THIN,0.7544581618655692,1.0,75.44581618655693,False,,NO_ACTIVITY_CONTEXT,False,NO_INVESTIGATION,False,,,0,0,0,0,0,0,0.0,9.65,,
2026-09-25,24225.0,80.16,4.3165,7.2619,0.5944,True,,1.89,0.5736,0.6151,1.0484,17.04,0.5473,1.3007,12.78,-0.1978,0,True,False,False,False,UNTR,NO_INVESTIGATION,False,0,5,0.0,24.44,,industrials,27,0.0,0.0,1,0.037037037037037035,0,0.0,0.8148148148148148,1,8.32,0.0,0.0,THIN,0.7846364883401921,0.0,78.46364883401921,False,,NO_ACTIVITY_CONTEXT,False,NO_INVESTIGATION,False,,,0,0,0,0,0,0,0.0,24.44,,
2026-09-28,24375.0,92.17,3.4943,7.2619,0.4812,True,,0.0,0.5241,0.5417,0.6055,0.0,0.8639,0.6087,52.47,0.0124,0,True,False,False,False,UNTR,NO_INVESTIGATION,False,0,5,0.0,28.29,,industrials,27,0.0,4.0649999999999995,1,0.037037037037037035,0,0.0,0.5555555555555556,1,2.33,0.0,0.0,THIN,0.5349794238683128,0.0,53.49794238683128,False,,NO_ACTIVITY_CONTEXT,False,NO_INVESTIGATION,False,,,0,0,0,0,0,0,0.0,28.29,,
2026-09-29,25175.0,68.28,5.0256,7.2619,0.6921,True,,48.4,1.3836,1.3843,1.3995,5.15,0.9989,1.1071,48.52,-0.0059,3,True,False,True,False,UNTR,NO_INVESTIGATION,False,0,5,0.0,37.21,,industrials,27,13.22,41.695,3,0.1111111111111111,0,0.0,0.8518518518518519,1,16.57,0.0,1.0,THIN,0.757201646090535,1.0,75.7201646090535,True,75.7201646090535,STOCK_SPECIFIC_ACTIVITY,True,NO_INVESTIGATION,False,,,0,0,0,0,0,0,0.0,37.21,,
